name,parent,parent_frequency,plate,sample,group,var,rep,control,prom_cas,timepoint,generations,efficiency
VB_20240909_Cas_vars_Experiment_T01_PGK1_D1_C3.fcs,root,1,VB_20240909_Cas_vars,C3,T01_PGK1_D1,LbCas12a(CO),1,No,PGK1,T01,0,26.58
VB_20240909_Cas_vars_Experiment_T01_PGK1_D1_D3.fcs,root,1,VB_20240909_Cas_vars,D3,T01_PGK1_D1,FnCas12a(CO),1,No,PGK1,T01,0,72.24000000000001
VB_20240909_Cas_vars_Experiment_T01_PGK1_D1_E3.fcs,root,1,VB_20240909_Cas_vars,E3,T01_PGK1_D1,FnCas12a,1,No,PGK1,T01,0,86.464
VB_20240909_Cas_vars_Experiment_T01_PGK1_D1_F3.fcs,root,1,VB_20240909_Cas_vars,F3,T01_PGK1_D1,LbCas12a,1,No,PGK1,T01,0,10.548
VB_20240909_Cas_vars_Experiment_T01_PGK1_D1_G3.fcs,root,1,VB_20240909_Cas_vars,G3,T01_PGK1_D1,AsCas12a,1,No,PGK1,T01,0,3.4320000000000004
VB_20240909_Cas_vars_Experiment_T01_PGK1_D2_C4.fcs,root,1,VB_20240909_Cas_vars,C4,T01_PGK1_D2,LbCas12a(CO),2,No,PGK1,T01,0,25.344
VB_20240909_Cas_vars_Experiment_T01_PGK1_D2_D4.fcs,root,1,VB_20240909_Cas_vars,D4,T01_PGK1_D2,FnCas12a(CO),2,No,PGK1,T01,0,75.09599999999999
VB_20240909_Cas_vars_Experiment_T01_PGK1_D2_E4.fcs,root,1,VB_20240909_Cas_vars,E4,T01_PGK1_D2,FnCas12a,2,No,PGK1,T01,0,83.75200000000001
VB_20240909_Cas_vars_Experiment_T01_PGK1_D2_F4.fcs,root,1,VB_20240909_Cas_vars,F4,T01_PGK1_D2,LbCas12a,2,No,PGK1,T01,0,11.124
VB_20240909_Cas_vars_Experiment_T01_PGK1_D2_G4.fcs,root,1,VB_20240909_Cas_vars,G4,T01_PGK1_D2,AsCas12a,2,No,PGK1,T01,0,2.94
VB_20240909_Cas_vars_Experiment_T01_TEF_D1_C1.fcs,root,1,VB_20240909_Cas_vars,C1,T01_TEF_D1,LbCas12a(CO),1,No,TEF,T01,0,3.3840000000000003
VB_20240909_Cas_vars_Experiment_T01_TEF_D1_D1.fcs,root,1,VB_20240909_Cas_vars,D1,T01_TEF_D1,FnCas12a(CO),1,No,TEF,T01,0,48.196
VB_20240909_Cas_vars_Experiment_T01_TEF_D1_E1.fcs,root,1,VB_20240909_Cas_vars,E1,T01_TEF_D1,FnCas12a,1,No,TEF,T01,0,77.84
VB_20240909_Cas_vars_Experiment_T01_TEF_D1_F1.fcs,root,1,VB_20240909_Cas_vars,F1,T01_TEF_D1,LbCas12a,1,No,TEF,T01,0,3.512
VB_20240909_Cas_vars_Experiment_T01_TEF_D1_G1.fcs,root,1,VB_20240909_Cas_vars,G1,T01_TEF_D1,AsCas12a,1,No,TEF,T01,0,1.8880000000000001
VB_20240909_Cas_vars_Experiment_T01_TEF_D1_H1.fcs,root,1,VB_20240909_Cas_vars,H1,T01_TEF_D1,MbCas12a,1,No,TEF,T01,0,1.796
VB_20240909_Cas_vars_Experiment_T01_TEF_D2_C2.fcs,root,1,VB_20240909_Cas_vars,C2,T01_TEF_D2,LbCas12a(CO),2,No,TEF,T01,0,4.008
VB_20240909_Cas_vars_Experiment_T01_TEF_D2_D2.fcs,root,1,VB_20240909_Cas_vars,D2,T01_TEF_D2,FnCas12a(CO),2,No,TEF,T01,0,50.69200000000001
VB_20240909_Cas_vars_Experiment_T01_TEF_D2_E2.fcs,root,1,VB_20240909_Cas_vars,E2,T01_TEF_D2,FnCas12a,2,No,TEF,T01,0,83.74000000000001
VB_20240909_Cas_vars_Experiment_T01_TEF_D2_F2.fcs,root,1,VB_20240909_Cas_vars,F2,T01_TEF_D2,LbCas12a,2,No,TEF,T01,0,3.676
VB_20240909_Cas_vars_Experiment_T01_TEF_D2_G2.fcs,root,1,VB_20240909_Cas_vars,G2,T01_TEF_D2,AsCas12a,2,No,TEF,T01,0,1.568
VB_20240909_Cas_vars_Experiment_T01_TEF_D2_H2.fcs,root,1,VB_20240909_Cas_vars,H2,T01_TEF_D2,MbCas12a,2,No,TEF,T01,0,1.424
VB_20240909_Cas_vars_Experiment_T02_PGK1_D1_C7.fcs,root,1,VB_20240909_Cas_vars,C7,T02_PGK1_D1,LbCas12a(CO),1,No,PGK1,T02,5.292781749,79.756
VB_20240909_Cas_vars_Experiment_T02_PGK1_D1_D7.fcs,root,1,VB_20240909_Cas_vars,D7,T02_PGK1_D1,FnCas12a(CO),1,No,PGK1,T02,7.070389328,61.548
VB_20240909_Cas_vars_Experiment_T02_PGK1_D1_E7.fcs,root,1,VB_20240909_Cas_vars,E7,T02_PGK1_D1,FnCas12a,1,No,PGK1,T02,7.478971805,80.156
VB_20240909_Cas_vars_Experiment_T02_PGK1_D1_F7.fcs,root,1,VB_20240909_Cas_vars,F7,T02_PGK1_D1,LbCas12a,1,No,PGK1,T02,5.292781749,60.467999999999996
VB_20240909_Cas_vars_Experiment_T02_PGK1_D1_G7.fcs,root,1,VB_20240909_Cas_vars,G7,T02_PGK1_D1,AsCas12a,1,No,PGK1,T02,4.807354922,57.168
VB_20240909_Cas_vars_Experiment_T02_PGK1_D2_C8.fcs,root,1,VB_20240909_Cas_vars,C8,T02_PGK1_D2,LbCas12a(CO),2,No,PGK1,T02,5.678071905,77.508
VB_20240909_Cas_vars_Experiment_T02_PGK1_D2_D8.fcs,root,1,VB_20240909_Cas_vars,D8,T02_PGK1_D2,FnCas12a(CO),2,No,PGK1,T02,7.307428525,66.656
VB_20240909_Cas_vars_Experiment_T02_PGK1_D2_E8.fcs,root,1,VB_20240909_Cas_vars,E8,T02_PGK1_D2,FnCas12a,2,No,PGK1,T02,7.478971805,78.452
VB_20240909_Cas_vars_Experiment_T02_PGK1_D2_F8.fcs,root,1,VB_20240909_Cas_vars,F8,T02_PGK1_D2,LbCas12a,2,No,PGK1,T02,5.378511623,63.483999999999995
VB_20240909_Cas_vars_Experiment_T02_PGK1_D2_G8.fcs,root,1,VB_20240909_Cas_vars,G8,T02_PGK1_D2,AsCas12a,2,No,PGK1,T02,4.584962501,62.144
VB_20240909_Cas_vars_Experiment_T02_TEF_D1_C5.fcs,root,1,VB_20240909_Cas_vars,C5,T02_TEF_D1,LbCas12a(CO),1,No,TEF,T02,6.857980995,31.408
VB_20240909_Cas_vars_Experiment_T02_TEF_D1_D5.fcs,root,1,VB_20240909_Cas_vars,D5,T02_TEF_D1,FnCas12a(CO),1,No,TEF,T02,7.842978832,76.716
VB_20240909_Cas_vars_Experiment_T02_TEF_D1_E5.fcs,root,1,VB_20240909_Cas_vars,E5,T02_TEF_D1,FnCas12a,1,No,TEF,T02,7.754887502,80.704
VB_20240909_Cas_vars_Experiment_T02_TEF_D1_F5.fcs,root,1,VB_20240909_Cas_vars,F5,T02_TEF_D1,LbCas12a,1,No,TEF,T02,6.459431619,43.616
VB_20240909_Cas_vars_Experiment_T02_TEF_D1_G5.fcs,root,1,VB_20240909_Cas_vars,G5,T02_TEF_D1,AsCas12a,1,No,TEF,T02,6.776103988,25.684
VB_20240909_Cas_vars_Experiment_T02_TEF_D1_H5.fcs,root,1,VB_20240909_Cas_vars,H5,T02_TEF_D1,MbCas12a,1,No,TEF,T02,6.944858446,18.54
VB_20240909_Cas_vars_Experiment_T02_TEF_D2_C6.fcs,root,1,VB_20240909_Cas_vars,C6,T02_TEF_D2,LbCas12a(CO),2,No,TEF,T02,5.459431619,32.572
VB_20240909_Cas_vars_Experiment_T02_TEF_D2_D6.fcs,root,1,VB_20240909_Cas_vars,D6,T02_TEF_D2,FnCas12a(CO),2,No,TEF,T02,6.459431619,79.512
VB_20240909_Cas_vars_Experiment_T02_TEF_D2_E6.fcs,root,1,VB_20240909_Cas_vars,E6,T02_TEF_D2,FnCas12a,2,No,TEF,T02,7.596935142,85.32
VB_20240909_Cas_vars_Experiment_T02_TEF_D2_F6.fcs,root,1,VB_20240909_Cas_vars,F6,T02_TEF_D2,LbCas12a,2,No,TEF,T02,5.40599236,38.54
VB_20240909_Cas_vars_Experiment_T02_TEF_D2_G6.fcs,root,1,VB_20240909_Cas_vars,G6,T02_TEF_D2,AsCas12a,2,No,TEF,T02,5.608809243,23.408
VB_20240909_Cas_vars_Experiment_T02_TEF_D2_H6.fcs,root,1,VB_20240909_Cas_vars,H6,T02_TEF_D2,MbCas12a,2,No,TEF,T02,5.906890596,17.644000000000002
VB_20240909_Cas_vars_Experiment_T03_PGK1_D1_C11.fcs,root,1,VB_20240909_Cas_vars,C11,T03_PGK1_D1,LbCas12a(CO),1,No,PGK1,T03,14.85502417,76.596
VB_20240909_Cas_vars_Experiment_T03_PGK1_D1_D11.fcs,root,1,VB_20240909_Cas_vars,D11,T03_PGK1_D1,FnCas12a(CO),1,No,PGK1,T03,16.75127625,45.284
VB_20240909_Cas_vars_Experiment_T03_PGK1_D1_E11.fcs,root,1,VB_20240909_Cas_vars,E11,T03_PGK1_D1,FnCas12a,1,No,PGK1,T03,17.05337611,66.716
VB_20240909_Cas_vars_Experiment_T03_PGK1_D1_F11.fcs,root,1,VB_20240909_Cas_vars,F11,T03_PGK1_D1,LbCas12a,1,No,PGK1,T03,11.675449,63.732
VB_20240909_Cas_vars_Experiment_T03_PGK1_D1_G11.fcs,root,1,VB_20240909_Cas_vars,G11,T03_PGK1_D1,AsCas12a,1,No,PGK1,T03,14.42500604,70.6478511866581
VB_20240909_Cas_vars_Experiment_T03_PGK1_D2_C12.fcs,root,1,VB_20240909_Cas_vars,C12,T03_PGK1_D2,LbCas12a(CO),2,No,PGK1,T03,14.97819563,71.75200000000001
VB_20240909_Cas_vars_Experiment_T03_PGK1_D2_D12.fcs,root,1,VB_20240909_Cas_vars,D12,T03_PGK1_D2,FnCas12a(CO),2,No,PGK1,T03,16.51493098,49.588
VB_20240909_Cas_vars_Experiment_T03_PGK1_D2_E12.fcs,root,1,VB_20240909_Cas_vars,E12,T03_PGK1_D2,FnCas12a,2,No,PGK1,T03,16.89175333,65.00399999999999
VB_20240909_Cas_vars_Experiment_T03_PGK1_D2_F12.fcs,root,1,VB_20240909_Cas_vars,F12,T03_PGK1_D2,LbCas12a,2,No,PGK1,T03,14.70043972,75.864
VB_20240909_Cas_vars_Experiment_T03_PGK1_D2_G12.fcs,root,1,VB_20240909_Cas_vars,G12,T03_PGK1_D2,AsCas12a,2,No,PGK1,T03,13.99774403,74.168
VB_20240909_Cas_vars_Experiment_T03_TEF_D1_C9.fcs,root,1,VB_20240909_Cas_vars,C9,T03_TEF_D1,LbCas12a(CO),1,No,TEF,T03,15.90674031,62.048
VB_20240909_Cas_vars_Experiment_T03_TEF_D1_D9.fcs,root,1,VB_20240909_Cas_vars,D9,T03_TEF_D1,FnCas12a(CO),1,No,TEF,T03,17.22495431,64.116
VB_20240909_Cas_vars_Experiment_T03_TEF_D1_E9.fcs,root,1,VB_20240909_Cas_vars,E9,T03_TEF_D1,FnCas12a,1,No,TEF,T03,17.33080486,68.66
VB_20240909_Cas_vars_Experiment_T03_TEF_D1_F9.fcs,root,1,VB_20240909_Cas_vars,F9,T03_TEF_D1,LbCas12a,1,No,TEF,T03,15.71304277,69.74000000000001
VB_20240909_Cas_vars_Experiment_T03_TEF_D1_G9.fcs,root,1,VB_20240909_Cas_vars,G9,T03_TEF_D1,AsCas12a,1,No,TEF,T03,15.93799167,42.184
VB_20240909_Cas_vars_Experiment_T03_TEF_D1_H9.fcs,root,1,VB_20240909_Cas_vars,H9,T03_TEF_D1,MbCas12a,1,No,TEF,T03,16.20413093,34.964
VB_20240909_Cas_vars_Experiment_T03_TEF_D2_C10.fcs,root,1,VB_20240909_Cas_vars,C10,T03_TEF_D2,LbCas12a(CO),2,No,TEF,T03,14.79749942,55.324
VB_20240909_Cas_vars_Experiment_T03_TEF_D2_D10.fcs,root,1,VB_20240909_Cas_vars,D10,T03_TEF_D2,FnCas12a(CO),2,No,TEF,T03,15.95288682,68.604
VB_20240909_Cas_vars_Experiment_T03_TEF_D2_E10.fcs,root,1,VB_20240909_Cas_vars,E10,T03_TEF_D2,FnCas12a,2,No,TEF,T03,17.13764441,74.768
VB_20240909_Cas_vars_Experiment_T03_TEF_D2_F10.fcs,root,1,VB_20240909_Cas_vars,F10,T03_TEF_D2,LbCas12a,2,No,TEF,T03,14.78796784,66.684
VB_20240909_Cas_vars_Experiment_T03_TEF_D2_G10.fcs,root,1,VB_20240909_Cas_vars,G10,T03_TEF_D2,AsCas12a,2,No,TEF,T03,15.03171499,37.632
VB_20240909_Cas_vars_Experiment_T03_TEF_D2_H10.fcs,root,1,VB_20240909_Cas_vars,H10,T03_TEF_D2,MbCas12a,2,No,TEF,T03,15.12605912,30.887999999999998
VB_20240911_Cas_vars_P2_Experiment_T04_PGK1_D1_C3.fcs,root,1,VB_20240911_Cas_vars_P2,C3,T04_PGK1_D1,LbCas12a(CO),1,No,PGK1,T04,21.6623791,72.28
VB_20240911_Cas_vars_P2_Experiment_T04_PGK1_D1_D3.fcs,root,1,VB_20240911_Cas_vars_P2,D3,T04_PGK1_D1,FnCas12a(CO),1,No,PGK1,T04,22.95291011,39.176
VB_20240911_Cas_vars_P2_Experiment_T04_PGK1_D1_E3.fcs,root,1,VB_20240911_Cas_vars_P2,E3,T04_PGK1_D1,FnCas12a,1,No,PGK1,T04,23.80826362,60.28
VB_20240911_Cas_vars_P2_Experiment_T04_PGK1_D1_F3.fcs,root,1,VB_20240911_Cas_vars_P2,F3,T04_PGK1_D1,LbCas12a,1,No,PGK1,T04,18.38694391,60.07599999999999
VB_20240911_Cas_vars_P2_Experiment_T04_PGK1_D1_G3.fcs,root,1,VB_20240911_Cas_vars_P2,G3,T04_PGK1_D1,AsCas12a,1,No,PGK1,T04,21.30275029,73.464
VB_20240911_Cas_vars_P2_Experiment_T04_PGK1_D2_C4.fcs,root,1,VB_20240911_Cas_vars_P2,C4,T04_PGK1_D2,LbCas12a(CO),2,No,PGK1,T04,20.46362246,66.192
VB_20240911_Cas_vars_P2_Experiment_T04_PGK1_D2_D4.fcs,root,1,VB_20240911_Cas_vars_P2,D4,T04_PGK1_D2,FnCas12a(CO),2,No,PGK1,T04,20.83685908,42.196
VB_20240911_Cas_vars_P2_Experiment_T04_PGK1_D2_E4.fcs,root,1,VB_20240911_Cas_vars_P2,E4,T04_PGK1_D2,FnCas12a,2,No,PGK1,T04,22.75964979,59.396
VB_20240911_Cas_vars_P2_Experiment_T04_PGK1_D2_F4.fcs,root,1,VB_20240911_Cas_vars_P2,F4,T04_PGK1_D2,LbCas12a,2,No,PGK1,T04,21.51806298,72.556
VB_20240911_Cas_vars_P2_Experiment_T04_PGK1_D2_G4.fcs,root,1,VB_20240911_Cas_vars_P2,G4,T04_PGK1_D2,AsCas12a,2,No,PGK1,T04,19.55845898,74.376
VB_20240911_Cas_vars_P2_Experiment_T04_TEF_D1_C1.fcs,root,1,VB_20240911_Cas_vars_P2,C1,T04_TEF_D1,LbCas12a(CO),1,No,TEF,T04,22.5505965,68.192
VB_20240911_Cas_vars_P2_Experiment_T04_TEF_D1_D1.fcs,root,1,VB_20240911_Cas_vars_P2,D1,T04_TEF_D1,FnCas12a(CO),1,No,TEF,T04,23.8917109,54.656000000000006
VB_20240911_Cas_vars_P2_Experiment_T04_TEF_D1_E1.fcs,root,1,VB_20240911_Cas_vars_P2,E1,T04_TEF_D1,FnCas12a,1,No,TEF,T04,24.12781784,61.596
VB_20240911_Cas_vars_P2_Experiment_T04_TEF_D1_F1.fcs,root,1,VB_20240911_Cas_vars_P2,F1,T04_TEF_D1,LbCas12a,1,No,TEF,T04,21.52039769,72.52
VB_20240911_Cas_vars_P2_Experiment_T04_TEF_D1_G1.fcs,root,1,VB_20240911_Cas_vars_P2,G1,T04_TEF_D1,AsCas12a,1,No,TEF,T04,22.54680091,51.052
VB_20240911_Cas_vars_P2_Experiment_T04_TEF_D1_H1.fcs,root,1,VB_20240911_Cas_vars_P2,H1,T04_TEF_D1,MbCas12a,1,No,TEF,T04,22.14898938,42.136
VB_20240911_Cas_vars_P2_Experiment_T04_TEF_D2_C2.fcs,root,1,VB_20240911_Cas_vars_P2,C2,T04_TEF_D2,LbCas12a(CO),2,No,TEF,T04,20.09028117,62.952
VB_20240911_Cas_vars_P2_Experiment_T04_TEF_D2_D2.fcs,root,1,VB_20240911_Cas_vars_P2,D2,T04_TEF_D2,FnCas12a(CO),2,No,TEF,T04,22.20081433,61.495999999999995
VB_20240911_Cas_vars_P2_Experiment_T04_TEF_D2_E2.fcs,root,1,VB_20240911_Cas_vars_P2,E2,T04_TEF_D2,FnCas12a,2,No,TEF,T04,23.30756941,70.39999999999999
VB_20240911_Cas_vars_P2_Experiment_T04_TEF_D2_F2.fcs,root,1,VB_20240911_Cas_vars_P2,F2,T04_TEF_D2,LbCas12a,2,No,TEF,T04,21.92547136,72.796
VB_20240911_Cas_vars_P2_Experiment_T04_TEF_D2_G2.fcs,root,1,VB_20240911_Cas_vars_P2,G2,T04_TEF_D2,AsCas12a,2,No,TEF,T04,21.51714181,51.62
VB_20240911_Cas_vars_P2_Experiment_T04_TEF_D2_H2.fcs,root,1,VB_20240911_Cas_vars_P2,H2,T04_TEF_D2,MbCas12a,2,No,TEF,T04,21.97405602,43.164
VB_20240916_PGK1_proms_Experiment_ys304_T01_A11.fcs,root,1,VB_20240916_PGK1_proms,A11,ys304_T01,enAsCas12a,1,No,TEF,T01,0,77.66
VB_20240916_PGK1_proms_Experiment_ys304_T01_A12.fcs,root,1,VB_20240916_PGK1_proms,A12,ys304_T01,enAsCas12a,2,No,TEF,T01,0,80.73599999999999
VB_20240916_PGK1_proms_Experiment_ys304_T02_C11.fcs,root,1,VB_20240916_PGK1_proms,C11,ys304_T02,enAsCas12a,1,No,TEF,T02,7.738767837,65.208
VB_20240916_PGK1_proms_Experiment_ys304_T02_C12.fcs,root,1,VB_20240916_PGK1_proms,C12,ys304_T02,enAsCas12a,2,No,TEF,T02,7.300123725,70.176
VB_20240916_PGK1_proms_Experiment_ys318_T01_C3.fcs,root,1,VB_20240916_PGK1_proms,C3,ys318_T01,enAsCas12a,1,No,PGK1,T01,0,72.82
VB_20240916_PGK1_proms_Experiment_ys318_T01_C4.fcs,root,1,VB_20240916_PGK1_proms,C4,ys318_T01,enAsCas12a,2,No,PGK1,T01,0,73.736
VB_20240916_PGK1_proms_Experiment_ys318_T02_G3.fcs,root,1,VB_20240916_PGK1_proms,G3,ys318_T02,enAsCas12a,1,No,PGK1,T02,8.419538892,48.788
VB_20240916_PGK1_proms_Experiment_ys318_T02_G4.fcs,root,1,VB_20240916_PGK1_proms,G4,ys318_T02,enAsCas12a,2,No,PGK1,T02,8.06608919,49.196
VB_20240916_PGK1_proms_P2_Experiment_ys304_T03_A11.fcs,root,1,VB_20240916_PGK1_proms_P2,A11,ys304_T03,enAsCas12a,1,No,TEF,T03,13.29948279,57.02
VB_20240916_PGK1_proms_P2_Experiment_ys304_T03_A12.fcs,root,1,VB_20240916_PGK1_proms_P2,A12,ys304_T03,enAsCas12a,2,No,TEF,T03,12.22612314,60.940000000000005
VB_20240916_PGK1_proms_P2_Experiment_ys304_T04_C11.fcs,root,1,VB_20240916_PGK1_proms_P2,C11,ys304_T04,enAsCas12a,1,No,TEF,T04,22.81715218,44.236
VB_20240916_PGK1_proms_P2_Experiment_ys304_T04_C12.fcs,root,1,VB_20240916_PGK1_proms_P2,C12,ys304_T04,enAsCas12a,2,No,TEF,T04,21.71997859,46.56
VB_20240916_PGK1_proms_P2_Experiment_ys318_T03_C3.fcs,root,1,VB_20240916_PGK1_proms_P2,C3,ys318_T03,enAsCas12a,1,No,PGK1,T03,13.87897051,32.932
VB_20240916_PGK1_proms_P2_Experiment_ys318_T03_C4.fcs,root,1,VB_20240916_PGK1_proms_P2,C4,ys318_T03,enAsCas12a,2,No,PGK1,T03,12.60214209,32.736
VB_20240916_PGK1_proms_P2_Experiment_ys318_T04_G3.fcs,root,1,VB_20240916_PGK1_proms_P2,G3,ys318_T04,enAsCas12a,1,No,PGK1,T04,23.27557529,19.68
VB_20240916_PGK1_proms_P2_Experiment_ys318_T04_G4.fcs,root,1,VB_20240916_PGK1_proms_P2,G4,ys318_T04,enAsCas12a,2,No,PGK1,T04,21.62728165,12.920000000000002
VB_20241007_MbCas12a_PGK1_Experiment_T01_G1.fcs,root,1,VB_20241007_MbCas12a_PGK1,G1,T01,MbCas12a,1,No,PGK1,T01,0,4.972
VB_20241007_MbCas12a_PGK1_Experiment_T01_H1.fcs,root,1,VB_20241007_MbCas12a_PGK1,H1,T01,MbCas12a,2,No,PGK1,T01,0,5.712
VB_20241007_MbCas12a_PGK1_Experiment_T02_G2.fcs,root,1,VB_20241007_MbCas12a_PGK1,G2,T02,MbCas12a,1,No,PGK1,T02,6.264785414,62.036
VB_20241007_MbCas12a_PGK1_Experiment_T02_H2.fcs,root,1,VB_20241007_MbCas12a_PGK1,H2,T02,MbCas12a,2,No,PGK1,T02,6.49848298,63.336000000000006
VB_20241007_MbCas12a_PGK1_Experiment_T03_G3.fcs,root,1,VB_20241007_MbCas12a_PGK1,G3,T03,MbCas12a,1,No,PGK1,T03,14.16976511,66.068
VB_20241007_MbCas12a_PGK1_Experiment_T03_H3.fcs,root,1,VB_20241007_MbCas12a_PGK1,H3,T03,MbCas12a,2,No,PGK1,T03,14.28026127,70.97200000000001
VB_20241007_MbCas12a_PGK1_Experiment_T04_G4.fcs,root,1,VB_20241007_MbCas12a_PGK1,G4,T04,MbCas12a,1,No,PGK1,T04,20.62097622,58.02
VB_20241007_MbCas12a_PGK1_Experiment_T04_H4.fcs,root,1,VB_20241007_MbCas12a_PGK1,H4,T04,MbCas12a,2,No,PGK1,T04,20.67257869,61.832
VB_20240930_Gal_vars_Experiment_T01_constitutive_E4.fcs,root,1,VB_20240930_Gal_vars,E4,T01_constitutive,enAsCas12a_less_NLS,1,No,TEF,T01,0,1.864
VB_20240930_Gal_vars_Experiment_T01_constitutive_F4.fcs,root,1,VB_20240930_Gal_vars,F4,T01_constitutive,enAsCas12a_less_NLS,2,No,TEF,T01,0,2.3560000000000003
VB_20240930_Gal_vars_Experiment_T01_constitutive_G4.fcs,root,1,VB_20240930_Gal_vars,G4,T01_constitutive,enAsCas12a_less_NLS,1,No,PGK1,T01,0,42.128
VB_20240930_Gal_vars_Experiment_T01_constitutive_H4.fcs,root,1,VB_20240930_Gal_vars,H4,T01_constitutive,enAsCas12a_less_NLS,2,No,PGK1,T01,0,40.796
VB_20240930_Gal_vars_Experiment_T02_constitutive_E9.fcs,root,1,VB_20240930_Gal_vars,E9,T02_constitutive,enAsCas12a_less_NLS,1,No,TEF,T02,4.678071905,12.443999999999999
VB_20240930_Gal_vars_Experiment_T02_constitutive_F9.fcs,root,1,VB_20240930_Gal_vars,F9,T02_constitutive,enAsCas12a_less_NLS,2,No,TEF,T02,5.145677455,11.296000000000001
VB_20240930_Gal_vars_Experiment_T02_constitutive_G9.fcs,root,1,VB_20240930_Gal_vars,G9,T02_constitutive,enAsCas12a_less_NLS,1,No,PGK1,T02,6.944858446,57.711999999999996
VB_20240930_Gal_vars_Experiment_T02_constitutive_H9.fcs,root,1,VB_20240930_Gal_vars,H9,T02_constitutive,enAsCas12a_less_NLS,2,No,PGK1,T02,7.169925001,56.108000000000004
VB_20240930_Gal_vars_Experiment_T03_consitutive_E11.fcs,root,1,VB_20240930_Gal_vars,E11,T03_consitutive,enAsCas12a_less_NLS,1,No,TEF,T03,11.39231742,21.572
VB_20240930_Gal_vars_Experiment_T03_consitutive_F11.fcs,root,1,VB_20240930_Gal_vars,F11,T03_consitutive,enAsCas12a_less_NLS,2,No,TEF,T03,12.94009332,20.296
VB_20240930_Gal_vars_Experiment_T03_consitutive_G11.fcs,root,1,VB_20240930_Gal_vars,G11,T03_consitutive,enAsCas12a_less_NLS,1,No,PGK1,T03,14.7809088,49.9
VB_20240930_Gal_vars_Experiment_T03_consitutive_H11.fcs,root,1,VB_20240930_Gal_vars,H11,T03_consitutive,enAsCas12a_less_NLS,2,No,PGK1,T03,14.30947635,44.507999999999996
VB_20240930_Gal_vars_P2_Experiment_T04_constitutive_E5.fcs,root,1,VB_20240930_Gal_vars_P2,E5,T04_constitutive,enAsCas12a_less_NLS,1,No,TEF,T04,19.49297976,28.956
VB_20240930_Gal_vars_P2_Experiment_T04_constitutive_F5.fcs,root,1,VB_20240930_Gal_vars_P2,F5,T04_constitutive,enAsCas12a_less_NLS,2,No,TEF,T04,20.04338113,24.728
VB_20240930_Gal_vars_P2_Experiment_T04_constitutive_G5.fcs,root,1,VB_20240930_Gal_vars_P2,G5,T04_constitutive,enAsCas12a_less_NLS,1,No,PGK1,T04,23.02646151,36.22
VB_20240930_Gal_vars_P2_Experiment_T04_constitutive_H5.fcs,root,1,VB_20240930_Gal_vars_P2,H5,T04_constitutive,enAsCas12a_less_NLS,2,No,PGK1,T04,22.64486671,29.415999999999997
