dist,replicate,frc_alt,frc_ref,hdr_pct,timepoint,strain,cas_variant
0,2,22.9986975252981,76.9972948602344,22.9986975252981,T1,ys85,enAsCas12a
19,1,1.20831416168204,85.3251845479825,1.20831416168204,T2,ys85,enAsCas12a
1,2,78.1942383716878,15.3729723270565,78.1942383716878,T3,ys85,enAsCas12a
7,1,99.8033677023965,0.191641630151616,99.8033677023965,T1,ys85,enAsCas12a
9,2,82.5040787116276,15.2468746559369,82.5040787116276,T2,ys85,enAsCas12a
18,1,92.7687726100774,6.74554793836068,92.7687726100774,T1,ys85,enAsCas12a
3,1,80.6631328971232,3.11726570406517,80.6631328971232,T3,ys85,enAsCas12a
18,1,67.5698307315031,20.2713479673824,67.5698307315031,T3,ys85,enAsCas12a
9,2,76.4592334773564,20.5022803648584,76.4592334773564,T3,ys85,enAsCas12a
23,2,0.424773087018373,99.5642068564788,0.424773087018373,T2,ys85,enAsCas12a
1,1,82.0621058225462,6.41713374710477,82.0621058225462,T3,ys85,enAsCas12a
19,2,7.44207886665401,92.5389387869282,7.44207886665401,T1,ys85,enAsCas12a
18,2,58.7888483092371,4.42787721469319,58.7888483092371,T3,ys85,enAsCas12a
8,1,87.488331476407,10.2994168247563,87.488331476407,T3,ys85,enAsCas12a
16,2,98.8542864283929,0.0779805048737816,98.8542864283929,T1,ys85,enAsCas12a
13,1,88.2578411160705,1.5882388262845,88.2578411160705,T2,ys85,enAsCas12a
9,1,81.7131182838773,15.7040850049573,81.7131182838773,T2,ys85,enAsCas12a
12,2,68.1544028950543,31.2917169280257,68.1544028950543,T3,ys85,enAsCas12a
12,1,98.6421541689564,1.33986111804966,98.6421541689564,S,ys85,enAsCas12a
21,1,2.72940941141171,97.2685902885433,2.72940941141171,S,ys85,enAsCas12a
0,2,5.29979338428517,94.6931856933662,5.29979338428517,T3,ys85,enAsCas12a
21,2,4.79970333844473,95.1992944265713,4.79970333844473,S,ys85,enAsCas12a
4,1,89.0556160524291,0.116886619978621,89.0556160524291,T1,ys85,enAsCas12a
19,1,11.5192321179877,82.9080124640556,11.5192321179877,S,ys85,enAsCas12a
4,2,86.8712821794551,3.08322919270182,86.8712821794551,T1,ys85,enAsCas12a
11,2,76.5062588037842,20.3188843045385,76.5062588037842,T2,ys85,enAsCas12a
12,2,98.556194584232,1.42084032270948,98.556194584232,S,ys85,enAsCas12a
11,1,99.775950709156,0.213046870311469,99.775950709156,T1,ys85,enAsCas12a
2,1,78.8278769791594,3.24276686729492,78.8278769791594,T2,ys85,enAsCas12a
13,2,98.6174009537234,0.697797638684782,98.6174009537234,T1,ys85,enAsCas12a
13,1,96.264706469848,2.33605656872341,96.264706469848,S,ys85,enAsCas12a
18,1,80.8911842421331,14.6849227320042,80.8911842421331,T2,ys85,enAsCas12a
21,2,3.52487736510161,96.4681149264191,3.52487736510161,T1,ys85,enAsCas12a
2,2,85.8457651588065,14.1181424446583,85.8457651588065,T3,ys85,enAsCas12a
4,2,68.564867737601,20.0529450694904,68.564867737601,T2,ys85,enAsCas12a
10,1,82.746701133187,14.7534742052161,82.746701133187,T3,ys85,enAsCas12a
19,2,9.6066331276317,90.070311953032,9.6066331276317,S,ys85,enAsCas12a
10,2,98.2028087360688,1.59828077365186,98.2028087360688,S,ys85,enAsCas12a
16,2,77.141226875951,6.6018659405782,77.141226875951,T3,ys85,enAsCas12a
4,2,86.2259863250944,6.32189086103853,86.2259863250944,S,ys85,enAsCas12a
8,1,84.4982069902408,13.250292175685,84.4982069902408,T2,ys85,enAsCas12a
13,2,88.5270606081776,2.54288879352502,88.5270606081776,T2,ys85,enAsCas12a
5,1,74.8695026099478,19.442611147777,74.8695026099478,T2,ys85,enAsCas12a
14,2,97.1420277088172,1.30535757187475,97.1420277088172,S,ys85,enAsCas12a
14,1,98.4697758206565,1.46016813450761,98.4697758206565,S,ys85,enAsCas12a
18,2,88.82656383032,9.20218360294486,88.82656383032,S,ys85,enAsCas12a
1,2,99.8683932930811,0.126583550166266,99.8683932930811,T1,ys85,enAsCas12a
15,2,68.7978667949797,28.4865070772685,68.7978667949797,T3,ys85,enAsCas12a
23,2,0.210461219278647,99.777569422279,0.210461219278647,T3,ys85,enAsCas12a
21,2,1.41490553954531,98.5810918988152,1.41490553954531,T2,ys85,enAsCas12a
9,1,83.230573350577,14.3372733014527,83.230573350577,T3,ys85,enAsCas12a
7,1,98.0102035722487,1.98979642775132,98.0102035722487,S,ys85,enAsCas12a
18,2,95.4884660784667,0.574195226376968,95.4884660784667,T1,ys85,enAsCas12a
9,1,97.881140048551,1.90807284642511,97.881140048551,S,ys85,enAsCas12a
19,1,9.87354182924145,78.1179342497549,9.87354182924145,T1,ys85,enAsCas12a
12,2,99.8190253364529,0.165976763253145,99.8190253364529,T1,ys85,enAsCas12a
5,1,87.3961440669483,6.35348055016116,87.3961440669483,S,ys85,enAsCas12a
6,2,0.141515115018668,0.378377293347786,0.141515115018668,T1,ys85,enAsCas12a
10,2,85.0971316361596,14.0773245969964,85.0971316361596,T3,ys85,enAsCas12a
8,1,94.8311412727964,5.16285308189698,94.8311412727964,S,ys85,enAsCas12a
15,1,31.3336673346693,27.2324649298597,31.3336673346693,T3,ys85,enAsCas12a
5,2,91.9927097207062,0.0711002513544097,91.9927097207062,T1,ys85,enAsCas12a
15,2,96.5119990424704,3.47902411777614,96.5119990424704,S,ys85,enAsCas12a
2,1,97.5688752049262,2.43012515494422,97.5688752049262,T1,ys85,enAsCas12a
9,2,97.951793935625,1.81349488951523,97.951793935625,T1,ys85,enAsCas12a
2,1,82.5141748582514,17.449825501745,82.5141748582514,T3,ys85,enAsCas12a
14,2,74.3094752011529,22.4340498779072,74.3094752011529,T3,ys85,enAsCas12a
18,2,85.2323380044675,5.45010166978855,85.2323380044675,T2,ys85,enAsCas12a
17,2,95.3022289573778,4.08759270596028,95.3022289573778,S,ys85,enAsCas12a
7,2,80.5561390347587,16.8262065516379,80.5561390347587,T2,ys85,enAsCas12a
20,1,2.38735541403821,43.0153858458216,2.38735541403821,S,ys85,enAsCas12a
22,2,0.737711490658327,99.2592815331569,0.737711490658327,T1,ys85,enAsCas12a
5,2,74.8580128815121,15.8244267927439,74.8580128815121,T2,ys85,enAsCas12a
7,2,98.4658312414366,1.53316864855134,98.4658312414366,S,ys85,enAsCas12a
14,2,98.5240997008175,1.38584536567306,98.5240997008175,T1,ys85,enAsCas12a
7,1,69.9035805805107,4.80601449781137,69.9035805805107,T3,ys85,enAsCas12a
15,1,99.5433561821779,0.0409680449249585,99.5433561821779,T1,ys85,enAsCas12a
4,1,68.8374844583484,16.7779649460554,68.8374844583484,T3,ys85,enAsCas12a
6,2,0.206731830680609,18.4422856913474,0.206731830680609,T3,ys85,enAsCas12a
16,2,96.0163849465795,3.02882315420188,96.0163849465795,S,ys85,enAsCas12a
18,1,86.048862510384,13.4346881787155,86.048862510384,S,ys85,enAsCas12a
7,2,73.066223707647,19.3397642444013,73.066223707647,T3,ys85,enAsCas12a
17,1,99.3922552527938,0.101957177985246,99.3922552527938,T1,ys85,enAsCas12a
22,2,0.220986740795552,99.7740135591864,0.220986740795552,T2,ys85,enAsCas12a
0,1,1.99659897969391,97.9953986195859,1.99659897969391,T3,ys85,enAsCas12a
21,1,8.12008120081201,74.989749897499,8.12008120081201,T3,ys85,enAsCas12a
10,1,98.2309552841466,1.44521958142603,98.2309552841466,S,ys85,enAsCas12a
16,1,99.3565726503412,0.111900408636314,99.3565726503412,T1,ys85,enAsCas12a
13,2,82.9612856684835,7.52444693812119,82.9612856684835,S,ys85,enAsCas12a
21,1,2.52828342336765,97.465725383686,2.52828342336765,T1,ys85,enAsCas12a
3,1,96.2033037357011,3.79169666426686,96.2033037357011,S,ys85,enAsCas12a
1,1,83.7461934002296,16.2488143377764,83.7461934002296,T2,ys85,enAsCas12a
22,1,0.746268656716418,99.2537313432836,0.746268656716418,S,ys85,enAsCas12a
9,1,98.6487161804244,1.1204061847221,98.6487161804244,T1,ys85,enAsCas12a
0,1,42.5234347586345,7.88209935335104,42.5234347586345,S,ys85,enAsCas12a
3,2,98.1917304869647,1.80327705165201,98.1917304869647,T1,ys85,enAsCas12a
4,1,70.3963216552551,16.0017991903643,70.3963216552551,T2,ys85,enAsCas12a
19,2,0.498835384323173,99.4931672548059,0.498835384323173,T3,ys85,enAsCas12a
13,1,97.841798434754807,0.416267369429804,97.841798434754807,T1,ys85,enAsCas12a
1,2,84.4209029648246,15.5670815351804,84.4209029648246,T2,ys85,enAsCas12a
21,2,2.03113268932379,97.9638620551579,2.03113268932379,T3,ys85,enAsCas12a
15,2,99.7854787132732,0.207504235291759,99.7854787132732,T1,ys85,enAsCas12a
12,1,86.6477215873842,11.6862454721928,86.6477215873842,T2,ys85,enAsCas12a
7,1,56.2768439073716,40.9038575132906,56.2768439073716,T2,ys85,enAsCas12a
15,2,85.7718013526879,12.284084438095,85.7718013526879,T2,ys85,enAsCas12a
3,1,77.2354302545761,3.72496568583251,77.2354302545761,T2,ys85,enAsCas12a
3,2,95.4706624732066,4.52332779102145,95.4706624732066,S,ys85,enAsCas12a
20,2,11.0340542382394,76.641077549057,11.0340542382394,T3,ys85,enAsCas12a
14,1,99.578970527937,0.35002450171512,99.578970527937,T1,ys85,enAsCas12a
17,1,45.4892401142926,52.9622155174136,45.4892401142926,T3,ys85,enAsCas12a
17,2,81.3929011757866,3.9473552318996,81.3929011757866,T2,ys85,enAsCas12a
2,2,98.7745537939974,1.21846644730282,98.7745537939974,T1,ys85,enAsCas12a
8,2,94.8640060752613,4.8262355362817,94.8640060752613,S,ys85,enAsCas12a
23,1,1.29685876428743,98.6931500279754,1.29685876428743,S,ys85,enAsCas12a
14,2,73.3621382636656,11.3514871382637,73.3621382636656,T2,ys85,enAsCas12a
14,1,91.3261175906215,7.56353751286741,91.3261175906215,T2,ys85,enAsCas12a
16,2,86.1526578189734,3.60127198130147,86.1526578189734,T2,ys85,enAsCas12a
17,2,70.6764062234569,23.815614601341,70.6764062234569,T3,ys85,enAsCas12a
20,2,17.3940904949286,78.5828001561984,17.3940904949286,T2,ys85,enAsCas12a
7,2,99.9352060447776,0.0628002950617038,99.9352060447776,T1,ys85,enAsCas12a
13,1,66.1363727495088,5.44127671518505,66.1363727495088,T3,ys85,enAsCas12a
16,1,83.9665196471532,12.5481154771451,83.9665196471532,T2,ys85,enAsCas12a
1,1,94.8636354567763,5.13037926700317,94.8636354567763,T1,ys85,enAsCas12a
17,1,96.8028668094733,2.6405877760205,96.8028668094733,S,ys85,enAsCas12a
0,1,18.6067680981104,81.3892306615051,18.6067680981104,T1,ys85,enAsCas12a
23,2,2.26430588659443,97.7276824163278,2.26430588659443,S,ys85,enAsCas12a
23,2,1.81175032316896,98.179231008187,1.81175032316896,T1,ys85,enAsCas12a
3,2,81.3427414137996,3.11601198236482,81.3427414137996,T2,ys85,enAsCas12a
11,2,97.847923961981,2.14007003501751,97.847923961981,S,ys85,enAsCas12a
2,2,97.179423086537,2.81057841323801,97.179423086537,S,ys85,enAsCas12a
12,1,65.8824352134908,21.4939359427761,65.8824352134908,T3,ys85,enAsCas12a
21,1,5.39041659145155,94.6065748039393,5.39041659145155,T2,ys85,enAsCas12a
4,1,87.0490999509701,4.42870150791983,87.0490999509701,S,ys85,enAsCas12a
8,2,99.3523562040878,0.342811453700465,99.3523562040878,T1,ys85,enAsCas12a
5,2,66.416705931889,22.8262939979348,66.416705931889,T3,ys85,enAsCas12a
15,1,9.9895120611297,37.4209658892274,9.9895120611297,T2,ys85,enAsCas12a
1,1,92.0010396049501,7.99596153461685,92.0010396049501,S,ys85,enAsCas12a
23,1,0.139022243558969,99.8499759961594,0.139022243558969,T1,ys85,enAsCas12a
13,2,69.3265517378668,7.40733367838516,69.3265517378668,T3,ys85,enAsCas12a
20,1,0.14606572957831,4.8922014906708,0.14606572957831,T1,ys85,enAsCas12a
10,2,99.6487892735642,0.162097258355013,99.6487892735642,T1,ys85,enAsCas12a
19,1,0.186889735056317,82.6412416674162,0.186889735056317,T3,ys85,enAsCas12a
22,2,1.2873259457241,98.7106719921519,1.2873259457241,S,ys85,enAsCas12a
11,2,58.647054101782,40.8923984588216,58.647054101782,T3,ys85,enAsCas12a
8,2,86.5052874254498,11.1361699994988,86.5052874254498,T2,ys85,enAsCas12a
12,1,99.9160117583538,0.0629911812346272,99.9160117583538,T1,ys85,enAsCas12a
12,2,94.0438871473354,5.54348152673591,94.0438871473354,T2,ys85,enAsCas12a
3,1,99.7981392838941,0.198862784678572,99.7981392838941,T1,ys85,enAsCas12a
17,2,99.2934739036318,0.241521686843582,99.2934739036318,T1,ys85,enAsCas12a
10,1,81.0062729742688,15.5216157903148,81.0062729742688,T2,ys85,enAsCas12a
0,2,45.3264198914937,54.6675742227383,45.3264198914937,S,ys85,enAsCas12a
8,1,97.3248153324017,2.67019365142743,97.3248153324017,T1,ys85,enAsCas12a
10,2,74.5909739760624,25.2213581959931,74.5909739760624,T2,ys85,enAsCas12a
5,2,88.9475948885753,2.13743207949326,88.9475948885753,S,ys85,enAsCas12a
5,1,91.9804567435248,3.54822238463772,91.9804567435248,T1,ys85,enAsCas12a
1,2,97.236889475579,2.75711028441138,97.236889475579,S,ys85,enAsCas12a
20,2,17.4901709700977,82.0476395322082,17.4901709700977,T1,ys85,enAsCas12a
11,2,99.8623427665114,0.131672136380413,99.8623427665114,T1,ys85,enAsCas12a
15,1,97.015104651512,2.74266038056915,97.015104651512,S,ys85,enAsCas12a
11,1,77.1307814033612,19.9166716743785,77.1307814033612,T3,ys85,enAsCas12a
9,2,96.594838787055,3.17128750474744,96.594838787055,S,ys85,enAsCas12a
11,1,97.9821994026511,2.01480386378847,97.9821994026511,S,ys85,enAsCas12a
16,1,76.0172761992362,19.1777808882046,76.0172761992362,T3,ys85,enAsCas12a
2,1,95.9337469975981,4.03722978382706,95.9337469975981,S,ys85,enAsCas12a
14,1,76.2406631535792,22.7954043216975,76.2406631535792,T3,ys85,enAsCas12a
11,1,78.1536398927442,18.6997238564053,78.1536398927442,T2,ys85,enAsCas12a
10,1,99.6965083435165,0.130210941725595,99.6965083435165,T1,ys85,enAsCas12a
19,2,1.08439887454817,98.9055882087893,1.08439887454817,T2,ys85,enAsCas12a
2,2,81.9180769192278,18.0639092100918,81.9180769192278,T2,ys85,enAsCas12a
17,1,69.6614166933163,4.93783978253918,69.6614166933163,T2,ys85,enAsCas12a
5,1,75.0911445363084,19.2110768004781,75.0911445363084,T3,ys85,enAsCas12a
3,2,78.3063844308613,19.9943793722963,78.3063844308613,T3,ys85,enAsCas12a
20,2,11.3362267245345,88.2967659353187,11.3362267245345,S,ys85,enAsCas12a
4,2,70.5627445079747,17.1180660046143,70.5627445079747,T3,ys85,enAsCas12a
16,1,96.5551033468996,2.96791096267112,96.5551033468996,S,ys85,enAsCas12a
6,2,0.16618612846388,1.36653051417588,0.16618612846388,S,ys85,enAsCas12a
0,1,4.55072347909505,95.4422815572788,4.55072347909505,T2,ys85,enAsCas12a
0,2,10.3006603754763,89.6953494403767,10.3006603754763,T2,ys85,enAsCas12a
6,2,0.176310306138804,15.6485414329219,0.176310306138804,T2,ys85,enAsCas12a
8,2,76.4771538193233,21.9054262793363,76.4771538193233,T3,ys85,enAsCas12a
3,2,77.0650757044019,19.7784016845483,77.0650757044019,T2,ys88,FnCas12a
9,2,88.534277773876,8.23208355489561,88.534277773876,T2,ys88,FnCas12a
2,1,89.0514964788732,7.48539532650448,89.0514964788732,T3,ys88,FnCas12a
23,1,55.7263172687941,40.3085756733153,55.7263172687941,T1,ys88,FnCas12a
1,2,83.785084202085,11.3141539695269,83.785084202085,T3,ys88,FnCas12a
10,1,13.20764193017,86.765237655189,13.20764193017,S,ys88,FnCas12a
21,1,70.642928786359093,26.5987963891675,70.642928786359093,T2,ys88,FnCas12a
10,2,92.0571021272751,7.52326550280591,92.0571021272751,T2,ys88,FnCas12a
6,1,0.164264465789922,5.77129177976542,0.164264465789922,T2,ys88,FnCas12a
18,1,91.5755988399514,6.47660334567641,91.5755988399514,T2,ys88,FnCas12a
23,2,68.1160730428494,25.9336266297033,68.1160730428494,T2,ys88,FnCas12a
23,2,4.96505037152757,94.9257946283723,4.96505037152757,S,ys88,FnCas12a
5,1,66.1774778404512,22.5463336019339,66.1774778404512,T2,ys88,FnCas12a
14,1,83.7241019675485,15.2520106700897,83.7241019675485,T1,ys88,FnCas12a
5,2,50.3220547090437,40.2135625289346,50.3220547090437,T1,ys88,FnCas12a
8,1,65.8431955635034,33.6645301291969,65.8431955635034,T1,ys88,FnCas12a
18,2,91.3892988744641,6.82048656084019,91.3892988744641,T2,ys88,FnCas12a
3,2,58.594102037751,38.0834126070195,58.594102037751,T1,ys88,FnCas12a
12,1,85.985657690186,13.7214783611654,85.985657690186,T1,ys88,FnCas12a
15,1,84.5734007544747,14.0410546592824,84.5734007544747,T1,ys88,FnCas12a
18,2,16.4000320763417,83.2060303522383,16.4000320763417,S,ys88,FnCas12a
9,2,11.969201116309,88.012729134459,11.969201116309,S,ys88,FnCas12a
5,2,65.6754691176766,22.0037810985298,65.6754691176766,T2,ys88,FnCas12a
13,2,81.6027798024982,17.9419077193438,81.6027798024982,T1,ys88,FnCas12a
17,2,97.1169364944113,2.05904465941557,97.1169364944113,T3,ys88,FnCas12a
21,2,5.79439814675532,94.204599015213,5.79439814675532,S,ys88,FnCas12a
13,2,14.8072981754561,85.1917020744814,14.8072981754561,S,ys88,FnCas12a
19,1,92.1235861626777,5.79961329232495,92.1235861626777,T2,ys88,FnCas12a
16,2,93.9431037077919,5.04641011489639,93.9431037077919,T2,ys88,FnCas12a
17,1,84.480044912731,13.5399853632618,84.480044912731,T1,ys88,FnCas12a
0,2,35.0486089512707,49.7787765994803,35.0486089512707,T1,ys88,FnCas12a
7,2,89.7870891501592,7.37576862218839,89.7870891501592,T3,ys88,FnCas12a
4,1,82.2547765608762,8.53085778239667,82.2547765608762,T3,ys88,FnCas12a
3,1,89.3279642595987,7.7661247508289,89.3279642595987,T3,ys88,FnCas12a
19,2,15.9393017296605,83.7894378603459,15.9393017296605,S,ys88,FnCas12a
0,1,44.3656430329688,31.894394899318,44.3656430329688,T2,ys88,FnCas12a
14,1,96.044395560444,3.23967603239676,96.044395560444,T3,ys88,FnCas12a
1,1,69.4214130314909,30.5685612022899,69.4214130314909,T2,ys88,FnCas12a
10,1,80.8643644997445,16.9887496368427,80.8643644997445,T1,ys88,FnCas12a
2,2,86.1606242690648,9.50014114610638,86.1606242690648,T3,ys88,FnCas12a
22,2,71.3554322283886,23.5758212089396,71.3554322283886,T2,ys88,FnCas12a
23,1,4.89535722877075,95.0304706920054,4.89535722877075,S,ys88,FnCas12a
8,1,81.9005116143493,17.5084682728744,81.9005116143493,T2,ys88,FnCas12a
1,2,51.4043619954876,48.5886187014289,51.4043619954876,T1,ys88,FnCas12a
18,1,93.7998495109105,4.08929019312767,93.7998495109105,T3,ys88,FnCas12a
13,1,95.5459266894157,3.93771702474708,95.5459266894157,T3,ys88,FnCas12a
19,1,83.9446096542609,14.5815185285312,83.9446096542609,T1,ys88,FnCas12a
5,2,75.5305305305305,10.2332332332332,75.5305305305305,T3,ys88,FnCas12a
22,1,68.1455937929168,28.4050242088274,68.1455937929168,T2,ys88,FnCas12a
1,1,3.46546498644122,96.52655925985,3.46546498644122,S,ys88,FnCas12a
7,2,80.3234528339676,16.7724814740637,80.3234528339676,T2,ys88,FnCas12a
1,1,48.764004625015,51.2320082931303,48.764004625015,T1,ys88,FnCas12a
18,1,16.6583351662634,82.9937413768971,16.6583351662634,S,ys88,FnCas12a
18,1,83.5386158475426,14.2527582748245,83.5386158475426,T1,ys88,FnCas12a
16,2,16.6290602404806,82.9818386032472,16.6290602404806,S,ys88,FnCas12a
11,1,92.4739024024774,5.62509365166575,92.4739024024774,T2,ys88,FnCas12a
22,2,4.991745460003,95.0042523387863,4.991745460003,S,ys88,FnCas12a
20,1,9.11561635075589,90.8783885053107,9.11561635075589,S,ys88,FnCas12a
0,2,41.8471618345389,34.146145985694,41.8471618345389,T2,ys88,FnCas12a
3,1,77.3930854818984,19.6458223543566,77.3930854818984,T2,ys88,FnCas12a
16,1,94.1849399461068,4.84738597774149,94.1849399461068,T2,ys88,FnCas12a
20,2,74.2542166023089,23.1077809567636,74.2542166023089,T1,ys88,FnCas12a
7,2,65.4541808702627,32.3741728494085,65.4541808702627,T1,ys88,FnCas12a
11,2,83.4021983311938,14.7254091784339,83.4021983311938,T1,ys88,FnCas12a
17,1,93.0615107192947,5.4478060508916,93.0615107192947,T2,ys88,FnCas12a
16,1,96.8973317052665,2.05977140340693,96.8973317052665,T3,ys88,FnCas12a
0,1,35.5090097337302,50.1437937414528,35.5090097337302,T1,ys88,FnCas12a
20,1,84.4557241933863,12.7068047039904,84.4557241933863,T2,ys88,FnCas12a
22,2,57.7392993770906,39.1731928615779,57.7392993770906,T1,ys88,FnCas12a
5,1,5.03036770352345,94.967637701828,5.03036770352345,S,ys88,FnCas12a
17,2,85.6857157142143,13.5793210339483,85.6857157142143,T1,ys88,FnCas12a
3,1,58.7925193930526,38.5796468159314,58.7925193930526,T1,ys88,FnCas12a
21,2,58.4680323277587,38.7462991117868,58.4680323277587,T1,ys88,FnCas12a
5,1,50.0497922806876,42.0347439469687,50.0497922806876,T1,ys88,FnCas12a
13,2,91.4917748135658,8.26533377495408,91.4917748135658,T2,ys88,FnCas12a
20,2,84.1941036145306,12.3453683479451,84.1941036145306,T2,ys88,FnCas12a
19,1,96.3400827564096,2.18613178908136,96.3400827564096,T3,ys88,FnCas12a
9,2,77.5001001642694,19.2075003004928,77.5001001642694,T1,ys88,FnCas12a
16,1,86.6898520424574,11.8959070440656,86.6898520424574,T1,ys88,FnCas12a
2,1,4.21577244217171,95.7812312732212,4.21577244217171,S,ys88,FnCas12a
7,1,65.7757809842102,32.3350477295923,65.7757809842102,T1,ys88,FnCas12a
14,1,15.5078132795817,84.4762208873012,15.5078132795817,S,ys88,FnCas12a
4,2,4.18691025898414,95.3694037341899,4.18691025898414,S,ys88,FnCas12a
18,2,94.26125490986,3.40819820727163,94.26125490986,T3,ys88,FnCas12a
7,1,81.7252210213646,16.1082176797022,81.7252210213646,T2,ys88,FnCas12a
4,1,4.20360194135815,95.4023103766395,4.20360194135815,S,ys88,FnCas12a
9,1,12.2538118648969,87.7182660377547,12.2538118648969,S,ys88,FnCas12a
15,2,96.6705408492475,2.54794300943831,96.6705408492475,T3,ys88,FnCas12a
19,2,92.4127191440197,6.28221228713518,92.4127191440197,T2,ys88,FnCas12a
5,2,5.4462113749221,94.5517782111337,5.4462113749221,S,ys88,FnCas12a
10,2,81.8554231419599,17.7007005394959,81.8554231419599,T1,ys88,FnCas12a
19,2,83.7153220863519,15.1040463008551,83.7153220863519,T1,ys88,FnCas12a
12,1,94.1118674994736,5.64550895802212,94.1118674994736,T2,ys88,FnCas12a
4,2,80.7841054825264,8.76683231805066,80.7841054825264,T3,ys88,FnCas12a
6,1,0.160523305977487,2.17709733731966,0.160523305977487,T3,ys88,FnCas12a
6,1,0.132950596766883,15.0898927330412,0.132950596766883,T1,ys88,FnCas12a
7,1,7.28585985733981,92.7101440588224,7.28585985733981,S,ys88,FnCas12a
12,1,97.2168519413565,2.77005799903335,97.2168519413565,T3,ys88,FnCas12a
11,2,14.6267700134191,85.3682228764846,14.6267700134191,S,ys88,FnCas12a
0,2,46.1834825470275,20.0794688663112,46.1834825470275,T3,ys88,FnCas12a
10,2,11.0504706589225,88.927498497897,11.0504706589225,S,ys88,FnCas12a
22,1,56.0601645784561,41.8760738292122,56.0601645784561,T1,ys88,FnCas12a
15,2,17.4068775075288,82.5491000410209,17.4068775075288,S,ys88,FnCas12a
3,2,88.3151873410341,8.5502307205115,88.3151873410341,T3,ys88,FnCas12a
17,1,15.6741286313282,84.0726916110438,15.6741286313282,S,ys88,FnCas12a
18,2,83.5652723569486,14.4962725877171,83.5652723569486,T1,ys88,FnCas12a
0,1,49.1115156025302,18.8497470811251,49.1115156025302,T3,ys88,FnCas12a
13,2,95.5605417100729,3.99270774901835,95.5605417100729,T3,ys88,FnCas12a
19,1,16.6815075688601,83.0303454761929,16.6815075688601,S,ys88,FnCas12a
13,1,91.5947885879727,7.91060980758791,91.5947885879727,T2,ys88,FnCas12a
4,1,53.3948232082459,39.6218272328553,53.3948232082459,T1,ys88,FnCas12a
16,2,96.8747817933346,2.0668535346986,96.8747817933346,T3,ys88,FnCas12a
17,2,15.1715329195522,84.5171333346638,15.1715329195522,S,ys88,FnCas12a
3,1,4.72139472579323,95.2636103724734,4.72139472579323,S,ys88,FnCas12a
15,1,93.3905967450271,5.19690576652602,93.3905967450271,T2,ys88,FnCas12a
12,2,96.0547504025765,2.45571658615137,96.0547504025765,T3,ys88,FnCas12a
14,2,83.5447105487774,14.4690465431541,83.5447105487774,T1,ys88,FnCas12a
17,1,96.2973763864726,2.2716531078105,96.2973763864726,T3,ys88,FnCas12a
0,1,3.39071465832029,96.6032663215762,3.39071465832029,S,ys88,FnCas12a
21,1,55.0698688645934,43.1386474348074,55.0698688645934,T1,ys88,FnCas12a
2,2,55.6678903131331,39.7193637038374,55.6678903131331,T1,ys88,FnCas12a
21,1,5.83840592063699,94.1575828076896,5.83840592063699,S,ys88,FnCas12a
23,2,56.6306380170578,39.6218491596093,56.6306380170578,T1,ys88,FnCas12a
15,1,96.5581143755822,2.14066052950545,96.5581143755822,T3,ys88,FnCas12a
11,1,14.6330976972994,85.3629028226331,14.6330976972994,S,ys88,FnCas12a
2,2,4.35227957421169,95.6396866840731,4.35227957421169,S,ys88,FnCas12a
10,1,91.4782766732969,8.10472430609546,91.4782766732969,T2,ys88,FnCas12a
7,1,91.5108706542431,8.47911030958822,91.5108706542431,T3,ys88,FnCas12a
19,2,96.5286982367353,2.51937984496124,96.5286982367353,T3,ys88,FnCas12a
22,1,5.01042799692649,94.9865783197453,5.01042799692649,S,ys88,FnCas12a
12,2,14.9663147310206,85.0175967823027,14.9663147310206,S,ys88,FnCas12a
9,1,79.2910241321383,17.8672380320085,79.2910241321383,T1,ys88,FnCas12a
8,2,7.20020902211816,92.7877320095266,7.20020902211816,S,ys88,FnCas12a
12,2,82.7782712402319,15.2526472320083,82.7782712402319,T1,ys88,FnCas12a
8,1,7.07841568313663,92.9135827165433,7.07841568313663,S,ys88,FnCas12a
7,2,7.38164774837162,92.6153413823904,7.38164774837162,S,ys88,FnCas12a
0,2,2.19369613692521,97.8063038630748,2.19369613692521,S,ys88,FnCas12a
1,2,3.43346786218414,96.5605678045289,3.43346786218414,S,ys88,FnCas12a
4,1,71.4505119453925,20.0080305159607,71.4505119453925,T2,ys88,FnCas12a
23,1,66.4481897627965,27.4636543030889,66.4481897627965,T2,ys88,FnCas12a
15,2,84.5903998560878,14.5960963812075,84.5903998560878,T1,ys88,FnCas12a
4,2,53.1765154709556,39.6251229845592,53.1765154709556,T1,ys88,FnCas12a
14,2,15.2894339358414,84.7005631633174,15.2894339358414,S,ys88,FnCas12a
2,1,60.2021294710378,36.7108386670272,60.2021294710378,T1,ys88,FnCas12a
5,1,76.7389663328469,10.4232298324191,76.7389663328469,T3,ys88,FnCas12a
3,2,4.62507420039641,95.3568158723451,4.62507420039641,S,ys88,FnCas12a
2,1,77.70030298774,18.6819030037924,77.70030298774,T2,ys88,FnCas12a
21,2,70.4863766249447,25.8934680243088,70.4863766249447,T2,ys88,FnCas12a
1,2,71.4501329388481,28.5408711992483,71.4501329388481,T2,ys88,FnCas12a
14,1,92.7081245741312,6.33492324341657,92.7081245741312,T2,ys88,FnCas12a
8,2,80.5016678591944,18.6649064285642,80.5016678591944,T2,ys88,FnCas12a
20,1,74.3382759487308,23.0862025634582,74.3382759487308,T1,ys88,FnCas12a
9,1,89.3015958669345,7.50367239260125,89.3015958669345,T2,ys88,FnCas12a
13,1,14.1499799759712,85.8430116139367,14.1499799759712,S,ys88,FnCas12a
11,1,83.4675523454147,14.7367473314593,83.4675523454147,T1,ys88,FnCas12a
16,1,16.4214208177542,83.2971495195594,16.4214208177542,S,ys88,FnCas12a
16,2,85.714142487618,12.4601471797237,85.714142487618,T1,ys88,FnCas12a
8,2,63.9083290781846,33.6947706725137,63.9083290781846,T1,ys88,FnCas12a
11,2,92.2154124384608,7.3806892394253,92.2154124384608,T2,ys88,FnCas12a
15,2,93.4522790660209,5.81270074609583,93.4522790660209,T2,ys88,FnCas12a
20,2,9.32230640914846,90.6736740559117,9.32230640914846,S,ys88,FnCas12a
14,2,95.9567545923219,4.04324540767806,95.9567545923219,T2,ys88,FnCas12a
12,2,92.5852669203506,5.77616241126919,92.5852669203506,T2,ys88,FnCas12a
12,1,14.5013595649392,85.4806461932182,14.5013595649392,S,ys88,FnCas12a
15,1,18.1483807302413,81.8486289285608,18.1483807302413,S,ys88,FnCas12a
14,2,96.6435764479769,2.71376804340427,96.6435764479769,T3,ys88,FnCas12a
2,2,73.7310685633115,21.2602284776824,73.7310685633115,T2,ys88,FnCas12a
13,1,81.9029608060917,17.5557089824793,81.9029608060917,T1,ys88,FnCas12a
4,2,70.0542575129637,20.3255450777825,70.0542575129637,T2,ys88,FnCas12a
17,2,93.4960492364534,5.24593126575034,93.4960492364534,T2,ys88,FnCas12a
9,2,94.0047150573466,3.04986620776094,94.0047150573466,T3,ys88,FnCas12a
22,1,77.0905304054392,18.0039452471787,77.0905304054392,T3,ys88,FnCas12a
22,2,79.6879373075847,13.5690296269641,79.6879373075847,T3,ys88,FnCas12a
8,2,90.0194746879509,9.36399503546815,90.0194746879509,T3,ys88,FnCas12a
10,1,95.4684953965192,2.63413073685684,95.4684953965192,T3,ys88,FnCas12a
11,1,96.2020104640537,2.12595025055484,96.2020104640537,T3,ys88,FnCas12a
9,1,94.4461703428302,5.14796516580316,94.4461703428302,T3,ys88,FnCas12a
11,2,96.551104724268,3.24631259605213,96.551104724268,T3,ys88,FnCas12a
23,2,77.6386152547143,14.85766555426,77.6386152547143,T3,ys88,FnCas12a
8,1,90.1483040182032,6.46980054972162,90.1483040182032,T3,ys88,FnCas12a
23,1,75.2479409145042,16.230497483062,75.2479409145042,T3,ys88,FnCas12a
10,2,96.2539981751276,3.30482387975896,96.2539981751276,T3,ys88,FnCas12a
