dist,replicate,frc_alt,frc_ref,hdr_pct,timepoint,strain,cas_variant,true_colony_count
3,2,77.0650757044019,19.7784016845483,77.0650757044019,T2,ys88,FnCas12a,13617
9,2,88.534277773876,8.23208355489561,88.534277773876,T2,ys88,FnCas12a,13622
2,1,89.0514964788732,7.48539532650448,89.0514964788732,T3,ys88,FnCas12a,14223
23,1,55.7263172687941,40.3085756733153,55.7263172687941,T1,ys88,FnCas12a,14102
1,2,83.785084202085,11.3141539695269,83.785084202085,T3,ys88,FnCas12a,12862
10,1,13.20764193017,86.765237655189,13.20764193017,S,ys88,FnCas12a,10959
21,1,70.642928786359093,26.5987963891675,70.642928786359093,T2,ys88,FnCas12a,11366
10,2,92.0571021272751,7.52326550280591,92.0571021272751,T2,ys88,FnCas12a,11239
6,1,0.164264465789922,5.77129177976542,0.164264465789922,T2,ys88,FnCas12a,12837
18,1,91.5755988399514,6.47660334567641,91.5755988399514,T2,ys88,FnCas12a,11532
23,2,68.1160730428494,25.9336266297033,68.1160730428494,T2,ys88,FnCas12a,13337
23,2,4.96505037152757,94.9257946283723,4.96505037152757,S,ys88,FnCas12a,13337
5,1,66.1774778404512,22.5463336019339,66.1774778404512,T2,ys88,FnCas12a,7931
14,1,83.7241019675485,15.2520106700897,83.7241019675485,T1,ys88,FnCas12a,13346
5,2,50.3220547090437,40.2135625289346,50.3220547090437,T1,ys88,FnCas12a,8518
8,1,65.8431955635034,33.6645301291969,65.8431955635034,T1,ys88,FnCas12a,9603
18,2,91.3892988744641,6.82048656084019,91.3892988744641,T2,ys88,FnCas12a,13064
3,2,58.594102037751,38.0834126070195,58.594102037751,T1,ys88,FnCas12a,13617
12,1,85.985657690186,13.7214783611654,85.985657690186,T1,ys88,FnCas12a,13314
15,1,84.5734007544747,14.0410546592824,84.5734007544747,T1,ys88,FnCas12a,9125
18,2,16.4000320763417,83.2060303522383,16.4000320763417,S,ys88,FnCas12a,13064
9,2,11.969201116309,88.012729134459,11.969201116309,S,ys88,FnCas12a,13622
5,2,65.6754691176766,22.0037810985298,65.6754691176766,T2,ys88,FnCas12a,8518
13,2,81.6027798024982,17.9419077193438,81.6027798024982,T1,ys88,FnCas12a,13781
17,2,97.1169364944113,2.05904465941557,97.1169364944113,T3,ys88,FnCas12a,10031
21,2,5.79439814675532,94.204599015213,5.79439814675532,S,ys88,FnCas12a,10330
13,2,14.8072981754561,85.1917020744814,14.8072981754561,S,ys88,FnCas12a,13781
19,1,92.1235861626777,5.79961329232495,92.1235861626777,T2,ys88,FnCas12a,10392
16,2,93.9431037077919,5.04641011489639,93.9431037077919,T2,ys88,FnCas12a,10439
17,1,84.480044912731,13.5399853632618,84.480044912731,T1,ys88,FnCas12a,10079
0,2,35.0486089512707,49.7787765994803,35.0486089512707,T1,ys88,FnCas12a,11923
7,2,89.7870891501592,7.37576862218839,89.7870891501592,T3,ys88,FnCas12a,10367
4,1,82.2547765608762,8.53085778239667,82.2547765608762,T3,ys88,FnCas12a,11253
3,1,89.3279642595987,7.7661247508289,89.3279642595987,T3,ys88,FnCas12a,12966
19,2,15.9393017296605,83.7894378603459,15.9393017296605,S,ys88,FnCas12a,13164
0,1,44.3656430329688,31.894394899318,44.3656430329688,T2,ys88,FnCas12a,12544
14,1,96.044395560444,3.23967603239676,96.044395560444,T3,ys88,FnCas12a,13346
1,1,69.4214130314909,30.5685612022899,69.4214130314909,T2,ys88,FnCas12a,13250
10,1,80.8643644997445,16.9887496368427,80.8643644997445,T1,ys88,FnCas12a,10959
2,2,86.1606242690648,9.50014114610638,86.1606242690648,T3,ys88,FnCas12a,13206
22,2,71.3554322283886,23.5758212089396,71.3554322283886,T2,ys88,FnCas12a,13025
23,1,4.89535722877075,95.0304706920054,4.89535722877075,S,ys88,FnCas12a,14102
8,1,81.9005116143493,17.5084682728744,81.9005116143493,T2,ys88,FnCas12a,9603
1,2,51.4043619954876,48.5886187014289,51.4043619954876,T1,ys88,FnCas12a,12862
18,1,93.7998495109105,4.08929019312767,93.7998495109105,T3,ys88,FnCas12a,11532
13,1,95.5459266894157,3.93771702474708,95.5459266894157,T3,ys88,FnCas12a,14170
19,1,83.9446096542609,14.5815185285312,83.9446096542609,T1,ys88,FnCas12a,10392
5,2,75.5305305305305,10.2332332332332,75.5305305305305,T3,ys88,FnCas12a,8518
22,1,68.1455937929168,28.4050242088274,68.1455937929168,T2,ys88,FnCas12a,11246
1,1,3.46546498644122,96.52655925985,3.46546498644122,S,ys88,FnCas12a,13250
7,2,80.3234528339676,16.7724814740637,80.3234528339676,T2,ys88,FnCas12a,10367
1,1,48.764004625015,51.2320082931303,48.764004625015,T1,ys88,FnCas12a,13250
18,1,16.6583351662634,82.9937413768971,16.6583351662634,S,ys88,FnCas12a,11532
18,1,83.5386158475426,14.2527582748245,83.5386158475426,T1,ys88,FnCas12a,11532
16,2,16.6290602404806,82.9818386032472,16.6290602404806,S,ys88,FnCas12a,10439
11,1,92.4739024024774,5.62509365166575,92.4739024024774,T2,ys88,FnCas12a,13043
22,2,4.991745460003,95.0042523387863,4.991745460003,S,ys88,FnCas12a,13025
20,1,9.11561635075589,90.8783885053107,9.11561635075589,S,ys88,FnCas12a,13504
0,2,41.8471618345389,34.146145985694,41.8471618345389,T2,ys88,FnCas12a,11923
3,1,77.3930854818984,19.6458223543566,77.3930854818984,T2,ys88,FnCas12a,12966
16,1,94.1849399461068,4.84738597774149,94.1849399461068,T2,ys88,FnCas12a,12425
20,2,74.2542166023089,23.1077809567636,74.2542166023089,T1,ys88,FnCas12a,12035
7,2,65.4541808702627,32.3741728494085,65.4541808702627,T1,ys88,FnCas12a,10367
11,2,83.4021983311938,14.7254091784339,83.4021983311938,T1,ys88,FnCas12a,12240
17,1,93.0615107192947,5.4478060508916,93.0615107192947,T2,ys88,FnCas12a,10079
16,1,96.8973317052665,2.05977140340693,96.8973317052665,T3,ys88,FnCas12a,12425
0,1,35.5090097337302,50.1437937414528,35.5090097337302,T1,ys88,FnCas12a,12544
20,1,84.4557241933863,12.7068047039904,84.4557241933863,T2,ys88,FnCas12a,13504
22,2,57.7392993770906,39.1731928615779,57.7392993770906,T1,ys88,FnCas12a,13025
5,1,5.03036770352345,94.967637701828,5.03036770352345,S,ys88,FnCas12a,7931
17,2,85.6857157142143,13.5793210339483,85.6857157142143,T1,ys88,FnCas12a,10031
3,1,58.7925193930526,38.5796468159314,58.7925193930526,T1,ys88,FnCas12a,12966
21,2,58.4680323277587,38.7462991117868,58.4680323277587,T1,ys88,FnCas12a,10330
5,1,50.0497922806876,42.0347439469687,50.0497922806876,T1,ys88,FnCas12a,7931
13,2,91.4917748135658,8.26533377495408,91.4917748135658,T2,ys88,FnCas12a,13781
20,2,84.1941036145306,12.3453683479451,84.1941036145306,T2,ys88,FnCas12a,12035
19,1,96.3400827564096,2.18613178908136,96.3400827564096,T3,ys88,FnCas12a,10392
9,2,77.5001001642694,19.2075003004928,77.5001001642694,T1,ys88,FnCas12a,13622
16,1,86.6898520424574,11.8959070440656,86.6898520424574,T1,ys88,FnCas12a,12425
2,1,4.21577244217171,95.7812312732212,4.21577244217171,S,ys88,FnCas12a,14223
7,1,65.7757809842102,32.3350477295923,65.7757809842102,T1,ys88,FnCas12a,10213
14,1,15.5078132795817,84.4762208873012,15.5078132795817,S,ys88,FnCas12a,13346
4,2,4.18691025898414,95.3694037341899,4.18691025898414,S,ys88,FnCas12a,11012
18,2,94.26125490986,3.40819820727163,94.26125490986,T3,ys88,FnCas12a,13064
7,1,81.7252210213646,16.1082176797022,81.7252210213646,T2,ys88,FnCas12a,10213
4,1,4.20360194135815,95.4023103766395,4.20360194135815,S,ys88,FnCas12a,11253
9,1,12.2538118648969,87.7182660377547,12.2538118648969,S,ys88,FnCas12a,13572
15,2,96.6705408492475,2.54794300943831,96.6705408492475,T3,ys88,FnCas12a,6769
19,2,92.4127191440197,6.28221228713518,92.4127191440197,T2,ys88,FnCas12a,13164
5,2,5.4462113749221,94.5517782111337,5.4462113749221,S,ys88,FnCas12a,8518
10,2,81.8554231419599,17.7007005394959,81.8554231419599,T1,ys88,FnCas12a,11239
19,2,83.7153220863519,15.1040463008551,83.7153220863519,T1,ys88,FnCas12a,13164
12,1,94.1118674994736,5.64550895802212,94.1118674994736,T2,ys88,FnCas12a,13314
4,2,80.7841054825264,8.76683231805066,80.7841054825264,T3,ys88,FnCas12a,11012
6,1,0.160523305977487,2.17709733731966,0.160523305977487,T3,ys88,FnCas12a,12837
6,1,0.132950596766883,15.0898927330412,0.132950596766883,T1,ys88,FnCas12a,12837
7,1,7.28585985733981,92.7101440588224,7.28585985733981,S,ys88,FnCas12a,10213
12,1,97.2168519413565,2.77005799903335,97.2168519413565,T3,ys88,FnCas12a,13314
11,2,14.6267700134191,85.3682228764846,14.6267700134191,S,ys88,FnCas12a,12240
0,2,46.1834825470275,20.0794688663112,46.1834825470275,T3,ys88,FnCas12a,11923
10,2,11.0504706589225,88.927498497897,11.0504706589225,S,ys88,FnCas12a,11239
22,1,56.0601645784561,41.8760738292122,56.0601645784561,T1,ys88,FnCas12a,11246
15,2,17.4068775075288,82.5491000410209,17.4068775075288,S,ys88,FnCas12a,6769
3,2,88.3151873410341,8.5502307205115,88.3151873410341,T3,ys88,FnCas12a,13617
17,1,15.6741286313282,84.0726916110438,15.6741286313282,S,ys88,FnCas12a,10079
18,2,83.5652723569486,14.4962725877171,83.5652723569486,T1,ys88,FnCas12a,13064
0,1,49.1115156025302,18.8497470811251,49.1115156025302,T3,ys88,FnCas12a,12544
13,2,95.5605417100729,3.99270774901835,95.5605417100729,T3,ys88,FnCas12a,13781
19,1,16.6815075688601,83.0303454761929,16.6815075688601,S,ys88,FnCas12a,10392
13,1,91.5947885879727,7.91060980758791,91.5947885879727,T2,ys88,FnCas12a,14170
4,1,53.3948232082459,39.6218272328553,53.3948232082459,T1,ys88,FnCas12a,11253
16,2,96.8747817933346,2.0668535346986,96.8747817933346,T3,ys88,FnCas12a,10439
17,2,15.1715329195522,84.5171333346638,15.1715329195522,S,ys88,FnCas12a,10031
3,1,4.72139472579323,95.2636103724734,4.72139472579323,S,ys88,FnCas12a,12966
15,1,93.3905967450271,5.19690576652602,93.3905967450271,T2,ys88,FnCas12a,9125
12,2,96.0547504025765,2.45571658615137,96.0547504025765,T3,ys88,FnCas12a,9934
14,2,83.5447105487774,14.4690465431541,83.5447105487774,T1,ys88,FnCas12a,12858
17,1,96.2973763864726,2.2716531078105,96.2973763864726,T3,ys88,FnCas12a,10079
0,1,3.39071465832029,96.6032663215762,3.39071465832029,S,ys88,FnCas12a,12544
21,1,55.0698688645934,43.1386474348074,55.0698688645934,T1,ys88,FnCas12a,11366
2,2,55.6678903131331,39.7193637038374,55.6678903131331,T1,ys88,FnCas12a,13206
21,1,5.83840592063699,94.1575828076896,5.83840592063699,S,ys88,FnCas12a,11366
23,2,56.6306380170578,39.6218491596093,56.6306380170578,T1,ys88,FnCas12a,13337
15,1,96.5581143755822,2.14066052950545,96.5581143755822,T3,ys88,FnCas12a,9125
11,1,14.6330976972994,85.3629028226331,14.6330976972994,S,ys88,FnCas12a,13043
2,2,4.35227957421169,95.6396866840731,4.35227957421169,S,ys88,FnCas12a,13206
10,1,91.4782766732969,8.10472430609546,91.4782766732969,T2,ys88,FnCas12a,10959
7,1,91.5108706542431,8.47911030958822,91.5108706542431,T3,ys88,FnCas12a,10213
19,2,96.5286982367353,2.51937984496124,96.5286982367353,T3,ys88,FnCas12a,13164
22,1,5.01042799692649,94.9865783197453,5.01042799692649,S,ys88,FnCas12a,11246
12,2,14.9663147310206,85.0175967823027,14.9663147310206,S,ys88,FnCas12a,9934
9,1,79.2910241321383,17.8672380320085,79.2910241321383,T1,ys88,FnCas12a,13572
8,2,7.20020902211816,92.7877320095266,7.20020902211816,S,ys88,FnCas12a,10103
12,2,82.7782712402319,15.2526472320083,82.7782712402319,T1,ys88,FnCas12a,9934
8,1,7.07841568313663,92.9135827165433,7.07841568313663,S,ys88,FnCas12a,9603
7,2,7.38164774837162,92.6153413823904,7.38164774837162,S,ys88,FnCas12a,10367
0,2,2.19369613692521,97.8063038630748,2.19369613692521,S,ys88,FnCas12a,11923
1,2,3.43346786218414,96.5605678045289,3.43346786218414,S,ys88,FnCas12a,12862
4,1,71.4505119453925,20.0080305159607,71.4505119453925,T2,ys88,FnCas12a,11253
23,1,66.4481897627965,27.4636543030889,66.4481897627965,T2,ys88,FnCas12a,14102
15,2,84.5903998560878,14.5960963812075,84.5903998560878,T1,ys88,FnCas12a,6769
4,2,53.1765154709556,39.6251229845592,53.1765154709556,T1,ys88,FnCas12a,11012
14,2,15.2894339358414,84.7005631633174,15.2894339358414,S,ys88,FnCas12a,12858
2,1,60.2021294710378,36.7108386670272,60.2021294710378,T1,ys88,FnCas12a,14223
5,1,76.7389663328469,10.4232298324191,76.7389663328469,T3,ys88,FnCas12a,7931
3,2,4.62507420039641,95.3568158723451,4.62507420039641,S,ys88,FnCas12a,13617
2,1,77.70030298774,18.6819030037924,77.70030298774,T2,ys88,FnCas12a,14223
21,2,70.4863766249447,25.8934680243088,70.4863766249447,T2,ys88,FnCas12a,10330
1,2,71.4501329388481,28.5408711992483,71.4501329388481,T2,ys88,FnCas12a,12862
14,1,92.7081245741312,6.33492324341657,92.7081245741312,T2,ys88,FnCas12a,13346
8,2,80.5016678591944,18.6649064285642,80.5016678591944,T2,ys88,FnCas12a,10103
20,1,74.3382759487308,23.0862025634582,74.3382759487308,T1,ys88,FnCas12a,13504
9,1,89.3015958669345,7.50367239260125,89.3015958669345,T2,ys88,FnCas12a,13572
13,1,14.1499799759712,85.8430116139367,14.1499799759712,S,ys88,FnCas12a,14170
11,1,83.4675523454147,14.7367473314593,83.4675523454147,T1,ys88,FnCas12a,13043
16,1,16.4214208177542,83.2971495195594,16.4214208177542,S,ys88,FnCas12a,12425
16,2,85.714142487618,12.4601471797237,85.714142487618,T1,ys88,FnCas12a,10439
8,2,63.9083290781846,33.6947706725137,63.9083290781846,T1,ys88,FnCas12a,10103
11,2,92.2154124384608,7.3806892394253,92.2154124384608,T2,ys88,FnCas12a,12240
15,2,93.4522790660209,5.81270074609583,93.4522790660209,T2,ys88,FnCas12a,6769
20,2,9.32230640914846,90.6736740559117,9.32230640914846,S,ys88,FnCas12a,12035
14,2,95.9567545923219,4.04324540767806,95.9567545923219,T2,ys88,FnCas12a,12858
12,2,92.5852669203506,5.77616241126919,92.5852669203506,T2,ys88,FnCas12a,9934
12,1,14.5013595649392,85.4806461932182,14.5013595649392,S,ys88,FnCas12a,13314
15,1,18.1483807302413,81.8486289285608,18.1483807302413,S,ys88,FnCas12a,9125
14,2,96.6435764479769,2.71376804340427,96.6435764479769,T3,ys88,FnCas12a,12858
2,2,73.7310685633115,21.2602284776824,73.7310685633115,T2,ys88,FnCas12a,13206
13,1,81.9029608060917,17.5557089824793,81.9029608060917,T1,ys88,FnCas12a,14170
4,2,70.0542575129637,20.3255450777825,70.0542575129637,T2,ys88,FnCas12a,11012
17,2,93.4960492364534,5.24593126575034,93.4960492364534,T2,ys88,FnCas12a,10031
9,2,94.0047150573466,3.04986620776094,94.0047150573466,T3,ys88,FnCas12a,13622
22,1,77.0905304054392,18.0039452471787,77.0905304054392,T3,ys88,FnCas12a,11246
22,2,79.6879373075847,13.5690296269641,79.6879373075847,T3,ys88,FnCas12a,13025
8,2,90.0194746879509,9.36399503546815,90.0194746879509,T3,ys88,FnCas12a,10103
10,1,95.4684953965192,2.63413073685684,95.4684953965192,T3,ys88,FnCas12a,10959
11,1,96.2020104640537,2.12595025055484,96.2020104640537,T3,ys88,FnCas12a,13043
9,1,94.4461703428302,5.14796516580316,94.4461703428302,T3,ys88,FnCas12a,13572
11,2,96.551104724268,3.24631259605213,96.551104724268,T3,ys88,FnCas12a,12240
23,2,77.6386152547143,14.85766555426,77.6386152547143,T3,ys88,FnCas12a,13337
8,1,90.1483040182032,6.46980054972162,90.1483040182032,T3,ys88,FnCas12a,9603
23,1,75.2479409145042,16.230497483062,75.2479409145042,T3,ys88,FnCas12a,14102
10,2,96.2539981751276,3.30482387975896,96.2539981751276,T3,ys88,FnCas12a,11239
