1,sample,guide_length,strain,replicate,timepoint,frc_alt,frc_ref,hdr_pct,cas_variant
1,5038_VB3_400_AD_A04_length_19_ys88_49_2_S_S404,19,ys88,2,S,3.42794213345347,96.551033688742,3.42794213345347,FnCas12a
2,5038_VB3_306_AD_A04_length_20_ys85_2_1_2_T1_S310,20,ys85,2,T1,88.299751504446,11.6912667285411,88.299751504446,enAsCas12a
3,5038_VB3_290_AD_A04_length_20_ys85_2_1_1_T1_S294,20,ys85,1,T1,94.185243390957,5.80474669923224,94.185243390957,enAsCas12a
4,5038_VB3_287_AD_A04_length_18_ys85_2_1_S_S291,18,ys85,1,S,95.6780297341943,4.31095760124143,95.6780297341943,enAsCas12a
5,5038_VB3_224_AD_A04_length_16_ys88_1_1_T1_S228,16,ys88,1,T1,0.177132849637228,99.8048536402302,0.177132849637228,FnCas12a
6,5038_VB3_245_AD_A04_length_16_ys85_1_2_T3_S249,16,ys85,2,T3,18.6419506345558,81.3350654541821,18.6419506345558,enAsCas12a
7,5038_VB3_281_AD_A04_length_21_ys88_11_2_T3_S285,21,ys88,2,T3,76.7598224395523,23.1850656833372,76.7598224395523,FnCas12a
8,5038_VB3_303_AD_A04_length_18_ys85_2_2_S_S307,18,ys85,2,S,97.2836689978089,2.7063260997889,97.2836689978089,enAsCas12a
9,5038_VB3_277_AD_A04_length_21_ys85_11_2_T2_S281,21,ys85,2,T2,95.1123157242014,4.83367671474006,95.1123157242014,enAsCas12a
10,5038_VB3_375_AD_A04_length_20_ys85_2_1_2_T3_S379,20,ys85,2,T3,66.0366432030353,33.8944635814488,66.0366432030353,enAsCas12a
11,5038_VB3_276_AD_A04_length_23_ys88_A04_2_T1_S280,23,ys88,2,T1,43.1167842257134,56.8731965373517,43.1167842257134,FnCas12a
12,5038_VB3_221_AD_A04_length_22_ys85_46_1_S_S225,22,ys85,1,S,94.0240519891456,5.93088808114793,94.0240519891456,enAsCas12a
13,5038_VB3_230_AD_A04_length_20_ys88_2_1_1_T3_S234,20,ys88,1,T3,82.576432770206,17.3474599184851,82.576432770206,FnCas12a
14,5038_VB3_263_AD_A04_length_23_ys85_A04_1_T3_S267,23,ys85,1,T3,93.6057299044351,6.32942960317619,93.6057299044351,enAsCas12a
15,5038_VB3_296_AD_A04_length_16_ys88_1_1_T3_S300,16,ys88,1,T3,0.462893684095013,99.5131635391414,0.462893684095013,FnCas12a
16,5038_VB3_294_AD_A04_length_20_ys88_2_1_1_T2_S298,20,ys88,1,T2,74.8555752460477,17.5682575916859,74.8555752460477,FnCas12a
17,5038_VB3_328_AD_A04_length_17_ys88_51_1_T3_S332,17,ys88,1,T3,8.93888354186718,91.0380574270132,8.93888354186718,FnCas12a
18,5038_VB3_288_AD_A04_length_16_ys88_1_1_S_S292,16,ys88,1,S,0.18172015096751,99.8043013758811,0.18172015096751,FnCas12a
19,5038_VB3_399_AD_A04_length_21_ys85_11_2_S_S403,21,ys85,2,S,92.9309293092931,7.05907059070591,92.9309293092931,enAsCas12a
20,5038_VB3_313_AD_A04_length_22_ys88_46_2_T3_S317,22,ys88,2,T3,79.745136147789,20.1967580997415,79.745136147789,FnCas12a
21,5038_VB3_360_AD_A04_length_18_ys88_2_1_T3_S364,18,ys88,1,T3,8.06989769846598,91.9130687454285,8.06989769846598,FnCas12a
22,5038_VB3_325_AD_A04_length_23_ys85_A04_1_T2_S329,23,ys85,1,T2,94.0130260521042,5.92685370741483,94.0130260521042,enAsCas12a
23,5038_VB3_359_AD_A04_length_20_ys85_2_1_1_T3_S363,20,ys85,1,T3,88.6202233685581,11.3046526769169,88.6202233685581,enAsCas12a
24,5038_VB3_388_AD_A04_length_19_ys85_49_1_T2_S392,19,ys85,1,T2,91.2490127270728,8.7369904921868,91.2490127270728,enAsCas12a
25,5038_VB3_321_AD_A04_length_23_ys88_A04_1_S_S325,23,ys88,1,S,3.43788301955032,96.5460427173542,3.43788301955032,FnCas12a
26,5038_VB3_228_AD_A04_length_16_ys85_1_1_T3_S232,16,ys85,1,T3,19.4743166115951,80.5036547511765,19.4743166115951,enAsCas12a
27,5038_VB3_383_AD_A04_length_21_ys85_11_1_S_S387,21,ys85,1,S,94.6272511587398,5.36073598750663,94.6272511587398,enAsCas12a
28,5038_VB3_369_AD_A04_length_16_ys85_1_2_T1_S373,16,ys85,2,T1,6.53332003192338,93.4487230646448,6.53332003192338,enAsCas12a
29,5038_VB3_338_AD_A04_length_21_ys85_11_2_T1_S342,21,ys85,2,T1,96.3979520128501,3.59502058026303,96.3979520128501,enAsCas12a
30,5038_VB3_385_AD_A04_length_17_ys85_51_1_T1_S389,17,ys85,1,T1,95.0098804367353,4.97415118066229,95.0098804367353,enAsCas12a
31,5038_VB3_403_AD_A04_length_21_ys88_11_2_T1_S407,21,ys88,2,T1,35.1957994308389,64.7931780832899,35.1957994308389,FnCas12a
32,5038_VB3_341_AD_A04_length_23_ys85_A04_2_T2_S345,23,ys85,2,T2,90.4221802142407,9.53981256438723,90.4221802142407,enAsCas12a
33,5038_VB3_376_AD_A04_length_18_ys88_2_2_T3_S380,18,ys88,2,T3,8.21153441591617,91.7674283481763,8.21153441591617,FnCas12a
34,5038_VB3_408_AD_A04_length_19_ys88_49_2_T3_S412,19,ys88,2,T3,83.2886247369838,16.6306006242583,83.2886247369838,FnCas12a
35,5038_VB3_340_AD_A04_length_17_ys85_51_2_T2_S344,17,ys85,2,T2,96.5938759790731,3.34310322406394,96.5938759790731,enAsCas12a
36,5038_VB3_406_AD_A04_length_23_ys88_A04_2_T2_S410,23,ys88,2,T2,62.8993786329926,32.3261174584085,62.8993786329926,FnCas12a
37,5038_VB3_295_AD_A04_length_18_ys85_2_1_T3_S299,18,ys85,1,T3,91.8121354957258,8.12594870975473,91.8121354957258,enAsCas12a
38,5038_VB3_345_AD_A04_length_23_ys88_A04_2_T3_S349,23,ys88,2,T3,81.4025520995178,14.502661360652,81.4025520995178,FnCas12a
39,5038_VB3_312_AD_A04_length_16_ys88_1_2_T3_S316,16,ys88,2,T3,0.347824343694556,99.638142397482,0.347824343694556,FnCas12a
40,5038_VB3_271_AD_A04_length_17_ys85_51_2_S_S275,17,ys85,2,S,97.9082799748274,2.07873417974408,97.9082799748274,enAsCas12a
41,5038_VB3_404_AD_A04_length_19_ys85_49_2_T2_S408,19,ys85,2,T2,84.8199390639828,15.1700714250037,84.8199390639828,enAsCas12a
42,5038_VB3_401_AD_A04_length_17_ys85_51_2_T1_S405,17,ys85,2,T1,97.7356566595687,2.24834797908606,97.7356566595687,enAsCas12a
43,5038_VB3_244_AD_A04_length_18_ys88_2_2_T2_S248,18,ys88,2,T2,7.03434444722988,79.8886939082477,7.03434444722988,FnCas12a
44,5038_VB3_305_AD_A04_length_22_ys88_46_2_S_S309,22,ys88,2,S,3.149260143675,96.8247624566627,3.149260143675,FnCas12a
45,5038_VB3_257_AD_A04_length_19_ys85_49_1_T1_S261,19,ys85,1,T1,93.970602939706,6.02139786021398,93.970602939706,enAsCas12a
46,5038_VB3_309_AD_A04_length_22_ys85_46_2_T2_S313,22,ys85,2,T2,91.1420818452084,8.79207486182885,91.1420818452084,enAsCas12a
47,5038_VB3_229_AD_A04_length_22_ys85_46_1_T3_S233,22,ys85,1,T3,93.62129633332,6.29873245631573,93.62129633332,enAsCas12a
48,5038_VB3_239_AD_A04_length_20_ys88_2_1_2_S_S243,20,ys88,2,S,3.33303315022164,96.6489558630765,3.33303315022164,FnCas12a
49,5038_VB3_223_AD_A04_length_18_ys85_2_2_T1_S227,18,ys85,2,T1,97.1057164603613,2.84621239434363,97.1057164603613,enAsCas12a
50,5038_VB3_255_AD_A04_length_23_ys85_A04_1_S_S259,23,ys85,1,S,90.4656850511605,9.52033940603943,90.4656850511605,enAsCas12a
51,5038_VB3_353_AD_A04_length_16_ys85_1_1_T1_S357,16,ys85,1,T1,5.96409149072297,94.0209133077415,5.96409149072297,enAsCas12a
52,5038_VB3_402_AD_A04_length_23_ys85_A04_2_T1_S406,23,ys85,2,T1,93.4062087450494,6.57778933472017,93.4062087450494,enAsCas12a
53,5038_VB3_225_AD_A04_length_22_ys88_46_1_T1_S229,22,ys88,1,T1,40.7017193122751,59.2862854858057,40.7017193122751,FnCas12a
54,5038_VB3_220_AD_A04_length_16_ys85_1_1_S_S224,16,ys85,1,S,0.696602936326294,99.2864067481536,0.696602936326294,enAsCas12a
55,5038_VB3_320_AD_A04_length_17_ys88_51_1_S_S324,17,ys88,1,S,0.685784914725437,99.2942794772884,0.685784914725437,FnCas12a
56,5038_VB3_275_AD_A04_length_17_ys88_51_2_T1_S279,17,ys88,2,T1,4.56966191283535,95.404408098135,4.56966191283535,FnCas12a
57,5038_VB3_278_AD_A04_length_19_ys88_49_2_T2_S282,19,ys88,2,T2,61.5762430104277,38.3104125736739,61.5762430104277,FnCas12a
58,5038_VB3_358_AD_A04_length_22_ys88_46_1_T2_S362,22,ys88,1,T2,60.4212860310421,39.5619162803198,60.4212860310421,FnCas12a
59,5038_VB3_336_AD_A04_length_17_ys88_51_2_S_S340,17,ys88,2,S,0.619284871040679,99.3627068451488,0.619284871040679,FnCas12a
60,5038_VB3_291_AD_A04_length_18_ys88_2_1_T1_S295,18,ys88,1,T1,4.01330754662151,95.965648893209,4.01330754662151,FnCas12a
61,5038_VB3_310_AD_A04_length_20_ys88_2_1_2_T2_S314,20,ys88,2,T2,62.5566355960959,37.4303906109658,62.5566355960959,FnCas12a
62,5038_VB3_322_AD_A04_length_21_ys85_11_1_T1_S326,21,ys85,1,T1,96.4246683844835,3.56330021355739,96.4246683844835,enAsCas12a
63,5038_VB3_243_AD_A04_length_20_ys85_2_1_2_T2_S247,20,ys85,2,T2,78.7151440148506,21.2319607177788,78.7151440148506,enAsCas12a
64,5038_VB3_374_AD_A04_length_22_ys88_46_2_T2_S378,22,ys88,2,T2,61.9677503147042,37.9733050932124,61.9677503147042,FnCas12a
65,5038_VB3_241_AD_A04_length_16_ys88_1_2_T1_S245,16,ys88,2,T1,4.85545775881923,13.3397418566694,4.85545775881923,FnCas12a
66,5038_VB3_240_AD_A04_length_18_ys85_2_1_T1_S244,18,ys85,1,T1,95.0691124402392,4.9218859394691,95.0691124402392,enAsCas12a
67,5038_VB3_227_AD_A04_length_18_ys88_2_1_T2_S231,18,ys88,1,T2,6.53790197160488,92.5992073446044,6.53790197160488,FnCas12a
68,5038_VB3_384_AD_A04_length_19_ys88_49_1_S_S388,19,ys88,1,S,3.56508551016743,96.4239388557403,3.56508551016743,FnCas12a
69,5038_VB3_352_AD_A04_length_18_ys88_2_1_S_S356,18,ys88,1,S,0.627717527112799,99.3592883202559,0.627717527112799,FnCas12a
70,5038_VB3_355_AD_A04_length_20_ys88_2_1_1_T1_S359,20,ys88,1,T1,39.7438463077847,60.2481488893336,39.7438463077847,FnCas12a
71,5038_VB3_319_AD_A04_length_19_ys85_49_1_S_S323,19,ys85,1,S,95.6129058012235,4.37212458708821,95.6129058012235,enAsCas12a
72,5038_VB3_344_AD_A04_length_17_ys88_51_2_T3_S348,17,ys88,2,T3,8.58502855997595,91.3929251427999,8.58502855997595,FnCas12a
73,5038_VB3_390_AD_A04_length_23_ys88_A04_1_T2_S394,23,ys88,1,T2,60.6825713055753,39.2453472423839,60.6825713055753,FnCas12a
74,5038_VB3_372_AD_A04_length_18_ys85_2_2_T2_S376,18,ys85,2,T2,96.4338900382797,3.51613644768273,96.4338900382797,enAsCas12a
75,5038_VB3_327_AD_A04_length_19_ys85_49_1_T3_S331,19,ys85,1,T3,88.415225190115,11.5128258936155,88.415225190115,enAsCas12a
76,5038_VB3_405_AD_A04_length_17_ys88_51_2_T2_S409,17,ys88,2,T2,5.79672420007208,94.1802490889432,5.79672420007208,FnCas12a
77,5038_VB3_329_AD_A04_length_23_ys88_A04_1_T3_S333,23,ys88,1,T3,80.719267741871,19.2267721885805,80.719267741871,FnCas12a
78,5038_VB3_222_AD_A04_length_20_ys88_2_1_1_S_S226,20,ys88,1,S,3.487650614467,96.4983387374405,3.487650614467,FnCas12a
79,5038_VB3_264_AD_A04_length_21_ys88_11_1_T3_S268,21,ys88,1,T3,76.402978361901,23.5930238368897,76.402978361901,FnCas12a
80,5038_VB3_280_AD_A04_length_23_ys85_A04_2_T3_S284,23,ys85,2,T3,91.0817547357926,8.86041874376869,91.0817547357926,enAsCas12a
81,5038_VB3_373_AD_A04_length_16_ys88_1_2_T2_S377,16,ys88,2,T2,0.203117808328831,99.7868763883052,0.203117808328831,FnCas12a
82,5038_VB3_279_AD_A04_length_17_ys85_51_2_T3_S283,17,ys85,2,T3,97.5878552713163,2.35914154849291,97.5878552713163,enAsCas12a
83,5038_VB3_351_AD_A04_length_20_ys85_2_1_1_S_S355,20,ys85,1,S,94.6386247037293,5.29637074595222,94.6386247037293,enAsCas12a
84,5038_VB3_339_AD_A04_length_19_ys88_49_2_T1_S343,19,ys88,2,T1,41.3254035683942,58.6646009295817,41.3254035683942,FnCas12a
85,5038_VB3_324_AD_A04_length_17_ys85_51_1_T2_S328,17,ys85,1,T2,93.1559202343217,6.8340488705212,93.1559202343217,enAsCas12a
86,5038_VB3_326_AD_A04_length_21_ys88_11_1_T2_S330,21,ys88,1,T2,52.6506724390195,47.3342953921392,52.6506724390195,FnCas12a
87,5038_VB3_386_AD_A04_length_23_ys85_A04_1_T1_S390,23,ys85,1,T1,96.1953645360042,3.79764532009866,96.1953645360042,enAsCas12a
88,5038_VB3_370_AD_A04_length_22_ys85_46_2_T1_S374,22,ys85,2,T1,95.1414692773799,4.81846862637087,95.1414692773799,enAsCas12a
89,5038_VB3_272_AD_A04_length_23_ys85_A04_2_S_S276,23,ys85,2,S,90.1267671866089,9.86022591973746,90.1267671866089,enAsCas12a
90,5038_VB3_342_AD_A04_length_21_ys88_11_2_T2_S346,21,ys88,2,T2,54.8445996507857,45.1424295335495,54.8445996507857,FnCas12a
91,5038_VB3_368_AD_A04_length_18_ys88_2_2_S_S372,18,ys88,2,S,0.581777609531589,99.4092566396366,0.581777609531589,FnCas12a
92,5038_VB3_260_AD_A04_length_21_ys85_11_1_T2_S264,21,ys85,1,T2,94.4203137325385,5.56970114529351,94.4203137325385,enAsCas12a
93,5038_VB3_343_AD_A04_length_19_ys85_49_2_T3_S347,19,ys85,2,T3,77.8526576810783,22.0833499980002,77.8526576810783,enAsCas12a
94,5038_VB3_389_AD_A04_length_17_ys88_51_1_T2_S393,17,ys88,1,T2,6.50061967776756,93.4753927957462,6.50061967776756,FnCas12a
95,5038_VB3_273_AD_A04_length_21_ys88_11_2_S_S277,21,ys88,2,S,3.04524044254573,96.9348430077973,3.04524044254573,FnCas12a
96,5038_VB3_297_AD_A04_length_22_ys88_46_1_T3_S301,22,ys88,1,T3,79.2243324745871,20.7207477083458,79.2243324745871,FnCas12a
97,5038_VB3_247_AD_A04_length_20_ys88_2_1_2_T3_S251,20,ys88,2,T3,80.3069591421964,19.6139483195339,80.3069591421964,FnCas12a
98,5038_VB3_392_AD_A04_length_19_ys88_49_1_T3_S396,19,ys88,1,T3,82.4134724041721,13.9234177025311,82.4134724041721,FnCas12a
99,5038_VB3_307_AD_A04_length_18_ys88_2_2_T1_S311,18,ys88,2,T1,3.67798328098187,96.3029494114223,3.67798328098187,FnCas12a
100,5038_VB3_246_AD_A04_length_22_ys85_46_2_T3_S250,22,ys85,2,T3,90.2228476193328,9.71527798568905,90.2228476193328,enAsCas12a
101,5038_VB3_289_AD_A04_length_22_ys88_46_1_S_S293,22,ys88,1,S,3.31052394985265,96.6754907347285,3.31052394985265,FnCas12a
102,5038_VB3_256_AD_A04_length_21_ys88_11_1_S_S260,21,ys88,1,S,3.20198275086695,96.7870241747699,3.20198275086695,FnCas12a
103,5038_VB3_407_AD_A04_length_21_ys85_11_2_T3_S411,21,ys85,2,T3,94.2965627896316,5.63168332619116,94.2965627896316,enAsCas12a
104,5038_VB3_356_AD_A04_length_18_ys85_2_1_T2_S360,18,ys85,1,T2,92.7768135715647,7.21817032674886,92.7768135715647,enAsCas12a
105,5038_VB3_354_AD_A04_length_22_ys85_46_1_T1_S358,22,ys85,1,T1,96.3061900331162,3.63478104271093,96.3061900331162,enAsCas12a
106,5038_VB3_242_AD_A04_length_22_ys88_46_2_T1_S246,22,ys88,2,T1,41.8491946120948,58.1368160198249,41.8491946120948,FnCas12a
107,5038_VB3_261_AD_A04_length_19_ys88_49_1_T2_S265,19,ys88,1,T2,59.7972770347268,39.5689637937584,59.7972770347268,FnCas12a
108,5038_VB3_254_AD_A04_length_17_ys85_51_1_S_S258,17,ys85,1,S,96.5728065962216,3.41418507845021,96.5728065962216,enAsCas12a
109,5038_VB3_308_AD_A04_length_16_ys85_1_2_T2_S312,16,ys85,2,T2,10.8693255284814,89.1076207563623,10.8693255284814,enAsCas12a
110,5038_VB3_311_AD_A04_length_18_ys85_2_2_T3_S315,18,ys85,2,T3,96.2090850032482,3.7289490780071,96.2090850032482,enAsCas12a
111,5038_VB3_258_AD_A04_length_17_ys88_51_1_T1_S262,17,ys88,1,T1,4.60975536605117,95.3792476031472,4.60975536605117,FnCas12a
112,5038_VB3_367_AD_A04_length_20_ys85_2_1_2_S_S371,20,ys85,2,S,94.2164216421642,5.73257325732573,94.2164216421642,enAsCas12a
113,5038_VB3_226_AD_A04_length_20_ys85_2_1_1_T2_S230,20,ys85,1,T2,88.5527497754267,11.4312805669228,88.5527497754267,enAsCas12a
114,5038_VB3_391_AD_A04_length_21_ys85_11_1_T3_S395,21,ys85,1,T3,94.0796728081958,5.8521622326029,94.0796728081958,enAsCas12a
115,5038_VB3_335_AD_A04_length_19_ys85_49_2_S_S339,19,ys85,2,S,92.4328543409518,7.55513749349558,92.4328543409518,enAsCas12a
116,5038_VB3_262_AD_A04_length_17_ys85_51_1_T3_S266,17,ys85,1,T3,92.8575002251418,7.08446321182345,92.8575002251418,enAsCas12a
117,5038_VB3_337_AD_A04_length_23_ys88_A04_2_S_S341,23,ys88,2,S,3.81278858262208,96.158228227628,3.81278858262208,FnCas12a
118,5038_VB3_292_AD_A04_length_16_ys85_1_1_T2_S296,16,ys85,1,T2,10.1220890119889,89.8629123378896,10.1220890119889,enAsCas12a
119,5038_VB3_387_AD_A04_length_21_ys88_11_1_T1_S391,21,ys88,1,T1,33.7013543973032,66.2836853968444,33.7013543973032,FnCas12a
120,5038_VB3_274_AD_A04_length_19_ys85_49_2_T1_S278,19,ys85,2,T1,89.0833100027997,10.9026916769988,89.0833100027997,enAsCas12a
121,5038_VB3_323_AD_A04_length_19_ys88_49_1_T1_S327,19,ys88,1,T1,42.7360033718351,57.227869823079,42.7360033718351,FnCas12a
122,5038_VB3_371_AD_A04_length_20_ys88_2_1_2_T1_S375,20,ys88,2,T1,40.2723288710531,59.7156918530941,40.2723288710531,FnCas12a
123,5038_VB3_259_AD_A04_length_23_ys88_A04_1_T1_S263,23,ys88,1,T1,41.1228603727528,58.8631338848928,41.1228603727528,FnCas12a
124,5038_VB3_293_AD_A04_length_22_ys85_46_1_T2_S297,22,ys85,1,T2,94.7673081729568,5.18270432391902,94.7673081729568,enAsCas12a
