guide_id,seq,y_pred
pos_0966362_TTTG_PAM_+_strand,ATATTTGAAGGAACGGCCAATCACTGCAAGA,0.8024185
pos_0568748_TTTG_PAM_+_strand,TGTTTTGAGAGCATCAATCTAACGTTGCCTT,0.5854903
pos_0665257_TTTA_PAM_-_strand,TACTTTATAGCCGCCCATCTGTATATGTCAT,0.46256086
pos_0549486_TTTA_PAM_-_strand,GCTTTTAGTATTTAAGTCTTTAAGCTCATTA,0.45045853
pos_0418307_TTTA_PAM_-_strand,CTCTTTACATTTACCACATGTAAATCTATCG,0.7013944
pos_0235811_TTTG_PAM_-_strand,ATGTTTGTATTATTTACGCCATCACGCTCAC,0.09887397
pos_0709890_TTTC_PAM_+_strand,ATTTTTCCCTCAAGAACCCTCTCCAAAGATT,0.8911118
pos_0431529_TTTC_PAM_+_strand,TGTTTTCTCTTGAATGACTATAATATTGCCA,0.6862024
pos_0449977_TTTC_PAM_-_strand,TCTTTTCTTGACTATTCATCTACATATGCAT,0.39652294
pos_0190589_TTTC_PAM_-_strand,TTCTTTCCATTCCCATTTATAACAATACTAG,0.2516009
pos_0019572_TTTG_PAM_-_strand,ATGTTTGGTACGGGGCGACTCGTGGCATTTT,0.70069295
pos_0203126_TTTC_PAM_+_strand,GCTTTTCTCGAGAACAGCAATGCCCACAGTT,0.7627207
pos_0030378_TTTA_PAM_-_strand,ATTTTTATTAGAAGATCATATAACCGCACGT,0.7276579
pos_0896198_TTTA_PAM_-_strand,CGATTTAAAATCTGGGACGATTAATTTAGTG,0.5098614
pos_0099577_TTTA_PAM_+_strand,ATATTTACAACTTTAGTCAGTCCCGAGTTAC,0.13379753
pos_0482167_TTTA_PAM_-_strand,GTTTTTAAGACTGGATGGGTTAATAAGTCCC,0.7241701
pos_0380303_TTTC_PAM_+_strand,TGGTTTCGCCTGCCACTCTGTGAGGATGATA,0.7738251
pos_0130023_TTTA_PAM_+_strand,TTGTTTACTTGAAGTACTTGTGCTTCCAGTT,0.72174126
pos_0900385_TTTC_PAM_+_strand,CATTTTCTGTCTCTACAAACACTCAATAAAA,0.8348088
pos_0871321_TTTC_PAM_-_strand,TTATTTCCCAATATTCCCATGGATTGACTCT,0.752954
pos_0116514_TTTG_PAM_-_strand,ATATTTGAAACTTAGATCAGATTGCCTCGAT,0.22153734
pos_0964703_TTTG_PAM_+_strand,GACTTTGCCTATCTGGAATGATGTTTCTGAT,0.6937922
pos_0182216_TTTA_PAM_-_strand,AAATTTAAAATGGAATTGGCATGCCAGCTAT,0.75043815
pos_0119733_TTTA_PAM_+_strand,GTTTTTAATAGTGAAGCAGAGCTCCCAATGA,0.8704216
pos_0366030_TTTG_PAM_-_strand,GGCTTTGGCTCTGGAGCGACCAACTCTACAG,0.7110328
pos_0618960_TTTC_PAM_-_strand,CAATTTCTCTTCCCACGGCTATTATTGGTTT,0.64098185
pos_0950110_TTTG_PAM_+_strand,TAATTTGAGCATATTTACCATTTGGACCAGG,0.31458881
pos_0505390_TTTC_PAM_-_strand,TTTTTTCTTCAATAATTACGCTAAAGAATAA,0.35705727
pos_0400824_TTTA_PAM_-_strand,CAATTTAGCTGCTGTTGATAATGCACATCCC,0.7983881
pos_0206844_TTTC_PAM_+_strand,ACTTTTCAAAAGAAGTATAATTTCATTTCAA,0.19056313
pos_0592633_TTTA_PAM_+_strand,TCGTTTAAACAACGTTGTTCTTGAGAATTTT,0.31701505
pos_0193951_TTTA_PAM_+_strand,GTTTTTAAATAACTACGTTTGTCAGCAGTTG,0.63301027
pos_0763968_TTTA_PAM_+_strand,AATTTTAAAAAAGCAGCTAAAGAAGCCGAAA,0.78883517
pos_0183983_TTTG_PAM_+_strand,GTATTTGTTGGAACATAGAGTTAACTAACCA,0.5458712
pos_0459646_TTTG_PAM_+_strand,GATTTTGATACAGAAAAAGGCGATAAAATTA,0.7801591
pos_0925361_TTTA_PAM_+_strand,ACATTTACGAAAACGTAGGGCAAAAACTATT,0.5476466
pos_0444166_TTTA_PAM_-_strand,ATCTTTAGGTCACCAATCTATTTACAATTGC,0.5953211
pos_0065349_TTTC_PAM_+_strand,CATTTTCATTCGATGATATAATTTCTTCATA,0.59686536
pos_0747717_TTTG_PAM_-_strand,CCTTTTGTAACCTTCACTGCTACAGCCGTAC,0.3833422
pos_0130636_TTTC_PAM_+_strand,AACTTTCGGGTAGGGTAATGAGGCCAGCCTT,0.6234921
pos_0107128_TTTC_PAM_-_strand,AGATTTCGTTCCAGTCCCACCCCCACAGCTT,0.80657095
pos_0018153_TTTC_PAM_+_strand,AAGTTTCTCCGCCTCATTCTTCAGGCCATCT,0.5478699
pos_0200309_TTTC_PAM_-_strand,TATTTTCAATATTTCAGAATTCAATTACATC,0.2585422
pos_0703095_TTTG_PAM_+_strand,TGTTTTGGGCAGAAAAATCGCTATATAAGAA,0.66525894
pos_0137858_TTTG_PAM_+_strand,TACTTTGCGCAATAAAACTACGAATTCAAAC,0.43682843
pos_0786825_TTTA_PAM_+_strand,TGTTTTATCAAGTTCAAGATGTAAGCACCAT,0.47423843
pos_0040593_TTTA_PAM_-_strand,GATTTTAAGAAGTGAATTTGCGCAAATGCTC,0.56014043
pos_0544665_TTTG_PAM_-_strand,TCTTTTGGTTTCTTGTTGGAATGGCCATTTT,0.17314434
pos_0989112_TTTC_PAM_-_strand,CGGTTTCTTCAATGGAGAAAAAGTTCAAGAG,0.67188567
pos_0059946_TTTG_PAM_+_strand,TTTTTTGAAATTTACAATTCACTGCCAACAT,0.28527418
pos_0130023_TTTC_PAM_-_strand,TGATTTCGTAAACCTACACAATATCCCCTTT,0.8203793
pos_0699951_TTTG_PAM_+_strand,AGATTTGGAATTTGAGCTTGAGCCGCAGGGC,0.26401484
pos_0080189_TTTG_PAM_-_strand,GTATTTGGAGACAAATGTGAGCACGTTATGG,0.7828615
pos_0129586_TTTC_PAM_+_strand,CTTTTTCCCTTTCTGACTGCAGCAGTGTGTT,0.72640216
pos_0078010_TTTG_PAM_-_strand,GTTTTTGAATCTAAAAGAATAAATGTACCAG,0.46327066
pos_0053777_TTTG_PAM_+_strand,ACGTTTGCAGTGGAGAGATGGACAGCGATGA,0.7277752
pos_0697830_TTTC_PAM_-_strand,GTGTTTCAATGCAAACGATAGCTGAGACTAT,0.82621104
pos_0256630_TTTA_PAM_+_strand,TCTTTTACGTGCATAACGACAAACCTTTAAG,0.7623443
pos_0114246_TTTA_PAM_-_strand,AACTTTAAATCATTGAAATCAGAATCTTGAT,0.59366417
pos_0018565_TTTA_PAM_-_strand,TTCTTTACAGCTACATCTAACATTCAAATTT,0.48640105
pos_0051133_TTTC_PAM_+_strand,GTTTTTCTCATTAGTTCTTGCTATGTTATAT,0.6766965
pos_0221907_TTTA_PAM_-_strand,GGCTTTAAACAATGAGTTGGAGGAACTACAG,0.62970245
pos_0252363_TTTG_PAM_+_strand,CTATTTGAGTGGCGCTATTCCCAACCAAGAA,0.7729848
pos_0111537_TTTG_PAM_+_strand,TGCTTTGGAGCATAAGGTTGTCAATGGCAAT,0.5877587
pos_1455934_TTTA_PAM_-_strand,GATTTTACTGCTTTCAAGAGTGAGAAACTCC,0.6793796
pos_0807721_TTTG_PAM_-_strand,ACTTTTGCTTCCCAAAGACGAACTGTTAACC,0.70746356
pos_1018764_TTTG_PAM_+_strand,GCTTTTGTTAATTTGATGATGCGACGCTCGA,0.026992664
pos_0579577_TTTA_PAM_+_strand,TCATTTAGGATAGAGATGGCTTGGTCCAATT,0.77139914
pos_0073689_TTTG_PAM_-_strand,AACTTTGTCCCTGTTTGGTGGTTGGAGACCC,0.18883397
pos_0150461_TTTA_PAM_+_strand,TTCTTTATATACATTCTCCCTGTATATATTC,0.6657095
pos_0075106_TTTA_PAM_-_strand,TTTTTTACAAATAAAGTAACAATCCTTCGTG,0.7417287
pos_0569792_TTTA_PAM_-_strand,TATTTTATTCGATGCAAGAAATACCAAAAGC,0.7678666
pos_0195478_TTTA_PAM_+_strand,CTCTTTAAGGGATCTTCGCTTGAAGTGTTGA,0.45996994
pos_0355256_TTTC_PAM_-_strand,CGTTTTCTTGTGGGGGGGGCGTATATCGTTT,0.4379392
pos_0817899_TTTA_PAM_-_strand,TCATTTAGATTTCGTTCTGGAATAGACACAT,0.6342091
pos_0140405_TTTC_PAM_-_strand,TTTTTTCAAATGACAGTAAATATGTAAACAT,0.81884056
pos_0469353_TTTG_PAM_+_strand,TGCTTTGAATCTTTGTGAAGCTTCGCAAGTA,0.1814556
pos_0679569_TTTC_PAM_-_strand,TCTTTTCTCAATTCCTCCAATTTAGGAATGA,0.15563694
pos_0389567_TTTA_PAM_-_strand,GACTTTATAAAAACGAGCATTGTATGCACTT,0.5746771
pos_0009827_TTTA_PAM_+_strand,TGGTTTACACCAATTTGAAAATTTCAGTCAT,0.07901039
pos_0301791_TTTG_PAM_-_strand,TACTTTGGGCAATTCACCCTACACTACACCC,0.6877804
pos_0051707_TTTA_PAM_+_strand,AAATTTAAGTTGTAGGCTAGTTGTAGTTGTT,0.8577143
pos_0705419_TTTC_PAM_+_strand,TTATTTCGGTATTCTCTCCCCTACCCAAGTT,0.7244395
pos_0070539_TTTA_PAM_+_strand,AACTTTACTTAGTACACAATAAAACGCTGAG,0.7970289
pos_0427600_TTTG_PAM_+_strand,GCATTTGCAGAATTGAACGTCTTAAACAACC,0.412681
pos_0154379_TTTC_PAM_+_strand,CTTTTTCCAAACCAAAAGACAATGAACGAGA,0.78772914
pos_0128370_TTTA_PAM_+_strand,CCTTTTATGGTGGGAGCTTTAGAGCCCAGAG,0.6266844
pos_0049241_TTTC_PAM_-_strand,CTTTTTCACTCTACGAATGATCTGTGAGAAA,0.8076854
pos_0025186_TTTC_PAM_+_strand,CGGTTTCTTCTAGCAGTGAACAAGCTTCTTC,0.7133711
pos_0337709_TTTA_PAM_+_strand,ATTTTTAACTGCCCCGCCGGCAGGAAAGTTC,0.8230526
pos_0317267_TTTA_PAM_-_strand,AGATTTAGGGCGAGGGTGATACTCGTGGGGC,0.66454303
pos_0029218_TTTG_PAM_+_strand,GTTTTTGAAATCATACCTGCCAAGCTTGCTG,0.5834491
pos_0403175_TTTG_PAM_-_strand,CTTTTTGGAATGCAAAACGAATGACGAACTT,0.8097869
pos_0091760_TTTA_PAM_-_strand,TTGTTTAAACGACAGCCGTAAACTTAGAATA,0.732894
pos_0343985_TTTC_PAM_+_strand,GAATTTCGCAACCCTCGCGGGTCATGCTGAT,0.765558
pos_0537561_TTTA_PAM_-_strand,TGTTTTATGGTTTCTGTGGTAATGTTGTTAG,0.44396916
pos_0379994_TTTG_PAM_-_strand,ATATTTGCAGATCGGTATTGTCGATGAAATT,0.5939843
pos_0174880_TTTA_PAM_+_strand,TTTTTTATCTTCATATCCAGATATTCGTAGG,0.7456164
pos_0569020_TTTG_PAM_+_strand,AGATTTGTCGTTCAATTCGTGAATTGCAAAT,0.2505475
pos_0621637_TTTC_PAM_-_strand,AGTTTTCAATTCTTCAAGCTCTTTCTGTAGT,0.31843743
pos_0749153_TTTA_PAM_+_strand,GAGTTTATCCACCATCGGAAATTCAATAACT,0.68659806
pos_0198395_TTTC_PAM_+_strand,CAATTTCTGGCGAGGTTAAAATATTAAATAT,0.6414381
pos_0560945_TTTG_PAM_-_strand,GCCTTTGCCAACTTCAATATAGTTTGCGATT,0.32235542
pos_0578714_TTTC_PAM_+_strand,AAGTTTCGTACATCTACAGCAAGAACCGACT,0.7907752
pos_0418799_TTTC_PAM_+_strand,AGGTTTCGGTACTACTACCTAGACAGCTCAT,0.8437316
pos_0150336_TTTC_PAM_-_strand,CCTTTTCTATCTGGAAGATATCTCCTATTCC,0.7874359
pos_0547639_TTTG_PAM_-_strand,TGTTTTGGTCTCGGGATGTGAAATTGTAGTC,0.7394725
pos_0148574_TTTA_PAM_+_strand,CTTTTTAGATGAAGAGGGTGGGAGCTTCAAG,0.76740766
pos_0619330_TTTA_PAM_+_strand,GTATTTAAAAGCTCTTTATCGCCACTAAAAA,0.6657375
pos_0316879_TTTG_PAM_+_strand,TCGTTTGAGGTTATTTGGAAAAGGACAAAAT,0.47484854
pos_0519844_TTTG_PAM_+_strand,CCTTTTGGGCTTCAGCCTTGTCAACCTTACC,0.7207184
pos_0722374_TTTG_PAM_+_strand,CATTTTGATTAGGACTGGTACGCAGACGGTT,0.7489032
pos_1306522_TTTC_PAM_-_strand,CAGTTTCTTGTTCATCCATTATTGTTGTGCT,0.21828139
pos_0515093_TTTA_PAM_-_strand,GCGTTTAGCATTTATCTCGTTTCGTAGACTA,0.3651243
pos_0670490_TTTC_PAM_-_strand,TTGTTTCAGGTGATGTGAACAACGTGTTTCA,0.79810363
pos_0259494_TTTC_PAM_-_strand,GATTTTCTTTGATTTGGAGCCTTACTCTTAT,0.19484945
pos_0017273_TTTA_PAM_-_strand,TTATTTATCAGGCATGCTGCTGATATCGTCA,0.6993393
pos_0351334_TTTC_PAM_-_strand,ATTTTTCAGGTAGATGACGTAAGAAGCATAC,0.8372441
pos_0057185_TTTC_PAM_-_strand,GTTTTTCAAGTACAATGTCCTGTTCACTTTT,0.79706115
pos_0260265_TTTA_PAM_+_strand,CCCTTTATTATGGGCATTGATGCGACTTTAA,0.28112492
pos_0404551_TTTG_PAM_+_strand,AGTTTTGCTCGTGCGCTGCTGTGGATGGGGG,0.3972146
pos_1006024_TTTA_PAM_+_strand,TGTTTTATGGCAGCTGAGCTAATACGTCAAA,0.64620316
pos_0537768_TTTG_PAM_+_strand,AGATTTGCAAGGAATGAATGGGATAGCATGT,0.7846487
pos_0175571_TTTG_PAM_+_strand,TGCTTTGTGACTTTGGCGATTGACATTCAGT,0.105572715
pos_0432841_TTTG_PAM_-_strand,TCGTTTGGAGAAATATATATATTGACTTGTT,0.5734863
pos_0068233_TTTC_PAM_+_strand,AACTTTCCCACTAATAGCACAAAGCATTGTT,0.8319533
pos_0394550_TTTG_PAM_+_strand,AATTTTGAATGCATTCTAATGACATAACTAT,0.73561454
pos_0079754_TTTG_PAM_+_strand,TCTTTTGTCCATCACTTAACCTGTGCATTCT,0.5560024
pos_0396815_TTTC_PAM_+_strand,ATCTTTCATTCATACTCAATATTAATAAGCA,0.58476585
pos_0419133_TTTG_PAM_+_strand,AAATTTGTGCTTTGTTTGTATAGAGCAGATG,0.15752317
pos_0366482_TTTG_PAM_+_strand,CCATTTGCTGTAGTCGAGCCTGACATTCCGA,0.53879815
pos_1082799_TTTG_PAM_+_strand,TAATTTGACCGTAATATTACCGCTGGCGTCA,0.68002397
pos_0090664_TTTA_PAM_+_strand,GTGTTTATTATTGTCTATATAGAAATTTCTT,0.17349544
pos_0129149_TTTA_PAM_-_strand,CGGTTTAGAGATGCCTTTCAATTTCGAAATA,0.62828577
pos_0110199_TTTA_PAM_+_strand,TGCTTTATGTGGATTAATTAAGGTAGTGGTA,0.70618093
pos_0165860_TTTG_PAM_+_strand,ATTTTTGGTAGTATCCAAATCCTGGATAAAA,0.86399776
pos_0405593_TTTA_PAM_+_strand,GCTTTTATCTGTGCCGACGAGGAAGGGCGAT,0.6926545
pos_0807060_TTTC_PAM_+_strand,CTATTTCAAAGTTCATGATTTGATGAGAGAA,0.5676106
pos_0016808_TTTC_PAM_+_strand,CCCTTTCACCGCCTCCTTGTTTCCTCCCTCT,0.55555815
pos_0142092_TTTG_PAM_-_strand,GTTTTTGAATGCCTGGCGCGAAAGGGGTTGG,0.31994197
pos_0072022_TTTG_PAM_+_strand,ACCTTTGCTGATTGGTTTCAAGATATCGTAA,0.37046868
pos_1469764_TTTG_PAM_-_strand,TTTTTTGGTGGGTGGGGGGAAGGGAGAGGTT,0.66927034
pos_0919281_TTTG_PAM_-_strand,TCATTTGCACATGATCTCATCATATAGATCA,0.31265178
pos_0935508_TTTG_PAM_+_strand,CTCTTTGAGTAACTGCGTCAATAACAACAAT,0.67187417
pos_0231931_TTTG_PAM_+_strand,GAATTTGCTGGAATTGCCTGAGGCCAATGTG,0.6113497
pos_0019600_TTTA_PAM_+_strand,CCTTTTATTGGAATCGAGAATTCGGGCACTG,0.41927963
pos_0530729_TTTG_PAM_+_strand,TGCTTTGTATAATAGAATTTGCTATCTCGTT,0.11060137
pos_0909789_TTTC_PAM_-_strand,GAATTTCCAGACCTGTCGATTCTGGGTGTGA,0.4438032
pos_0442041_TTTC_PAM_-_strand,GTTTTTCCGATTCCTTGTGTCTTATATTCGC,0.71555895
pos_0793888_TTTG_PAM_+_strand,CGTTTTGACACAGGAAACGCTAATGTAATAT,0.8085981
pos_0768125_TTTC_PAM_-_strand,AAATTTCATGAAATAAAGCTCTGGTAAGACA,0.67453504
pos_0136011_TTTA_PAM_+_strand,GAATTTACCAATACTCGGAAAAATGCAGGAC,0.8089891
pos_0117879_TTTA_PAM_-_strand,GATTTTATAGCATTCAAAAGCTCTGTAATAG,0.67690116
pos_0925762_TTTA_PAM_-_strand,TTCTTTATGGGGATACCAGCATCGTGTACCC,0.69564617
pos_0087897_TTTA_PAM_+_strand,CTTTTTAGAGAGACTTTCATACTTCTTGAAT,0.7998653
pos_0284248_TTTG_PAM_-_strand,TAATTTGAGAAACTAAAATGTCCATGAGGTG,0.38964742
pos_0100261_TTTC_PAM_+_strand,GCATTTCGAATTCAAACAAAAACATCTTTGT,0.6073991
pos_0105333_TTTG_PAM_-_strand,TTATTTGCCCCGTATGAAGGACTCAGGTCTA,0.5892379
pos_0419741_TTTC_PAM_-_strand,ATTTTTCTCTCATGATCTCTTACCATCTTTA,0.7696471
pos_0035768_TTTG_PAM_+_strand,AATTTTGTTTGACTACTAACATGGCAGCATG,0.23207814
pos_0559598_TTTC_PAM_-_strand,AGCTTTCTCGTGTTCTACAGAGCACACGGTT,0.5596929
pos_1522435_TTTC_PAM_-_strand,TAATTTCATCTATGTGCTTGGTTCTTGCAAC,0.62648314
pos_0591441_TTTG_PAM_-_strand,TGTTTTGAAAGAGATTAAACTTTCAGAACAT,0.38823876
pos_0393407_TTTG_PAM_+_strand,ATATTTGACTTGGATGCCAGCTGTAATTTGT,0.7814054
pos_0517930_TTTA_PAM_-_strand,AATTTTACAATATGAATCTTTATTAAGTCTA,0.18530867
pos_0129448_TTTG_PAM_+_strand,AATTTTGGAATTTGTTGTCAGCAATTTGTAT,0.17857991
pos_0315832_TTTC_PAM_+_strand,AAATTTCTGGCGGAATGTATATATTAGACTT,0.7033842
pos_0138267_TTTG_PAM_+_strand,GTTTTTGACAAGAGGACATTGAAAATTCTTA,0.31606504
pos_0675935_TTTA_PAM_-_strand,GATTTTACGAAATTATTGATAGCATATTTGC,0.36419547
pos_0861431_TTTA_PAM_-_strand,AACTTTAAAAAATATATTAGTCTGCATTATG,0.10235824
pos_0770212_TTTC_PAM_+_strand,TGTTTTCTTGGAAGTATCTCGAGTAACAGTG,0.83078444
pos_0767436_TTTC_PAM_-_strand,ACATTTCTTGGGGTAATAACTTCTGTAAAAT,0.6906743
pos_0232558_TTTC_PAM_+_strand,CTCTTTCCTAAACTTAAAAAGCAGTCCTAAA,0.2467238
pos_0678285_TTTC_PAM_+_strand,CTTTTTCTCGTGCACATCTGTTGCGCCTGCA,0.52990055
pos_0753954_TTTA_PAM_-_strand,CGTTTTACAAAATGCGTCTGATAGCGAGTTA,0.5310429
pos_0579627_TTTG_PAM_+_strand,AATTTTGCCCTCTTCGGTATCTTGTCTAGAC,0.73770446
pos_0122333_TTTG_PAM_+_strand,TCTTTTGGCTTATCCTTATGGGATGATTAAT,0.7841304
pos_0171612_TTTC_PAM_-_strand,CAATTTCGATGCCAGTTCCGGTATCAGTGCC,0.69005656
pos_0528137_TTTA_PAM_+_strand,TCCTTTACGGAGATACTCTGGGGTACCGGAT,0.5981085
pos_0611710_TTTA_PAM_-_strand,CTTTTTATGTGCGGACTGTAATGTTTGTAAG,0.6659872
pos_0953351_TTTG_PAM_-_strand,GAATTTGAAAAAGGCAAGGTTATTAATTAAT,0.25568366
pos_0013460_TTTA_PAM_-_strand,TCATTTAAAATAGAAAAGTAACATTTCTTTT,0.5125781
pos_0793097_TTTA_PAM_-_strand,ATTTTTATACGGAAAAGCTAAAACGTAGAAT,0.8228932
pos_0482375_TTTC_PAM_+_strand,GTCTTTCGAATGGGCACTCTTCTTGTACGCA,0.6873185
pos_1046358_TTTG_PAM_-_strand,CCTTTTGGGCTATGGAATGATCAACAGCGGA,0.62912625
pos_0118821_TTTG_PAM_-_strand,TTGTTTGTCCTTCGTATTGTTAAGTAGCACT,0.21348779
pos_1341673_TTTA_PAM_-_strand,CTGTTTATTGTAGCACATTCACAAGGGGGGG,0.65826356
pos_0035543_TTTA_PAM_+_strand,GTTTTTACGTATCCCTAGCCCCGTTGGTAGT,0.7563332
pos_0089139_TTTG_PAM_+_strand,AGGTTTGCACTATTGGGTGAGGATATCGGCA,0.62714845
pos_0073169_TTTG_PAM_+_strand,AACTTTGTACATGGTCTTATCACTAATCGAT,0.23006631
pos_0474468_TTTA_PAM_+_strand,GTTTTTATGCAGCTAAACTGTTTCTCGTCAT,0.42407998
pos_1056127_TTTA_PAM_-_strand,GGATTTACTAGATTCTTCAAACATTCATCCA,0.60497814
pos_0160264_TTTC_PAM_+_strand,TTTTTTCATCAAGTCTAGATCGTTTGTAACG,0.454257
pos_0586669_TTTC_PAM_-_strand,CTGTTTCAACAACCCTTTGTGTGCACCTGTA,0.49921605
pos_0470440_TTTA_PAM_+_strand,TTTTTTATTGCACACCTCCGCCAGAGAATTT,0.63786495
pos_0398285_TTTC_PAM_+_strand,ATGTTTCCTGGGCGTTTGTATGGTTTATTTT,0.6501788
pos_0777819_TTTC_PAM_-_strand,AACTTTCATAACAGATTGACAAACGAAGATG,0.7853842
pos_0629240_TTTG_PAM_+_strand,AAGTTTGTAAAATCTTTGGAAATCATCCGAG,0.06892542
pos_0582614_TTTG_PAM_-_strand,TGATTTGTTAGACTCACATAATACTATCGAC,0.6770154
pos_0591548_TTTC_PAM_+_strand,AATTTTCTAACAATATGACACATTTCACTGT,0.7639415
pos_0186648_TTTC_PAM_+_strand,TACTTTCTGTAGTAAGCGACGATAATCTATA,0.7253996
pos_0085262_TTTA_PAM_+_strand,TTGTTTAATGGCCTGTATCAACCCTGATATT,0.83026874
pos_0019578_TTTA_PAM_+_strand,ATCTTTAATTGGGCCCTTCATCTATCATTTT,0.8286215
pos_0370567_TTTG_PAM_-_strand,TCCTTTGCCGCGCGCCCCTCTCAAAACTCCG,0.46837786
pos_0427130_TTTG_PAM_-_strand,TGATTTGATCAACCTGTCTTACAGAGGTTTG,0.25664902
pos_0605266_TTTC_PAM_-_strand,TTATTTCTATCAACTGTTGTAGCTACGTTAC,0.5445034
pos_0390115_TTTC_PAM_+_strand,AATTTTCTAGGGATCCGGCTTCATCGTCGAC,0.75294626
pos_0158321_TTTG_PAM_-_strand,CCCTTTGTATACCGTATTCAAGGACGAGTCT,0.31154814
pos_0404070_TTTC_PAM_-_strand,GAGTTTCGAGGCTGGACCGGCAGGTAATATT,0.73135275
pos_0328811_TTTC_PAM_-_strand,GTTTTTCTTCTTTAAAACAACAAGATCATCA,0.14445959
pos_0234716_TTTG_PAM_-_strand,TGTTTTGTCTCGATAATTCGTTCAGTAGCTC,0.5694066
pos_0060842_TTTG_PAM_+_strand,CGTTTTGTGTCTCACAAGATGTTCTCTTCTG,0.6789205
pos_0114715_TTTA_PAM_+_strand,TTGTTTACACCAATCGCGTGGGGCAAGGGGC,0.44279408
pos_0054604_TTTG_PAM_+_strand,TACTTTGGACAGAAGCAACAGCACTTTATTA,0.70985264
pos_0425783_TTTC_PAM_-_strand,TACTTTCATACAGACAAGTGTCAGATAGAAC,0.6358727
pos_0919628_TTTG_PAM_+_strand,CGTTTTGGCTCAGAGGTGAAGCACTGTCTAA,0.7993428
pos_0014483_TTTA_PAM_-_strand,CTGTTTATATCAATATGTTGCTCAGCAGAAC,0.7112902
pos_0072586_TTTG_PAM_+_strand,GATTTTGCGTCAAATCTCTAACCTGTTTGAG,0.6425805
pos_0060782_TTTC_PAM_+_strand,TGTTTTCGAATGTTTCAGTACCCGTTCTTTT,0.7225598
pos_0314971_TTTC_PAM_+_strand,CCTTTTCCACTTTCATAACTTAGAATCATAA,0.3700363
pos_0689042_TTTG_PAM_+_strand,AGTTTTGTTAGAAAGAAGAATATTAAGCAAT,0.15847795
pos_0125150_TTTA_PAM_-_strand,GGATTTACCTTTCTTAATGTCCGTTCTAATC,0.6954883
pos_0126007_TTTC_PAM_+_strand,TTTTTTCCCCCTACTTCCTCCTCTGGTGTAT,0.74231213
pos_0109874_TTTC_PAM_-_strand,TAATTTCATCCTTAATAGCGATATCTGGCTG,0.4358769
pos_0750789_TTTG_PAM_-_strand,GGCTTTGGATACCAGGACTGGTCAATCCAAA,0.74903995
pos_0025351_TTTG_PAM_-_strand,CTCTTTGTAATGAATGCGCCAGCTTTAGAGT,0.47406176
pos_0470325_TTTC_PAM_-_strand,ACTTTTCGGTGGCCAGTTCAGATCTGTGTTA,0.7916511
pos_0178449_TTTA_PAM_-_strand,GGCTTTAAAGTCAGTCTCTCTCACAGAGAGC,0.77682585
pos_0195476_TTTC_PAM_+_strand,CTGTTTCAACTTCCTGTGCTGGAGAGGTAAT,0.61113334
pos_0130403_TTTC_PAM_+_strand,ATATTTCCACTCCTTCCCGGGTGCTCCTGAG,0.5945533
pos_0822727_TTTA_PAM_-_strand,TTCTTTAATAGATCAATATTCTCTGGTGCAA,0.5284656
pos_0077850_TTTC_PAM_+_strand,TTGTTTCAGTTTCTTCAACTCGCATAACTGA,0.55459255
pos_0947975_TTTC_PAM_+_strand,AGATTTCAAAGAGGAATGCAGGATCCTTGGC,0.7619649
pos_0423688_TTTG_PAM_-_strand,AATTTTGTTGGTTGAAAAATTGGCTTTACGG,0.26121718
pos_0603447_TTTA_PAM_+_strand,TCATTTATGGAGAGTAGATCAGTTAATTGCG,0.7774353
pos_1024026_TTTG_PAM_+_strand,ACTTTTGTAGACTTAAATTGAGAGGAAAGAA,0.44754222
pos_0203076_TTTC_PAM_-_strand,CTATTTCCGCAAGATGATGAGGGTAATGCCC,0.53049874
pos_0502273_TTTA_PAM_+_strand,CTATTTATGCGAATGGGGCGTTGATGCCGCT,0.4535073
pos_0619731_TTTA_PAM_+_strand,GCATTTAGACAACTTACTAGTCACGCCAGAT,0.65114105
pos_0588072_TTTC_PAM_+_strand,AACTTTCAAACAGCACGTCATGTCGAGGGCC,0.6521369
pos_0467593_TTTG_PAM_+_strand,TATTTTGCGCTACTATATTATTCTTTGATGG,0.100524604
pos_0492519_TTTG_PAM_+_strand,CCTTTTGGATTAGGTGACGGCATGTTAATGT,0.70622295
pos_0769434_TTTG_PAM_-_strand,CTCTTTGTCCGCCTTGATGTGTTAGGCCCAT,0.18403858
pos_0467036_TTTA_PAM_-_strand,GTCTTTATCAGTCAGTCACGCTAAAATAGTT,0.58582586
pos_0819536_TTTA_PAM_-_strand,GAATTTAGGGCAGTAGAATCGCTTGTAGAAA,0.7526197
pos_0569058_TTTC_PAM_+_strand,GGCTTTCTGATTATTCTGAACTTCCTGGCAT,0.3235454
pos_0106010_TTTC_PAM_+_strand,AATTTTCGAACAGTATTAGCTATATGCGAAA,0.8497648
pos_0261341_TTTC_PAM_+_strand,TTTTTTCATTACGTAAAAAGTAAAGTAAACC,0.5715458
pos_0047450_TTTG_PAM_-_strand,TAGTTTGTCGTTTATTGCTCCTTTAGATATG,0.198894
pos_0525741_TTTG_PAM_-_strand,AATTTTGTGTCTGTCTGAGGACGGGAGGGGC,0.5056714
pos_0538069_TTTA_PAM_-_strand,TCATTTAAGTAGACATCATTGACGTCATCTT,0.76777804
pos_0041693_TTTG_PAM_+_strand,ATATTTGGGGTACTGTACGAACGAATAGATT,0.76691735
pos_0031401_TTTA_PAM_+_strand,CTTTTTATTTCACTTTCACATAAACAGTTAA,0.0764541
pos_1508575_TTTG_PAM_+_strand,GATTTTGGGTTGTCTTATACCAACAGTTCTG,0.8318049
pos_1030960_TTTA_PAM_-_strand,CTTTTTATACAGGTTGGTATCAATTGGTTGA,0.3366283
pos_0557812_TTTA_PAM_+_strand,TTTTTTAGAAGATCTCGAGAAGTTTCATCGA,0.7792341
pos_0561791_TTTA_PAM_-_strand,AACTTTAGGATAATCTTGCTAATCTTCTAGA,0.8138994
pos_0225516_TTTA_PAM_-_strand,ACGTTTACTCACTAAATACGAAATGCATTAC,0.72399235
pos_0127774_TTTA_PAM_-_strand,CTGTTTAAAATCTTGTCTTGTTCAGTGTCTG,0.20210248
pos_0408960_TTTG_PAM_+_strand,CATTTTGGTAGAAGCTCGTCAAATCAGTCTC,0.7948853
pos_0770322_TTTC_PAM_+_strand,CTGTTTCGTATAGGGATACCGACATGTATGT,0.8343298
pos_0804272_TTTC_PAM_+_strand,TAATTTCTGCCAAAAATGGCAACCCGCCTGC,0.585317
pos_0929735_TTTC_PAM_-_strand,TGGTTTCTCCCGCGCTGAAACCTGGTAATGA,0.7771684
pos_0106306_TTTA_PAM_-_strand,ATCTTTAGTGAATCATTACCGAGAAAATGAA,0.77274334
pos_0714780_TTTG_PAM_-_strand,ACTTTTGCCAGTCTTACTACACCTGCCACAT,0.82113713
pos_0285506_TTTA_PAM_-_strand,GGCTTTACGTTTACGAAACTCCGAATCAGGA,0.7402988
pos_0110949_TTTA_PAM_-_strand,CAGTTTATTGCCCAAGCGAGAGTTACAAGTG,0.70300686
pos_0155044_TTTC_PAM_-_strand,ATTTTTCAAAACAGTGGTGAAAATACCGAAA,0.690702
pos_0554833_TTTG_PAM_-_strand,CTTTTTGTGAGAGATACTTGCCCATTTAGAT,0.6274095
pos_0112744_TTTC_PAM_-_strand,ACATTTCCGCTGGGGTACGACCATGTTCAAA,0.56076974
pos_0534738_TTTG_PAM_-_strand,AGATTTGGAAAAGATTAAATTCGACGAAAGT,0.12362717
pos_0184144_TTTC_PAM_+_strand,TACTTTCATTGATCAATTACGTGACCAGCTA,0.5774889
pos_0033532_TTTC_PAM_+_strand,AACTTTCGATTGACGACAGATTAAAAACTGG,0.76507974
pos_0422187_TTTC_PAM_-_strand,GGCTTTCGATATCCGACTATCGTACCGAAAA,0.76301384
pos_0852521_TTTC_PAM_+_strand,TAATTTCTTGTTTGCTCCTTCAGTTACCTAC,0.29924455
pos_0928474_TTTC_PAM_-_strand,ATGTTTCTTGACCATATGGCTTGGTGTTGTC,0.33094355
pos_0693082_TTTC_PAM_-_strand,TGTTTTCTATAATCCCATCCAACAATTTAAT,0.5660044
pos_0768684_TTTG_PAM_-_strand,GCGTTTGTAGAATACGAAGTGTAGGGCGATT,0.52608323
pos_0956262_TTTA_PAM_+_strand,AAATTTAATGGTCTTTGTAAAAGTGCATTCA,0.7851007
pos_0195533_TTTG_PAM_-_strand,TTCTTTGTCGTTGCTGCCACTTGAAGCGTCC,0.21196659
pos_0079761_TTTG_PAM_-_strand,TTCTTTGTAGAAACAAATCCCCAAATTATTG,0.29606923
pos_0526012_TTTG_PAM_-_strand,AGGTTTGAGTAGATGTGTTATTTGTTTCGCG,0.30767474
pos_0135857_TTTA_PAM_+_strand,TTCTTTACACAAAAGAAAGATACCTGTGAAA,0.4562572
pos_0935063_TTTA_PAM_+_strand,GTCTTTAACAGAATTCTGTGAGTCATACTTC,0.7399317
pos_0055690_TTTC_PAM_+_strand,ATGTTTCCGCACATGAGGGGGGCAGACGTTT,0.49473873
pos_0585019_TTTG_PAM_+_strand,ACATTTGCTCTTTCACAACCAGTATTAGTTG,0.5509822
pos_0196785_TTTC_PAM_+_strand,TAATTTCCACAAGAAAGGTACCTCTAGTTTT,0.6895414
pos_0198102_TTTG_PAM_-_strand,GCATTTGTTATCTTTCAACACATGTTATTAT,0.14723755
pos_0044808_TTTG_PAM_-_strand,TGATTTGGTTCATGGTGATGAACTGGATGAA,0.8004426
pos_0579181_TTTG_PAM_-_strand,AAATTTGGGGGAGGTAGTCTACGCATTTCAG,0.7745943
pos_0202451_TTTA_PAM_-_strand,TCATTTATAGTTCAGCGATAATGTTCTGAAA,0.5729502
pos_0081952_TTTA_PAM_-_strand,AAATTTAGCAAATGACATAGAACAAGCCAAT,0.7879358
pos_0142623_TTTA_PAM_-_strand,GCATTTATAAATCTGATTGGATCTATTATAA,0.30109218
pos_0360398_TTTA_PAM_+_strand,CTTTTTATTATGAACATTGTGAATTATTAAT,0.39125386
pos_1059970_TTTC_PAM_+_strand,CTCTTTCATTCAGGACAGATTCTGAAGATGA,0.6472971
pos_0393364_TTTG_PAM_+_strand,GACTTTGGCTTCAGAATTAGTAGTATTAGTT,0.74724066
pos_0598996_TTTC_PAM_-_strand,CTTTTTCTGTGGCAAAGCGGCGACAGCGACG,0.6409483
pos_0630368_TTTC_PAM_+_strand,CACTTTCAATGTATGCTCCCCATCCTTGATG,0.7884325
pos_0393288_TTTG_PAM_-_strand,ACTTTTGAAGTTTATGCCACACAAGATGTCA,0.606276
pos_0024558_TTTG_PAM_+_strand,AGCTTTGCTCTGGTTGAAATTATTATCATTA,0.07676734
pos_0026814_TTTG_PAM_-_strand,GCTTTTGAAGGGACTTACTAGCCACTCGCTA,0.803567
pos_0520613_TTTG_PAM_-_strand,GACTTTGACAGCCCCACTAGTTAAGAGAACT,0.7615792
pos_1073142_TTTG_PAM_+_strand,TTGTTTGACTTTATACTGAAAAATAGATCAA,0.34982708
pos_0259160_TTTC_PAM_-_strand,GTGTTTCTCGTCTATAAGATAAATTTGTTGG,0.12800232
pos_0191405_TTTA_PAM_+_strand,TTCTTTAACTTTCAGTACCTTAGTAGTTATC,0.7645374
pos_0275329_TTTA_PAM_+_strand,GAGTTTAATAATCAACTCGTCACTAAACGAC,0.5626164
pos_0817021_TTTG_PAM_+_strand,TATTTTGAAGAAGAAAATGAATACGGAGTTG,0.55980325
pos_0455006_TTTG_PAM_+_strand,TTTTTTGGTCACCTCTTCTGCCTCGTAATAA,0.75779235
pos_0313412_TTTG_PAM_-_strand,GTTTTTGTGGGCCTGTAATAAGCTAATAGTG,0.71210515
pos_0594947_TTTA_PAM_+_strand,TTATTTACAAATAAAGATGCTATCTAATTCT,0.6627119
pos_0080903_TTTG_PAM_-_strand,TCTTTTGGAGAATAGAGCTAAATCTGTTATT,0.78325415
pos_0101985_TTTC_PAM_-_strand,AACTTTCATCAATGGTGTAGTTAATCTTTAA,0.65123695
pos_0612508_TTTG_PAM_+_strand,AATTTTGCATATTGGGGTGTTATGTCCTTTT,0.6871804
pos_0336512_TTTA_PAM_+_strand,CAGTTTAAAACGTATCATTTGTTGAAATAAG,0.17064244
pos_0360350_TTTA_PAM_+_strand,GAATTTACTCATTCAAGAAAGGGGGTTCATA,0.54974765
pos_0189740_TTTC_PAM_-_strand,TTGTTTCTGCTGCTGCTGTCGCCGCTGCACT,0.4607423
pos_0571429_TTTA_PAM_-_strand,CTATTTATAGCTAACAGTTTATTATTAGATT,0.45409894
pos_1073374_TTTG_PAM_-_strand,GCATTTGATATACAAAAGCGATTAGTAAAAA,0.734034
pos_0168205_TTTA_PAM_-_strand,GGCTTTAAACACCCGTGCCTATATTTAAGTT,0.56609994
pos_0682479_TTTA_PAM_-_strand,AAATTTAAAGAGACCCTCGCCAAAAGGCCAT,0.75647163
pos_0100455_TTTA_PAM_-_strand,TCGTTTAAAAAAGTTGTTTGTTCTTCTTTGT,0.081106775
pos_0905145_TTTC_PAM_+_strand,GCCTTTCTACTTCCTCCGCACATACAGTTTT,0.39197686
pos_0732114_TTTG_PAM_+_strand,AATTTTGCAAGACGCATTTGCATTCCACCTT,0.6336193
pos_0631154_TTTG_PAM_+_strand,ATATTTGAAATTCTTGACAAGTGCCCGTGAA,0.075944304
pos_0216704_TTTG_PAM_-_strand,GATTTTGGAGAACTGATCATCAATTTCTTTT,0.41687223
pos_0370366_TTTG_PAM_+_strand,TCTTTTGAAAAATAGAGCCAATTCCTCGACA,0.3756775
pos_0373994_TTTA_PAM_-_strand,GTATTTAGTAAATGCGCCCATTGCCTTTCAA,0.6668327
pos_0668461_TTTA_PAM_+_strand,GAGTTTAGAAAATTACCTGTACAACATAGTC,0.60656035
pos_0062490_TTTA_PAM_+_strand,ACATTTACCCAATGCCACTGCGGCATCTAAT,0.74155706
pos_0663637_TTTC_PAM_+_strand,GCTTTTCCCCCATGCACTGATGGCGCTTGTA,0.72998387
pos_0442316_TTTG_PAM_-_strand,AACTTTGAATCAACAAACGAGTACCTCAATT,0.7344169
pos_0512606_TTTC_PAM_-_strand,CATTTTCCCTCTGGGTAGGGAGTTGGTAAAA,0.8288803
pos_0388124_TTTA_PAM_+_strand,AGGTTTACAGAACACCTTGAAGAATTGAGCG,0.6347675
pos_0097902_TTTA_PAM_+_strand,AAATTTAAATCACTTATTGAGATATTACGTT,0.22128555
pos_0177789_TTTA_PAM_+_strand,GAATTTAGTATTGTGTAATAAAATTGATGTT,0.79382026
pos_0628867_TTTA_PAM_-_strand,CATTTTAATGAGGTCATATTTAGAAACTTTA,0.55570567
pos_0283360_TTTG_PAM_+_strand,ATTTTTGTAACCCACCCTGACTTGAAGAGGG,0.78590095
pos_0198644_TTTC_PAM_+_strand,TTTTTTCCGCAAATTTCCATGCAACGTCGAA,0.21218126
pos_0362031_TTTG_PAM_-_strand,AATTTTGTATCAAATTCACCCGAGCCACCAG,0.42383087
pos_0076986_TTTA_PAM_-_strand,AGATTTAAAGGTGTTGCTGCAACATTAGTGA,0.77987474
pos_0391591_TTTA_PAM_-_strand,CAATTTAGAGAGCAAGGAAACGTTGTGATGT,0.8026593
pos_0118464_TTTG_PAM_+_strand,TTCTTTGGAAACACTGAGATCTTCTTGCAGA,0.3429286
pos_0126744_TTTC_PAM_-_strand,ATTTTTCCAAGTAAGGAAAAATATCTGTTTA,0.7096058
pos_0477445_TTTA_PAM_+_strand,AAGTTTAGCTAAAGATGTCCGCATTGGATGA,0.848188
pos_0218230_TTTG_PAM_-_strand,AATTTTGCTTCAAAAGTCTGAGAAACCCTTT,0.75846624
pos_0923598_TTTA_PAM_-_strand,CCTTTTAACGTCATAGTTCATTGTACTTCTC,0.7842452
pos_0609898_TTTC_PAM_+_strand,CTTTTTCATGCTCTTTACAATTCATATAAGT,0.44154975
pos_0012341_TTTG_PAM_-_strand,AGATTTGTTTAACAAAAAGCATGACTAAGCT,0.23150133
pos_0629792_TTTG_PAM_-_strand,TCTTTTGATCACGACCTAACTCGAATTCAGA,0.43240494
pos_0307561_TTTG_PAM_+_strand,ACCTTTGAAGAGGAGATATTCACCGAGAGAT,0.6006976
pos_0426338_TTTC_PAM_+_strand,CACTTTCTATATCGTTCTCTACACAGTATAT,0.6408533
pos_0417065_TTTC_PAM_-_strand,GGATTTCAATATTATATCACTGTAGACGAAA,0.68140554
pos_0063568_TTTA_PAM_-_strand,CGTTTTATCGAATTAATATCTGATCAACTAC,0.43392682
pos_0400468_TTTG_PAM_+_strand,TTGTTTGGCTAACTCATCTTGATCGAATACC,0.746716
pos_0500637_TTTG_PAM_-_strand,CATTTTGATTTAAAGCAATAGCCGAAGAACA,0.60580665
pos_0336601_TTTC_PAM_-_strand,CAATTTCGAATATCCTTTGACCAACTGTAGC,0.72210133
pos_0262937_TTTG_PAM_+_strand,TTTTTTGATAAACATCAGTACATTTAATAAT,0.3104185
pos_0687466_TTTA_PAM_+_strand,TAATTTATAAGCACTTCGTGCCTAGGTTAAA,0.69546634
pos_1072728_TTTC_PAM_-_strand,TCTTTTCCAAAGTTCTAGACATTTCAGCCTT,0.35324097
pos_0533676_TTTG_PAM_-_strand,TAGTTTGCGCTAGAAATATCTTGTAGTCCCT,0.43952274
pos_0804533_TTTG_PAM_+_strand,TATTTTGCGGTACCTTTGGAGCAGAGGCACC,0.46761853
pos_0419393_TTTA_PAM_+_strand,AACTTTAAAAGCTTATTAAGAGAAGTGCCAA,0.45114708
pos_0682487_TTTA_PAM_-_strand,GATTTTAAAAATTTAAAGAGACCCTCGCCAA,0.091532014
pos_0349365_TTTG_PAM_+_strand,GCATTTGCACTAATGTCGTTTGCAGTGTAAC,0.22597982
pos_0017877_TTTG_PAM_-_strand,GGGTTTGCTCTTTGAAAGTTAAAAATTAACA,0.09810134
pos_0027258_TTTC_PAM_-_strand,GTTTTTCATTGAGTGTAACTCGGACACTGAT,0.7765455
pos_0058516_TTTG_PAM_-_strand,TGGTTTGACGCTATCAAGAAGTGCGATGTAA,0.6695305
pos_0281415_TTTG_PAM_-_strand,GCTTTTGCGCATGGATGCGTCGTCGTCATCG,0.6606148
pos_0309093_TTTA_PAM_+_strand,GTATTTACCTTCCCCGAGTGTTACTGATAGG,0.83906597
pos_0405440_TTTG_PAM_+_strand,GATTTTGAGATTCAACACTTCCAACAAACAG,0.7983298
pos_0535025_TTTA_PAM_-_strand,TATTTTATATATGCATCCGTGCATTTGTGTA,0.5337198
pos_0608657_TTTG_PAM_+_strand,CTTTTTGAAGCGCCTAGCCCTATTTCTTTCG,0.7302444
pos_0747826_TTTG_PAM_+_strand,TCTTTTGCGGTGATTATAGTTGTAAACTTGT,0.64959496
pos_0283297_TTTG_PAM_+_strand,GCATTTGGCGGCGAGGGTTCAATTTCACACG,0.56282854
pos_0435875_TTTA_PAM_-_strand,TACTTTACTTTGCTCTCTAATCCCTCCATAA,0.60674685
pos_1516107_TTTA_PAM_-_strand,CGGTTTAGAGTACCCTTCTTGCGCAAGGTAC,0.77005184
pos_0521562_TTTC_PAM_+_strand,ATATTTCAGGAAGTCGTCTATAGCTAGCATT,0.60074
pos_0511186_TTTA_PAM_+_strand,GATTTTAACGACAACAGCGCTGCTGCGCATC,0.7310064
pos_0141310_TTTA_PAM_-_strand,AAATTTAAGAAAATTGACATGCATATTATCA,0.4629079
pos_0301240_TTTC_PAM_+_strand,GGCTTTCAACAAGTACCCTTCGTCGGGTTTT,0.2715395
pos_0217461_TTTG_PAM_-_strand,ATATTTGTAGATTACTGTTTCAATTAGCTGC,0.11458179
pos_0641422_TTTG_PAM_+_strand,CAATTTGGGTTCTCATAGAAGTGGGGCCGTA,0.61332124
pos_0427728_TTTA_PAM_-_strand,AGCTTTATAGATCTACGTATCTGCGTTGATT,0.6301759
pos_0192554_TTTG_PAM_-_strand,TTTTTTGGCAGTTTAATTTAGTTTGAGTGCT,0.066161275
pos_1038999_TTTG_PAM_-_strand,AGATTTGACAAATCATCAGATGAATTGGATC,0.27822813
pos_0490802_TTTA_PAM_+_strand,CTTTTTAGGACTAATTAAGGGTAGTTCCATA,0.74942064
pos_0173747_TTTC_PAM_+_strand,CAGTTTCTCCGCTGGGACTGGATACTGATAT,0.605086
pos_0674842_TTTC_PAM_-_strand,GCCTTTCTTATACCTCATTTGAACAATAGAA,0.18623656
pos_0681787_TTTA_PAM_-_strand,CAGTTTATTGGAAGGACGATATCAGAGGTAC,0.75723666
pos_0424450_TTTC_PAM_-_strand,AAGTTTCCATTCGATGCCTGAGCAATTCTTT,0.738922
pos_0381502_TTTA_PAM_-_strand,AAATTTACTTCAGATTTCTGATAAAAATAAA,0.40211993
pos_0039368_TTTA_PAM_-_strand,TATTTTAGCAGGTTAACTCAAACATCTGCAA,0.77404207
pos_1063192_TTTA_PAM_+_strand,GATTTTATAAAAGCATCGGTAGGAAAACCTT,0.59264505
pos_0669889_TTTC_PAM_+_strand,GCTTTTCATCACATTCAATGACAAATCACAA,0.66817427
pos_0705882_TTTC_PAM_-_strand,CTTTTTCAGCTGTCCATTCCGCAGTTAACAT,0.74290115
pos_0424511_TTTC_PAM_-_strand,GCTTTTCAATGCTAATTCGTTGTTCAGTGCC,0.6075623
pos_0562584_TTTG_PAM_-_strand,GAATTTGGTGTGTCAAGGCCGGTATGTGAAT,0.75656515
pos_0072770_TTTA_PAM_-_strand,TGCTTTAGAACATTCCACAATTGCCATTATT,0.7007071
pos_0026270_TTTC_PAM_-_strand,AACTTTCTTCTGGACGTTCCATTTCCCCATC,0.4252861
pos_0429317_TTTA_PAM_+_strand,TCATTTATCCTTCATATCACTGGTAAAGCGA,0.7049048
pos_0747770_TTTA_PAM_+_strand,AGCTTTAAATTCCATCTTCTTCCCCTCAGAA,0.49195552
pos_0415022_TTTG_PAM_+_strand,TTGTTTGTAATTCTAAAGTATTAGCATTTGG,0.17659193
pos_0227300_TTTG_PAM_-_strand,AATTTTGAAATCTGTTGCATATATATATTAG,0.6176826
pos_0928929_TTTA_PAM_+_strand,GCTTTTAGTTCATTATACCAAATCATTTCTT,0.7399184
pos_0473640_TTTC_PAM_+_strand,AAATTTCAAGATGTTGCTAAAGTACAGACGT,0.685221
pos_0338060_TTTA_PAM_-_strand,TTGTTTACCTCTTTCCTTCCATCGGGATTAC,0.7073995
pos_1050105_TTTA_PAM_-_strand,TTGTTTAGTGGTGTTTGCTTTGTCTGTTCCT,0.69892615
pos_0850176_TTTG_PAM_+_strand,TACTTTGGCTAAATCCAGCTTATCGATTTGA,0.71405053
pos_0769448_TTTG_PAM_-_strand,TAATTTGCTTCGGCCTCTTTGTCCGCCTTGA,0.48512915
pos_0543414_TTTG_PAM_-_strand,GCGTTTGCTCAAAAATATAAAATGTCCATCA,0.18549007
pos_0115495_TTTC_PAM_+_strand,AAATTTCATAAATTACAGAAACGAGCTGAAA,0.28178692
pos_0073394_TTTA_PAM_-_strand,TCTTTTACTCAGTGCATTTATTTATGTCGCC,0.09809464
pos_0051039_TTTG_PAM_-_strand,AAGTTTGCACAATCTAAGATAGAAGATTCAG,0.4765635
pos_0169174_TTTG_PAM_-_strand,AAATTTGTTGTAGAGTACAAACGCTTAGTAA,0.6420878
pos_0106758_TTTA_PAM_-_strand,TGTTTTAAGGATAACCATGGGAAATAAGGAT,0.79674864
pos_0137889_TTTC_PAM_-_strand,CAGTTTCTTCAACGAGTCTCAGCGCTTTGTC,0.44318694
pos_0018482_TTTG_PAM_-_strand,CATTTTGGGTGCATTGAAGTATGCACATTAT,0.8222856
pos_0549563_TTTG_PAM_-_strand,ATTTTTGAATGTATTCAGCGGCACACGCCAA,0.62189376
pos_0385946_TTTC_PAM_-_strand,AATTTTCTACGCTAACCCGTTTCTTCCATTT,0.7184395
pos_0587826_TTTC_PAM_+_strand,GGTTTTCGGTCACCATGATCTTCATTGTCAT,0.716408
pos_0062418_TTTG_PAM_+_strand,GGTTTTGGTTGCTGCTGTAATTGAGATAACC,0.80629563
pos_0398593_TTTG_PAM_-_strand,TCATTTGGTCTAAACGTGAATATAATTGCAT,0.39483568
pos_0142196_TTTG_PAM_-_strand,ACTTTTGCAAACTCTGTTGTACTCTGATTTC,0.58199006
pos_0675279_TTTG_PAM_+_strand,TGATTTGATTTGATTGCCTCAGCTCAGTTTC,0.46888188
pos_1014216_TTTA_PAM_+_strand,GTATTTATCTGCGTGTCTCTCCCCTGTTGTA,0.6678208
pos_0311712_TTTG_PAM_+_strand,ATATTTGAACCAAACAGCGACCTCTTCTAAG,0.6978846
pos_0540321_TTTG_PAM_-_strand,TATTTTGATAAAAGATACATCCCTCTTTACT,0.539959
pos_0891456_TTTC_PAM_-_strand,GTTTTTCGAATGAAATATATGCAGCAATCAA,0.7494485
pos_0017819_TTTG_PAM_+_strand,TTTTTTGTTTATTCAAAATGATCATGTACCT,0.13879849
pos_0213127_TTTG_PAM_-_strand,ATATTTGCAATCGTTCAAAATTGAAACACCC,0.11648413
pos_0540890_TTTG_PAM_-_strand,TATTTTGGACATGACAGCCAAGAACTATCAG,0.8203474
pos_0053034_TTTG_PAM_-_strand,TACTTTGTTAATTGACTGACATTGACATTTT,0.1594756
pos_1508638_TTTG_PAM_+_strand,GTTTTTGCTCTCTTCCTGCTTGCTTTCATGA,0.49064508
pos_0725266_TTTA_PAM_-_strand,GTCTTTAGCAAGAGCAGTTTATGCGAGAGCT,0.8153509
pos_0995175_TTTG_PAM_+_strand,TGTTTTGCAATCCAAATATGTTTGAGACCTT,0.28256527
pos_0052640_TTTC_PAM_-_strand,AGTTTTCCACTACGTCTAACTACAGCAGAAC,0.736339
pos_0194555_TTTC_PAM_+_strand,TAATTTCAAAGAACTATCTGCTTCTATAAGT,0.82394546
pos_0570922_TTTG_PAM_+_strand,AGTTTTGGTTATCAATGAACACTTGAAGCTT,0.8681158
pos_0588575_TTTA_PAM_-_strand,TAGTTTAGTGGACCCTGAACTCCAACACTCG,0.83701235
pos_1514866_TTTG_PAM_+_strand,GGATTTGAGACATTGTGGTTATCCTGTCAGC,0.5211885
pos_0040867_TTTG_PAM_-_strand,AAATTTGCTGGGCAAATTTATGACTCGATCT,0.3457123
pos_0446213_TTTA_PAM_+_strand,TATTTTAAGTACCATCCACATACAGCATGAC,0.824524
pos_0197808_TTTG_PAM_+_strand,TTCTTTGCTTACTGATTCACGGTGGCCAAGA,0.3998282
pos_0964415_TTTA_PAM_-_strand,TAGTTTATCTTGGAAGTTCTCAGAAACGGAA,0.72739744
pos_0524983_TTTC_PAM_-_strand,AACTTTCCACACAGACATCGAAGAAGTGTTT,0.54168665
pos_0568520_TTTA_PAM_+_strand,TGATTTATTATAATATAGACTTCATAAGTGA,0.5705838
pos_0540419_TTTA_PAM_-_strand,GTCTTTATTAGTTGTTATGAGAATTATCTCC,0.19552141
pos_0635195_TTTA_PAM_-_strand,GGTTTTATATCACGATGCACTACACCTAGTG,0.7402481
pos_0699858_TTTG_PAM_-_strand,GGTTTTGCTGCTGTGGTCAACTTATGGCAAT,0.3291476
pos_0130280_TTTC_PAM_+_strand,ATCTTTCGTTGGAACTGCAGAATACGTATCT,0.8441159
pos_0071234_TTTC_PAM_-_strand,CATTTTCCCTCCTTGATATTTCTCGTTCTAG,0.6818251
pos_0507297_TTTA_PAM_+_strand,AAATTTAGTGTCTACGTTATGATATATACAC,0.8111469
pos_0571852_TTTG_PAM_+_strand,TCGTTTGGTAGATTTGTTGTGTGTATTCTTT,0.47463942
pos_0963887_TTTA_PAM_+_strand,TCATTTACAGAGGTTACTGACTCATCACTAT,0.7513623
pos_0578748_TTTA_PAM_-_strand,GCTTTTATGGAGTCGGTTCTTGCTGTAGATG,0.5803743
pos_0826469_TTTA_PAM_-_strand,GTTTTTAGGGGTAGAATAAAACTGATTTAAC,0.78074425
pos_0586434_TTTG_PAM_+_strand,ATTTTTGCTGTGCGTGCTAGCTCATAGCACC,0.67753994
pos_0594805_TTTC_PAM_-_strand,TACTTTCATAAAGCGAAAAGCAGGACTATTT,0.46056664
pos_0562754_TTTA_PAM_-_strand,AAATTTACTGCAACCTATCTTCTCTTGAATA,0.71281403
pos_0411825_TTTG_PAM_+_strand,GAGTTTGGGGGTACTGATAAATACTTAACTA,0.82722116
pos_0057658_TTTC_PAM_+_strand,TCTTTTCATCGTACAACTGGCGAATAGTAAT,0.78991467
pos_0168200_TTTA_PAM_+_strand,GTGTTTAAAGCCGCCCACACATCACATTGAG,0.75621086
pos_0311416_TTTC_PAM_+_strand,TCTTTTCGGTGGTAATTCATCAACCCAGCCT,0.7194107
pos_0435404_TTTG_PAM_-_strand,TCATTTGTATCATATAATGGGGTATGGAGAA,0.44062206
pos_0707796_TTTA_PAM_+_strand,ACTTTTAAAAGTGATTAGAAACTGCATACTA,0.77419907
pos_0074546_TTTG_PAM_-_strand,TACTTTGTCACTGCAGCATACGAACACCAAA,0.72064763
pos_0070465_TTTC_PAM_-_strand,CGATTTCTTTACCGGAGAAGTAGTTGGCGTC,0.3551748
pos_0442581_TTTG_PAM_+_strand,GCATTTGAAAAAGTAGCTCTCATCGAACTCT,0.37178054
pos_0017586_TTTC_PAM_+_strand,CAGTTTCATTATTCTCGGAAGTAGAGTCGAA,0.5204177
pos_1521543_TTTA_PAM_+_strand,ACCTTTATGCAGCACAATAATTAAAAATGCC,0.085028864
pos_0744447_TTTG_PAM_+_strand,GATTTTGAAATAGAGAGAGCTGTCGTACTTG,0.74630857
pos_0864475_TTTG_PAM_+_strand,TATTTTGGAACTCCTTAGACTCATCTGGTTT,0.4699969
pos_0269561_TTTC_PAM_+_strand,CGTTTTCATAAATGGCGTTTGTTTGGATACC,0.4369455
pos_0862234_TTTC_PAM_-_strand,AGTTTTCAATTGCGTCATTCTTGACCACAAA,0.42577815
pos_0401045_TTTC_PAM_-_strand,GTATTTCCCATGGGTTAATTCGGTATCACAC,0.71331227
pos_0029779_TTTA_PAM_+_strand,TGGTTTATCACGTAAGTTTCTTATGACATAA,0.5997965
pos_0197577_TTTG_PAM_-_strand,TGATTTGAATAGAAAAACATGTTACCATATC,0.626294
pos_0803979_TTTA_PAM_-_strand,AACTTTAGCACCACCGTTACCAAATACTACA,0.8838187
pos_0681251_TTTG_PAM_-_strand,TGCTTTGAGGTCTTGAGCCCGATGAATAAGA,0.61212707
pos_0388203_TTTC_PAM_+_strand,AAGTTTCTTCCGATTACTTCATGTCATCTGC,0.61404926
pos_0065975_TTTG_PAM_+_strand,AGCTTTGTCGCGTGAGCTCGCTTCTCATTTC,0.54228264
pos_0517265_TTTC_PAM_-_strand,TTGTTTCATCTATGCCTTCAATCCCATGGAC,0.7038983
pos_0460791_TTTG_PAM_+_strand,TGCTTTGCTGTTTGATCATGTTCACGCTTTT,0.3263838
pos_0137126_TTTA_PAM_+_strand,TTCTTTAGGGGCAGCTGTCAAACAACAGGGT,0.73024416
pos_0663888_TTTC_PAM_+_strand,GTATTTCCCGAAACTGTCAGAGCCGTCCCGG,0.5868447
pos_0301751_TTTC_PAM_+_strand,ACTTTTCCAGTTACCCCAATTCGATGGTAAG,0.7652191
pos_0212268_TTTG_PAM_+_strand,GTTTTTGGAGGGGACTCGCACCCCGAGTTAG,0.7073618
pos_0262249_TTTC_PAM_+_strand,CATTTTCCTGTGAGTTAGTTCCAGTTCGTAG,0.68769
pos_0566443_TTTA_PAM_-_strand,ACTTTTAATTATGATACATTTCTTACGTCAT,0.18345544
pos_0100394_TTTC_PAM_-_strand,TTTTTTCACCTGTCACTAGGATAACTGACCT,0.8079814
pos_0234526_TTTG_PAM_+_strand,TCTTTTGATGACGCGAAAAGTAGACTTCGCG,0.490594
pos_0027374_TTTG_PAM_-_strand,GTATTTGCTGTCGTGATATCATAAGTAGAGA,0.73908585
pos_0312681_TTTC_PAM_+_strand,AACTTTCCTACATCCAAGGGAACAAAATTCC,0.71859187
pos_0455035_TTTC_PAM_-_strand,TTCTTTCGTACTCCATCTCATCTTCGCTATC,0.7973627
pos_0111657_TTTA_PAM_-_strand,TTGTTTAACCTGTTTGTATGGTTTCAATTCT,0.5889629
pos_0186366_TTTA_PAM_-_strand,TACTTTAATATTTATAGTACTTCATTCGATC,0.47948256
pos_0720473_TTTA_PAM_+_strand,TTATTTACAAGTTAGAATATTATCTATTAAC,0.38210043
pos_0742071_TTTG_PAM_+_strand,ATTTTTGTTGCAATAACAGTTCTCGATTTGA,0.43804678
pos_0394742_TTTA_PAM_-_strand,TCATTTAAAAAATTCACCAATTTCTGCGCAT,0.08928215
pos_0034577_TTTG_PAM_-_strand,TTGTTTGGAGTCAGAATAATCTTGATTGTAG,0.65966237
pos_0415713_TTTA_PAM_-_strand,TAATTTAATCAGCTCAGAATATGAAGTTAAG,0.8032744
pos_0544674_TTTA_PAM_+_strand,CCTTTTATTTACATTGACAGCCTCAATGATC,0.27109653
pos_0453862_TTTG_PAM_-_strand,ACATTTGGCTACATTGACTACTGCAACAATT,0.87073404
pos_0747821_TTTG_PAM_-_strand,GATTTTGATAATACTACAAAAGAATAGCCAG,0.77581984
pos_0232377_TTTA_PAM_-_strand,TTGTTTATGTGTCAGTCAAAAGCTAGTTAAA,0.7817318
pos_0019193_TTTA_PAM_-_strand,CTATTTACAGTAGCGCTGATGGCATCTTGTG,0.6618627
pos_0284455_TTTC_PAM_-_strand,ACTTTTCCAAAAGTAGGGACAAAACTTCTCT,0.52243465
pos_0109155_TTTA_PAM_-_strand,TGTTTTATGTTCAGATCCAATAACCCAAACA,0.8014512
pos_0108819_TTTA_PAM_-_strand,TGGTTTAGTGGCAGATAAGGAAGATACAAGG,0.89215446
pos_0336690_TTTG_PAM_+_strand,AGATTTGCCAAATCATGGAACTCGTCAAATA,0.50227576
pos_0185055_TTTG_PAM_+_strand,ACTTTTGGCATTGCACAAACCCAAAAGACCT,0.7802208
pos_0133436_TTTG_PAM_-_strand,TTCTTTGATGTGTTCGTTTACAGTTGCTACA,0.6718515
pos_0597005_TTTC_PAM_-_strand,TTTTTTCAATTTCTACACATTAATAGCGATC,0.3137855
pos_0257204_TTTA_PAM_-_strand,TGATTTAGTTTCGCCGTTAAACTCGCAATTC,0.6777747
pos_0102684_TTTC_PAM_+_strand,CAGTTTCATTAATGCCACGGTTATTGGATCG,0.6536664
pos_1469519_TTTG_PAM_-_strand,CTTTTTGATCTTGAAGAAGATCTCTGAAGAT,0.73282224
pos_0103412_TTTA_PAM_-_strand,TGGTTTATGCACGTGAATATCACGTGAATCG,0.47911274
pos_0009486_TTTA_PAM_+_strand,AGTTTTAATGAGAAATATAACTCTGATGATC,0.7874009
pos_0308204_TTTC_PAM_+_strand,GTATTTCCGTACCTGCATCGGCATAGTTGGT,0.7022432
pos_0029711_TTTC_PAM_+_strand,CTTTTTCACCAGATTAATGGTGCATCAGAGC,0.71128416
pos_0671436_TTTG_PAM_-_strand,TACTTTGTACGTTTCTTGAATATGTTTGTCG,0.050262734
pos_0744894_TTTA_PAM_-_strand,TTGTTTATATATAATCAAATCAACCGAAAAT,0.38996664
pos_0344330_TTTA_PAM_-_strand,ATATTTATTTGTGGCCTTTGGTCGCTACAAT,0.19875064
pos_0026829_TTTA_PAM_-_strand,CAATTTAGGGTAGGGTCCCACATTGAACTTT,0.8443506
pos_0688342_TTTG_PAM_+_strand,AAATTTGACTACTGTTTCACATAGTATATTT,0.78767073
pos_0243713_TTTA_PAM_+_strand,TATTTTATCGATCCGCTTATGTGCACACAGT,0.69706684
pos_0523411_TTTG_PAM_+_strand,ATTTTTGAAAAGGTAAACAACAACGCTACAC,0.6234118
pos_0490944_TTTA_PAM_+_strand,ATTTTTAATGTCTCTTAATAATTCTTGTTCC,0.7211735
pos_0021894_TTTG_PAM_+_strand,GCATTTGTAAACGAAAAATTCTCTCCCAAAC,0.184021
pos_0160468_TTTA_PAM_+_strand,CCCTTTATTACGACATATATGGGAAGTAATA,0.66245675
pos_0449193_TTTA_PAM_-_strand,ATTTTTATTTGGAGGGAAAGTATCCTATTAT,0.6596555
pos_0168406_TTTA_PAM_-_strand,TTTTTTAAGATACGAGTTGCCCAACATTTAC,0.7694904
pos_0122144_TTTC_PAM_+_strand,TTATTTCGTATCGTACTAACAACTAAGATAT,0.82617676
pos_0574060_TTTC_PAM_+_strand,GGGTTTCTTAGGATCATGGGTCGCGCAAAAC,0.74175596
pos_0030431_TTTC_PAM_-_strand,GCCTTTCCTTCGCCAAGAAGTCAAGAAGTAT,0.5995269
pos_0131875_TTTG_PAM_+_strand,CATTTTGGATTCAGTCTGCTTAACTGTCTTG,0.763291
pos_0238399_TTTG_PAM_-_strand,TGTTTTGTCGATCATGATATCTTGAACCGTT,0.369843
pos_0754200_TTTA_PAM_-_strand,ATTTTTAAGGCGTAACAAATTTATGGATATT,0.27897686
pos_0197936_TTTC_PAM_-_strand,AGCTTTCGAAAAAGATAAGTCAATCTGTTAT,0.24587876
pos_0804282_TTTG_PAM_-_strand,ATTTTTGGCAGAAATTAATGCCAGGAGGTCT,0.5647475
pos_0108932_TTTA_PAM_+_strand,TAGTTTATCTCTGTATCGGTCTGTTCTAACC,0.65870035
pos_0156870_TTTG_PAM_-_strand,TTTTTTGCTTTCTTCACTTATGCTTCTGATT,0.38108212
pos_0146224_TTTA_PAM_-_strand,ATCTTTATGGATAAATTCATTCTTGTTAAAT,0.1991688
pos_0363490_TTTG_PAM_+_strand,TGTTTTGGTTTCAAAGATCAAGAAAATAGAT,0.81569
pos_0644141_TTTG_PAM_-_strand,AACTTTGGATCAAAGGGCTTTGTTAGTAGCA,0.69216305
pos_1381192_TTTC_PAM_+_strand,TTTTTTCGACGATAACCTACTAGTATCCTCT,0.8646369
pos_1524255_TTTG_PAM_+_strand,TTATTTGAAGTTTCGTTATAACTCTACAAAA,0.65496284
pos_0158506_TTTG_PAM_+_strand,GATTTTGTCTTTAATTTGCCCTTGATCTTCA,0.3729936
pos_0584501_TTTG_PAM_-_strand,TACTTTGTCATCATCTTCTTCTTCTTCTTCG,0.1840003
pos_0765864_TTTG_PAM_-_strand,CTCTTTGGTTAAAACAGAAGTAGAATCACCT,0.65355307
pos_0078937_TTTA_PAM_+_strand,AGTTTTATGCTCAAGAAGAAAGAGAAGCTGC,0.7661805
pos_0196036_TTTA_PAM_-_strand,AGTTTTAAAGAACTTATTAATCTTTACCAAC,0.20408867
pos_0185949_TTTA_PAM_+_strand,AAATTTAGTACTCAAATCGTGTATGCAATCG,0.77265733
pos_0206577_TTTC_PAM_-_strand,ACATTTCAGTGGAAGTCGAAGTAAAAGTACC,0.7974029
pos_0152802_TTTC_PAM_+_strand,ATCTTTCAAAAATGATGTTAGCGCAATTTGT,0.23451248
pos_0010050_TTTA_PAM_-_strand,AAGTTTATTATTTGTATATGAAGCCGCAGAG,0.104319
pos_0018528_TTTG_PAM_-_strand,TTGTTTGAATGATTATTACTCTATTGACAAA,0.43588755
pos_0203981_TTTA_PAM_+_strand,ATATTTATTAAAAGAATAAAAGTAAAGTGCA,0.13361761
pos_0749251_TTTG_PAM_-_strand,CAATTTGGAAAACTTTACAAATTGAACCAGG,0.18048967
pos_0020701_TTTA_PAM_+_strand,TTCTTTATTACAAAAACAAAACGATAGAATT,0.33835772
pos_0232998_TTTC_PAM_+_strand,CATTTTCATTCTCATCATCCTCATAATCCTC,0.6933125
pos_0051364_TTTC_PAM_-_strand,AGCTTTCATTGCTGTCATTGTGCTTAATAAT,0.6360859
pos_0019324_TTTG_PAM_-_strand,GACTTTGCGATGCCCTCTCCCACGACAACAA,0.7432865
pos_0270939_TTTG_PAM_-_strand,AGCTTTGTGTAAAACACCACCTTCATTAATC,0.66125715
pos_0514205_TTTG_PAM_-_strand,CAATTTGAAGGGTTTGCGATGCTGAAAGAGT,0.7273044
pos_0679347_TTTC_PAM_-_strand,CGATTTCCCAGGTCTGTTTCATCAAGCTGCA,0.8445283
pos_0234159_TTTC_PAM_-_strand,ATATTTCTTGTCATATTCCTTTCTCAATTAT,0.14968938
pos_0315686_TTTG_PAM_+_strand,CCTTTTGGTGTGTCAATGGAACACCACGTAA,0.7931325
pos_0674735_TTTG_PAM_-_strand,CGGTTTGAAGAATCTGGAGAACTTAACAAAA,0.817107
pos_0762791_TTTC_PAM_+_strand,TGTTTTCATTTCAATTTCTAGTTTGGCTAGT,0.19849245
pos_0559698_TTTG_PAM_+_strand,TAATTTGAACGCTTTCAAAAGCAAAGTGAAG,0.2792732
pos_0032806_TTTC_PAM_+_strand,TGGTTTCAACTTCTCTCTCTGATTCAGTTAA,0.40025866
pos_0415574_TTTC_PAM_-_strand,AAATTTCAAAAACCATCCAAAATTCAAGAAA,0.32447493
pos_0589096_TTTG_PAM_-_strand,CTATTTGTGGTGCAGGTTCTGCTTGTGATAG,0.383319
pos_0162753_TTTG_PAM_+_strand,GACTTTGTTTCATGACGAGAATACTAATGAA,0.49636534
pos_0382073_TTTC_PAM_+_strand,TACTTTCGATGTCTCTCTATTGTCTATTGAA,0.72830015
pos_0484748_TTTA_PAM_+_strand,ATCTTTATCTCGTTTATCCTTTCCATCTTCA,0.314411
