name,parent,parent_frequency,plate,sample,group,var,rep,control,prom_cas,timepoint,generations,efficiency,colonies_cutoff
VB_20240909_Cas_vars_Experiment_T01_TEF_D1_C1.fcs,root,1,VB_20240909_Cas_vars,C1,T01_TEF_D1,LbCas12a(CO),1,No,TEF,T01,0,3.3840000000000003,3705
VB_20240909_Cas_vars_Experiment_T01_TEF_D1_D1.fcs,root,1,VB_20240909_Cas_vars,D1,T01_TEF_D1,FnCas12a(CO),1,No,TEF,T01,0,48.196,2116
VB_20240909_Cas_vars_Experiment_T01_TEF_D1_E1.fcs,root,1,VB_20240909_Cas_vars,E1,T01_TEF_D1,FnCas12a,1,No,TEF,T01,0,77.84,2424
VB_20240909_Cas_vars_Experiment_T01_TEF_D1_F1.fcs,root,1,VB_20240909_Cas_vars,F1,T01_TEF_D1,LbCas12a,1,No,TEF,T01,0,3.512,3329
VB_20240909_Cas_vars_Experiment_T01_TEF_D1_G1.fcs,root,1,VB_20240909_Cas_vars,G1,T01_TEF_D1,AsCas12a,1,No,TEF,T01,0,1.888,8092
VB_20240909_Cas_vars_Experiment_T01_TEF_D1_H1.fcs,root,1,VB_20240909_Cas_vars,H1,T01_TEF_D1,MbCas12a,1,No,TEF,T01,0,1.796,7656
VB_20240909_Cas_vars_Experiment_T01_TEF_D2_C2.fcs,root,1,VB_20240909_Cas_vars,C2,T01_TEF_D2,LbCas12a(CO),2,No,TEF,T01,0,4.008,2444
VB_20240909_Cas_vars_Experiment_T01_TEF_D2_D2.fcs,root,1,VB_20240909_Cas_vars,D2,T01_TEF_D2,FnCas12a(CO),2,No,TEF,T01,0,50.69200000000001,1494
VB_20240909_Cas_vars_Experiment_T01_TEF_D2_E2.fcs,root,1,VB_20240909_Cas_vars,E2,T01_TEF_D2,FnCas12a,2,No,TEF,T01,0,83.74000000000001,1419
VB_20240909_Cas_vars_Experiment_T01_TEF_D2_F2.fcs,root,1,VB_20240909_Cas_vars,F2,T01_TEF_D2,LbCas12a,2,No,TEF,T01,0,3.676,3104
VB_20240909_Cas_vars_Experiment_T01_TEF_D2_G2.fcs,root,1,VB_20240909_Cas_vars,G2,T01_TEF_D2,AsCas12a,2,No,TEF,T01,0,1.568,6922
VB_20240909_Cas_vars_Experiment_T01_TEF_D2_H2.fcs,root,1,VB_20240909_Cas_vars,H2,T01_TEF_D2,MbCas12a,2,No,TEF,T01,0,1.424,7223
VB_20240909_Cas_vars_Experiment_T02_TEF_D1_C5.fcs,root,1,VB_20240909_Cas_vars,C5,T02_TEF_D1,LbCas12a(CO),1,No,TEF,T02,6.857980995,31.408,3705
VB_20240909_Cas_vars_Experiment_T02_TEF_D1_D5.fcs,root,1,VB_20240909_Cas_vars,D5,T02_TEF_D1,FnCas12a(CO),1,No,TEF,T02,7.842978832,76.716,2116
VB_20240909_Cas_vars_Experiment_T02_TEF_D1_E5.fcs,root,1,VB_20240909_Cas_vars,E5,T02_TEF_D1,FnCas12a,1,No,TEF,T02,7.754887502,80.704,2424
VB_20240909_Cas_vars_Experiment_T02_TEF_D1_F5.fcs,root,1,VB_20240909_Cas_vars,F5,T02_TEF_D1,LbCas12a,1,No,TEF,T02,6.459431619,43.616,3329
VB_20240909_Cas_vars_Experiment_T02_TEF_D1_G5.fcs,root,1,VB_20240909_Cas_vars,G5,T02_TEF_D1,AsCas12a,1,No,TEF,T02,6.776103988,25.684,8092
VB_20240909_Cas_vars_Experiment_T02_TEF_D1_H5.fcs,root,1,VB_20240909_Cas_vars,H5,T02_TEF_D1,MbCas12a,1,No,TEF,T02,6.944858446,18.54,7656
VB_20240909_Cas_vars_Experiment_T02_TEF_D2_C6.fcs,root,1,VB_20240909_Cas_vars,C6,T02_TEF_D2,LbCas12a(CO),2,No,TEF,T02,5.459431619,32.572,2444
VB_20240909_Cas_vars_Experiment_T02_TEF_D2_D6.fcs,root,1,VB_20240909_Cas_vars,D6,T02_TEF_D2,FnCas12a(CO),2,No,TEF,T02,6.459431619,79.512,1494
VB_20240909_Cas_vars_Experiment_T02_TEF_D2_E6.fcs,root,1,VB_20240909_Cas_vars,E6,T02_TEF_D2,FnCas12a,2,No,TEF,T02,7.596935142,85.32,1419
VB_20240909_Cas_vars_Experiment_T02_TEF_D2_F6.fcs,root,1,VB_20240909_Cas_vars,F6,T02_TEF_D2,LbCas12a,2,No,TEF,T02,5.40599236,38.54,3104
VB_20240909_Cas_vars_Experiment_T02_TEF_D2_G6.fcs,root,1,VB_20240909_Cas_vars,G6,T02_TEF_D2,AsCas12a,2,No,TEF,T02,5.608809243,23.408,6922
VB_20240909_Cas_vars_Experiment_T02_TEF_D2_H6.fcs,root,1,VB_20240909_Cas_vars,H6,T02_TEF_D2,MbCas12a,2,No,TEF,T02,5.906890596,17.644000000000002,7223
VB_20240909_Cas_vars_Experiment_T03_TEF_D1_C9.fcs,root,1,VB_20240909_Cas_vars,C9,T03_TEF_D1,LbCas12a(CO),1,No,TEF,T03,15.90674031,62.048,3705
VB_20240909_Cas_vars_Experiment_T03_TEF_D1_D9.fcs,root,1,VB_20240909_Cas_vars,D9,T03_TEF_D1,FnCas12a(CO),1,No,TEF,T03,17.22495431,64.116,2116
VB_20240909_Cas_vars_Experiment_T03_TEF_D1_E9.fcs,root,1,VB_20240909_Cas_vars,E9,T03_TEF_D1,FnCas12a,1,No,TEF,T03,17.33080486,68.66,2424
VB_20240909_Cas_vars_Experiment_T03_TEF_D1_F9.fcs,root,1,VB_20240909_Cas_vars,F9,T03_TEF_D1,LbCas12a,1,No,TEF,T03,15.71304277,69.74000000000001,3329
VB_20240909_Cas_vars_Experiment_T03_TEF_D1_G9.fcs,root,1,VB_20240909_Cas_vars,G9,T03_TEF_D1,AsCas12a,1,No,TEF,T03,15.93799167,42.184,8092
VB_20240909_Cas_vars_Experiment_T03_TEF_D1_H9.fcs,root,1,VB_20240909_Cas_vars,H9,T03_TEF_D1,MbCas12a,1,No,TEF,T03,16.20413093,34.964,7656
VB_20240909_Cas_vars_Experiment_T03_TEF_D2_C10.fcs,root,1,VB_20240909_Cas_vars,C10,T03_TEF_D2,LbCas12a(CO),2,No,TEF,T03,14.79749942,55.324,2444
VB_20240909_Cas_vars_Experiment_T03_TEF_D2_D10.fcs,root,1,VB_20240909_Cas_vars,D10,T03_TEF_D2,FnCas12a(CO),2,No,TEF,T03,15.95288682,68.604,1494
VB_20240909_Cas_vars_Experiment_T03_TEF_D2_E10.fcs,root,1,VB_20240909_Cas_vars,E10,T03_TEF_D2,FnCas12a,2,No,TEF,T03,17.13764441,74.768,1419
VB_20240909_Cas_vars_Experiment_T03_TEF_D2_F10.fcs,root,1,VB_20240909_Cas_vars,F10,T03_TEF_D2,LbCas12a,2,No,TEF,T03,14.78796784,66.684,3104
VB_20240909_Cas_vars_Experiment_T03_TEF_D2_G10.fcs,root,1,VB_20240909_Cas_vars,G10,T03_TEF_D2,AsCas12a,2,No,TEF,T03,15.03171499,37.632,6922
VB_20240909_Cas_vars_Experiment_T03_TEF_D2_H10.fcs,root,1,VB_20240909_Cas_vars,H10,T03_TEF_D2,MbCas12a,2,No,TEF,T03,15.12605912,30.888,7223
VB_20240911_Cas_vars_P2_Experiment_T04_TEF_D1_C1.fcs,root,1,VB_20240911_Cas_vars_P2,C1,T04_TEF_D1,LbCas12a(CO),1,No,TEF,T04,22.5505965,68.192,3705
VB_20240911_Cas_vars_P2_Experiment_T04_TEF_D1_D1.fcs,root,1,VB_20240911_Cas_vars_P2,D1,T04_TEF_D1,FnCas12a(CO),1,No,TEF,T04,23.8917109,54.656000000000006,2116
VB_20240911_Cas_vars_P2_Experiment_T04_TEF_D1_E1.fcs,root,1,VB_20240911_Cas_vars_P2,E1,T04_TEF_D1,FnCas12a,1,No,TEF,T04,24.12781784,61.596,2424
VB_20240911_Cas_vars_P2_Experiment_T04_TEF_D1_F1.fcs,root,1,VB_20240911_Cas_vars_P2,F1,T04_TEF_D1,LbCas12a,1,No,TEF,T04,21.52039769,72.52,3329
VB_20240911_Cas_vars_P2_Experiment_T04_TEF_D1_G1.fcs,root,1,VB_20240911_Cas_vars_P2,G1,T04_TEF_D1,AsCas12a,1,No,TEF,T04,22.54680091,51.052,8092
VB_20240911_Cas_vars_P2_Experiment_T04_TEF_D1_H1.fcs,root,1,VB_20240911_Cas_vars_P2,H1,T04_TEF_D1,MbCas12a,1,No,TEF,T04,22.14898938,42.136,7656
VB_20240911_Cas_vars_P2_Experiment_T04_TEF_D2_C2.fcs,root,1,VB_20240911_Cas_vars_P2,C2,T04_TEF_D2,LbCas12a(CO),2,No,TEF,T04,20.09028117,62.952,2444
VB_20240911_Cas_vars_P2_Experiment_T04_TEF_D2_D2.fcs,root,1,VB_20240911_Cas_vars_P2,D2,T04_TEF_D2,FnCas12a(CO),2,No,TEF,T04,22.20081433,61.495999999999995,1494
VB_20240911_Cas_vars_P2_Experiment_T04_TEF_D2_E2.fcs,root,1,VB_20240911_Cas_vars_P2,E2,T04_TEF_D2,FnCas12a,2,No,TEF,T04,23.30756941,70.39999999999999,1419
VB_20240911_Cas_vars_P2_Experiment_T04_TEF_D2_F2.fcs,root,1,VB_20240911_Cas_vars_P2,F2,T04_TEF_D2,LbCas12a,2,No,TEF,T04,21.92547136,72.796,3104
VB_20240911_Cas_vars_P2_Experiment_T04_TEF_D2_G2.fcs,root,1,VB_20240911_Cas_vars_P2,G2,T04_TEF_D2,AsCas12a,2,No,TEF,T04,21.51714181,51.62,6922
VB_20240911_Cas_vars_P2_Experiment_T04_TEF_D2_H2.fcs,root,1,VB_20240911_Cas_vars_P2,H2,T04_TEF_D2,MbCas12a,2,No,TEF,T04,21.97405602,43.164,7223
VB_20240916_PGK1_proms_Experiment_ys304_T01_A11.fcs,root,1,VB_20240916_PGK1_proms,A11,ys304_T01,enAsCas12a,1,No,TEF,T01,0,77.66,363
VB_20240916_PGK1_proms_Experiment_ys304_T01_A12.fcs,root,1,VB_20240916_PGK1_proms,A12,ys304_T01,enAsCas12a,2,No,TEF,T01,0,80.73599999999999,441
VB_20240916_PGK1_proms_Experiment_ys304_T02_C11.fcs,root,1,VB_20240916_PGK1_proms,C11,ys304_T02,enAsCas12a,1,No,TEF,T02,7.738767837,65.208,363
VB_20240916_PGK1_proms_Experiment_ys304_T02_C12.fcs,root,1,VB_20240916_PGK1_proms,C12,ys304_T02,enAsCas12a,2,No,TEF,T02,7.300123725,70.176,441
VB_20240916_PGK1_proms_P2_Experiment_ys304_T03_A11.fcs,root,1,VB_20240916_PGK1_proms_P2,A11,ys304_T03,enAsCas12a,1,No,TEF,T03,13.29948279,57.02,363
VB_20240916_PGK1_proms_P2_Experiment_ys304_T03_A12.fcs,root,1,VB_20240916_PGK1_proms_P2,A12,ys304_T03,enAsCas12a,2,No,TEF,T03,12.22612314,60.940000000000005,441
VB_20240916_PGK1_proms_P2_Experiment_ys304_T04_C11.fcs,root,1,VB_20240916_PGK1_proms_P2,C11,ys304_T04,enAsCas12a,1,No,TEF,T04,22.81715218,44.236,363
VB_20240916_PGK1_proms_P2_Experiment_ys304_T04_C12.fcs,root,1,VB_20240916_PGK1_proms_P2,C12,ys304_T04,enAsCas12a,2,No,TEF,T04,21.71997859,46.56,441
