promoter,donor_recruitment,cas_variant,well_position,timepoint,avg_value
RPR1,No,FnCas12a,A01,11_gen,17.716
RPR1,No,FnCas12a,A01,20_gen,26.334
RPR1,No,FnCas12a,A01,6_gen,19.759999999999998
RPR1,No,FnCas12a,A01,scraped,27.695957369148047
RPR1,No,FnCas12a,A04,11_gen,45.432
RPR1,No,FnCas12a,A04,20_gen,61.756
RPR1,No,FnCas12a,A04,6_gen,48.5112063953064
RPR1,No,FnCas12a,A04,scraped,17.80126655239695
RPR1,No,FnCas12a,A09,11_gen,71.40000000000035
RPR1,No,FnCas12a,A09,20_gen,94.7999999999999
RPR1,No,FnCas12a,A09,6_gen,1.306
RPR1,No,FnCas12a,A09,scraped,25.225776829220102
RPR1,No,FnCas12a,A12,11_gen,94.756
RPR1,No,FnCas12a,A12,20_gen,98.29
RPR1,No,FnCas12a,A12,6_gen,87.97
RPR1,No,FnCas12a,A12,scraped,6.8420000000000005
RPR1,No,FnCas12a,B05,11_gen,90.94399999999999
RPR1,No,FnCas12a,B05,20_gen,97.186
RPR1,No,FnCas12a,B05,6_gen,79.02583765577745
RPR1,No,FnCas12a,B05,scraped,23.11890781948895
RPR1,No,FnCas12a,C03,11_gen,22.729999999999997
RPR1,No,FnCas12a,C03,20_gen,32.734
RPR1,No,FnCas12a,C03,6_gen,22.73885285474355
RPR1,No,FnCas12a,C03,scraped,14.942241386246952
RPR1,No,FnCas12a,C04,11_gen,83.404
RPR1,No,FnCas12a,C04,20_gen,89.41
RPR1,No,FnCas12a,C04,6_gen,77.08
RPR1,No,FnCas12a,C04,scraped,23.431163716445898
RPR1,No,FnCas12a,C05,11_gen,4.644
RPR1,No,FnCas12a,C05,20_gen,7.088
RPR1,No,FnCas12a,C05,6_gen,4.916
RPR1,No,FnCas12a,C05,scraped,3.3099999999999996
RPR1,No,FnCas12a,E01,11_gen,99.46600000000001
RPR1,No,FnCas12a,E01,20_gen,99.584
RPR1,No,FnCas12a,E01,6_gen,99.586
RPR1,No,FnCas12a,E01,scraped,92.09859181932185
RPR1,No,FnCas12a,E02,11_gen,95.61599999999999
RPR1,No,FnCas12a,E02,20_gen,96.072
RPR1,No,FnCas12a,E02,6_gen,97.18527217399024
RPR1,No,FnCas12a,E02,scraped,98.8363284889726
RPR1,No,FnCas12a,E05,11_gen,99.53999999999999
RPR1,No,FnCas12a,E05,20_gen,99.714
RPR1,No,FnCas12a,E05,6_gen,99.304
RPR1,No,FnCas12a,E05,scraped,70.69042567166974
RPR1,No,FnCas12a,G03,11_gen,99.446
RPR1,No,FnCas12a,G03,20_gen,99.79599999999999
RPR1,No,FnCas12a,G03,6_gen,96.99199999999999
RPR1,No,FnCas12a,G03,scraped,17.708
RPR1,No,FnCas12a,H11,11_gen,98.852
RPR1,No,FnCas12a,H11,20_gen,99.326
RPR1,No,FnCas12a,H11,6_gen,93.85579399576825
RPR1,No,FnCas12a,H11,scraped,27.193785261373797
RPR1,No,enAsCas12a,A01,11_gen,94.51
RPR1,No,enAsCas12a,A01,20_gen,98.05799999999999
RPR1,No,enAsCas12a,A01,6_gen,88.148
RPR1,No,enAsCas12a,A01,scraped,5.843999999999999
RPR1,No,enAsCas12a,A04,11_gen,99.824
RPR1,No,enAsCas12a,A04,20_gen,99.842
RPR1,No,enAsCas12a,A04,6_gen,99.88
RPR1,No,enAsCas12a,A04,scraped,99.874
RPR1,No,enAsCas12a,A09,11_gen,49.33999999999994
RPR1,No,enAsCas12a,A09,20_gen,1.291999999999995
RPR1,No,enAsCas12a,A09,6_gen,2.378
RPR1,No,enAsCas12a,A09,scraped,8.208
RPR1,No,enAsCas12a,A12,11_gen,93.50200000000001
RPR1,No,enAsCas12a,A12,20_gen,91.544
RPR1,No,enAsCas12a,A12,6_gen,93.14033740975626
RPR1,No,enAsCas12a,A12,scraped,52.482
RPR1,No,enAsCas12a,B05,11_gen,47.138000000000005
RPR1,No,enAsCas12a,B05,20_gen,32.592
RPR1,No,enAsCas12a,B05,6_gen,59.462144251984654
RPR1,No,enAsCas12a,B05,scraped,20.61
RPR1,No,enAsCas12a,C03,11_gen,98.126
RPR1,No,enAsCas12a,C03,20_gen,98.00800000000001
RPR1,No,enAsCas12a,C03,6_gen,98.602
RPR1,No,enAsCas12a,C03,scraped,98.45
RPR1,No,enAsCas12a,C04,11_gen,99.27799999999999
RPR1,No,enAsCas12a,C04,20_gen,99.13
RPR1,No,enAsCas12a,C04,6_gen,91.4237736129453
RPR1,No,enAsCas12a,C04,scraped,22.938
RPR1,No,enAsCas12a,C05,11_gen,99.648
RPR1,No,enAsCas12a,C05,20_gen,99.624
RPR1,No,enAsCas12a,C05,6_gen,99.636
RPR1,No,enAsCas12a,C05,scraped,82.614
RPR1,No,enAsCas12a,E01,11_gen,99.86
RPR1,No,enAsCas12a,E01,20_gen,99.736
RPR1,No,enAsCas12a,E01,6_gen,99.884
RPR1,No,enAsCas12a,E01,scraped,99.852
RPR1,No,enAsCas12a,E02,11_gen,11.184
RPR1,No,enAsCas12a,E02,20_gen,15.515999999999998
RPR1,No,enAsCas12a,E02,6_gen,8.594
RPR1,No,enAsCas12a,E02,scraped,20.076105273562348
RPR1,No,enAsCas12a,E05,11_gen,99.108
RPR1,No,enAsCas12a,E05,20_gen,98.97
RPR1,No,enAsCas12a,E05,6_gen,99.244
RPR1,No,enAsCas12a,E05,scraped,97.94999999999999
RPR1,No,enAsCas12a,G03,11_gen,99.548
RPR1,No,enAsCas12a,G03,20_gen,99.106
RPR1,No,enAsCas12a,G03,6_gen,99.74000000000001
RPR1,No,enAsCas12a,G03,scraped,99.888
RPR1,No,enAsCas12a,H11,11_gen,29.987456790123446
RPR1,No,enAsCas12a,H11,20_gen,59.4453601789709
RPR1,No,enAsCas12a,H11,6_gen,58.45155140186915
RPR1,No,enAsCas12a,H11,scraped,42.11438813219035
RPR1,Yes,FnCas12a,A01,11_gen,18.665999999999997
RPR1,Yes,FnCas12a,A01,20_gen,24.33
RPR1,Yes,FnCas12a,A01,6_gen,18.35
RPR1,Yes,FnCas12a,A01,scraped,3.376
RPR1,Yes,FnCas12a,A04,11_gen,72.332
RPR1,Yes,FnCas12a,A04,20_gen,83.364
RPR1,Yes,FnCas12a,A04,6_gen,35.034000000000006
RPR1,Yes,FnCas12a,A04,scraped,3.628
RPR1,Yes,FnCas12a,A09,11_gen,41.13800000000025
RPR1,Yes,FnCas12a,A09,20_gen,36.230000000000096
RPR1,Yes,FnCas12a,A09,6_gen,1.426
RPR1,Yes,FnCas12a,A09,scraped,3.436
RPR1,Yes,FnCas12a,A12,11_gen,99.932
RPR1,Yes,FnCas12a,A12,20_gen,99.95400000000001
RPR1,Yes,FnCas12a,A12,6_gen,84.48599999999999
RPR1,Yes,FnCas12a,A12,scraped,9.872
RPR1,Yes,FnCas12a,B05,11_gen,97.01298630136984
RPR1,Yes,FnCas12a,B05,20_gen,99.144
RPR1,Yes,FnCas12a,B05,6_gen,93.184
RPR1,Yes,FnCas12a,B05,scraped,21.66
RPR1,Yes,FnCas12a,C03,11_gen,64.18
RPR1,Yes,FnCas12a,C03,20_gen,76.22800000000001
RPR1,Yes,FnCas12a,C03,6_gen,28.222
RPR1,Yes,FnCas12a,C03,scraped,3.112
RPR1,Yes,FnCas12a,C04,11_gen,70.812
RPR1,Yes,FnCas12a,C04,20_gen,77.244
RPR1,Yes,FnCas12a,C04,6_gen,62.586
RPR1,Yes,FnCas12a,C04,scraped,6.13
RPR1,Yes,FnCas12a,C05,11_gen,8.292
RPR1,Yes,FnCas12a,C05,20_gen,7.416
RPR1,Yes,FnCas12a,C05,6_gen,7.640000000000001
RPR1,Yes,FnCas12a,C05,scraped,4.586
RPR1,Yes,FnCas12a,E01,11_gen,95.37177714885165
RPR1,Yes,FnCas12a,E01,20_gen,99.928
RPR1,Yes,FnCas12a,E01,6_gen,99.92
RPR1,Yes,FnCas12a,E01,scraped,97.348
RPR1,Yes,FnCas12a,E02,11_gen,99.946
RPR1,Yes,FnCas12a,E02,20_gen,99.95400000000001
RPR1,Yes,FnCas12a,E02,6_gen,99.818
RPR1,Yes,FnCas12a,E02,scraped,99.552
RPR1,Yes,FnCas12a,E05,11_gen,99.968
RPR1,Yes,FnCas12a,E05,20_gen,99.922
RPR1,Yes,FnCas12a,E05,6_gen,99.898
RPR1,Yes,FnCas12a,E05,scraped,96.274
RPR1,Yes,FnCas12a,G03,11_gen,96.6199270595897
RPR1,Yes,FnCas12a,G03,20_gen,98.684
RPR1,Yes,FnCas12a,G03,6_gen,99.404
RPR1,Yes,FnCas12a,G03,scraped,48.31
RPR1,Yes,FnCas12a,H11,11_gen,93.59762750777816
RPR1,Yes,FnCas12a,H11,20_gen,97.564
RPR1,Yes,FnCas12a,H11,6_gen,98.488
RPR1,Yes,FnCas12a,H11,scraped,41.122
RPR1,Yes,enAsCas12a,A01,11_gen,94.48599999999999
RPR1,Yes,enAsCas12a,A01,20_gen,97.802
RPR1,Yes,enAsCas12a,A01,6_gen,90.024
RPR1,Yes,enAsCas12a,A01,scraped,22.604
RPR1,Yes,enAsCas12a,A04,11_gen,99.852
RPR1,Yes,enAsCas12a,A04,20_gen,99.87799999999999
RPR1,Yes,enAsCas12a,A04,6_gen,99.87
RPR1,Yes,enAsCas12a,A04,scraped,99.84799999999998
RPR1,Yes,enAsCas12a,A09,11_gen,81
RPR1,Yes,enAsCas12a,A09,20_gen,38.51200000000025
RPR1,Yes,enAsCas12a,A09,6_gen,2.2039999999999997
RPR1,Yes,enAsCas12a,A09,scraped,11.428
RPR1,Yes,enAsCas12a,A12,11_gen,99.32
RPR1,Yes,enAsCas12a,A12,20_gen,99.394
RPR1,Yes,enAsCas12a,A12,6_gen,98.874
RPR1,Yes,enAsCas12a,A12,scraped,87.80199999999999
RPR1,Yes,enAsCas12a,B05,11_gen,87.018
RPR1,Yes,enAsCas12a,B05,20_gen,80.792
RPR1,Yes,enAsCas12a,B05,6_gen,90.14668631021354
RPR1,Yes,enAsCas12a,B05,scraped,66.612
RPR1,Yes,enAsCas12a,C03,11_gen,99.79400000000001
RPR1,Yes,enAsCas12a,C03,20_gen,99.902
RPR1,Yes,enAsCas12a,C03,6_gen,99.892
RPR1,Yes,enAsCas12a,C03,scraped,99.79599999999999
RPR1,Yes,enAsCas12a,C04,11_gen,99.78399999999999
RPR1,Yes,enAsCas12a,C04,20_gen,99.70599999999999
RPR1,Yes,enAsCas12a,C04,6_gen,98.00709285788676
RPR1,Yes,enAsCas12a,C04,scraped,63.876
RPR1,Yes,enAsCas12a,C05,11_gen,99.964
RPR1,Yes,enAsCas12a,C05,20_gen,99.984
RPR1,Yes,enAsCas12a,C05,6_gen,99.892
RPR1,Yes,enAsCas12a,C05,scraped,95.964
RPR1,Yes,enAsCas12a,E01,11_gen,99.97800000000001
RPR1,Yes,enAsCas12a,E01,20_gen,99.986
RPR1,Yes,enAsCas12a,E01,6_gen,99.97
RPR1,Yes,enAsCas12a,E01,scraped,99.868
RPR1,Yes,enAsCas12a,E02,11_gen,52.914
RPR1,Yes,enAsCas12a,E02,20_gen,57.55799999999999
RPR1,Yes,enAsCas12a,E02,6_gen,53.3948608979367
RPR1,Yes,enAsCas12a,E02,scraped,39.927414246802996
RPR1,Yes,enAsCas12a,E05,11_gen,99.53999999999999
RPR1,Yes,enAsCas12a,E05,20_gen,99.50399999999999
RPR1,Yes,enAsCas12a,E05,6_gen,99.684
RPR1,Yes,enAsCas12a,E05,scraped,97.386
RPR1,Yes,enAsCas12a,G03,11_gen,99.994
RPR1,Yes,enAsCas12a,G03,20_gen,99.994
RPR1,Yes,enAsCas12a,G03,6_gen,99.982
RPR1,Yes,enAsCas12a,G03,scraped,99.944
RPR1,Yes,enAsCas12a,H11,11_gen,32.495999999999995
RPR1,Yes,enAsCas12a,H11,20_gen,33.05
RPR1,Yes,enAsCas12a,H11,6_gen,35.816
RPR1,Yes,enAsCas12a,H11,scraped,30.253999999999998
SNR52,No,FnCas12a,A01,11_gen,31.046
SNR52,No,FnCas12a,A01,20_gen,46.686
SNR52,No,FnCas12a,A01,6_gen,33.472
SNR52,No,FnCas12a,A01,scraped,12.726
SNR52,No,FnCas12a,A04,11_gen,90.774
SNR52,No,FnCas12a,A04,20_gen,97.37
SNR52,No,FnCas12a,A04,6_gen,79.41049267671265
SNR52,No,FnCas12a,A04,scraped,23.817954388013447
SNR52,No,FnCas12a,A09,11_gen,57.2
SNR52,No,FnCas12a,A09,20_gen,82.2000000000001
SNR52,No,FnCas12a,A09,6_gen,1.28
SNR52,No,FnCas12a,A09,scraped,16.64226778721385
SNR52,No,FnCas12a,A12,11_gen,99.75200000000001
SNR52,No,FnCas12a,A12,20_gen,99.846
SNR52,No,FnCas12a,A12,6_gen,99.50200000000001
SNR52,No,FnCas12a,A12,scraped,74.84826375475771
SNR52,No,FnCas12a,B05,11_gen,96.594
SNR52,No,FnCas12a,B05,20_gen,96.594
SNR52,No,FnCas12a,B05,6_gen,95.27055228302706
SNR52,No,FnCas12a,B05,scraped,62.953026852412705
SNR52,No,FnCas12a,C03,11_gen,70.06799999999998
SNR52,No,FnCas12a,C03,20_gen,89.574
SNR52,No,FnCas12a,C03,6_gen,54.44935499283325
SNR52,No,FnCas12a,C03,scraped,22.734910870683052
SNR52,No,FnCas12a,C04,11_gen,85.928
SNR52,No,FnCas12a,C04,20_gen,91.636
SNR52,No,FnCas12a,C04,6_gen,78.0481845092164
SNR52,No,FnCas12a,C04,scraped,14.60972558634465
SNR52,No,FnCas12a,C05,11_gen,3.142000000000005
SNR52,No,FnCas12a,C05,20_gen,4.496
SNR52,No,FnCas12a,C05,6_gen,2.896
SNR52,No,FnCas12a,C05,scraped,28.296151867818402
SNR52,No,FnCas12a,E01,11_gen,99.792
SNR52,No,FnCas12a,E01,20_gen,99.82
SNR52,No,FnCas12a,E01,6_gen,99.886
SNR52,No,FnCas12a,E01,scraped,98.19194597950946
SNR52,No,FnCas12a,E02,11_gen,98.88
SNR52,No,FnCas12a,E02,20_gen,98.926
SNR52,No,FnCas12a,E02,6_gen,99.1798923395445
SNR52,No,FnCas12a,E02,scraped,93.89275276532209
SNR52,No,FnCas12a,E05,11_gen,99.716
SNR52,No,FnCas12a,E05,20_gen,99.79400000000001
SNR52,No,FnCas12a,E05,6_gen,99.572
SNR52,No,FnCas12a,E05,scraped,73.50353679821845
SNR52,No,FnCas12a,G03,11_gen,95.494
SNR52,No,FnCas12a,G03,20_gen,98.962
SNR52,No,FnCas12a,G03,6_gen,86.82
SNR52,No,FnCas12a,G03,scraped,26.99108818978965
SNR52,No,FnCas12a,H11,11_gen,92.72
SNR52,No,FnCas12a,H11,20_gen,98.158
SNR52,No,FnCas12a,H11,6_gen,82.69045674740485
SNR52,No,FnCas12a,H11,scraped,10.516
SNR52,No,enAsCas12a,A01,11_gen,99.29897794043956
SNR52,No,enAsCas12a,A01,20_gen,99.8150266726231
SNR52,No,enAsCas12a,A01,6_gen,95.82
SNR52,No,enAsCas12a,A01,scraped,18.22
SNR52,No,enAsCas12a,A04,11_gen,99.8196372691854
SNR52,No,enAsCas12a,A04,20_gen,99.8663848184309
SNR52,No,enAsCas12a,A04,6_gen,99.732
SNR52,No,enAsCas12a,A04,scraped,97.178
SNR52,No,enAsCas12a,A09,11_gen,37.6650107405957
SNR52,No,enAsCas12a,A09,20_gen,47.83230996435037
SNR52,No,enAsCas12a,A09,6_gen,1.216
SNR52,No,enAsCas12a,A09,scraped,6.24
SNR52,No,enAsCas12a,A12,11_gen,97.7395432645591
SNR52,No,enAsCas12a,A12,20_gen,94.1959992783903
SNR52,No,enAsCas12a,A12,6_gen,98.358
SNR52,No,enAsCas12a,A12,scraped,98.22999999999999
SNR52,No,enAsCas12a,B05,11_gen,25.40385536401525
SNR52,No,enAsCas12a,B05,20_gen,12.521316039123816
SNR52,No,enAsCas12a,B05,6_gen,36.128
SNR52,No,enAsCas12a,B05,scraped,52.856
SNR52,No,enAsCas12a,C03,11_gen,99.72547228083471
SNR52,No,enAsCas12a,C03,20_gen,99.60258909630029
SNR52,No,enAsCas12a,C03,6_gen,99.494
SNR52,No,enAsCas12a,C03,scraped,94.94200000000001
SNR52,No,enAsCas12a,C04,11_gen,99.23219178524755
SNR52,No,enAsCas12a,C04,20_gen,99.42162179114635
SNR52,No,enAsCas12a,C04,6_gen,94.55799999999999
SNR52,No,enAsCas12a,C04,scraped,22.101999999999997
SNR52,No,enAsCas12a,C05,11_gen,99.90682725670065
SNR52,No,enAsCas12a,C05,20_gen,99.96324920244794
SNR52,No,enAsCas12a,C05,6_gen,99.66
SNR52,No,enAsCas12a,C05,scraped,80.32
SNR52,No,enAsCas12a,E01,11_gen,99.98528380635966
SNR52,No,enAsCas12a,E01,20_gen,99.99153901372179
SNR52,No,enAsCas12a,E01,6_gen,99.95
SNR52,No,enAsCas12a,E01,scraped,99.916
SNR52,No,enAsCas12a,E02,11_gen,99.9963386057411
SNR52,No,enAsCas12a,E02,20_gen,99.9935064935065
SNR52,No,enAsCas12a,E02,6_gen,99.988
SNR52,No,enAsCas12a,E02,scraped,94.876
SNR52,No,enAsCas12a,E05,11_gen,99.7956603684569
SNR52,No,enAsCas12a,E05,20_gen,99.82137881194146
SNR52,No,enAsCas12a,E05,6_gen,99.71199999999999
SNR52,No,enAsCas12a,E05,scraped,96.316
SNR52,No,enAsCas12a,G03,11_gen,99.99260737783689
SNR52,No,enAsCas12a,G03,20_gen,99.9896583818815
SNR52,No,enAsCas12a,G03,6_gen,99.964
SNR52,No,enAsCas12a,G03,scraped,90.47
SNR52,No,enAsCas12a,H11,11_gen,16.188188653295608
SNR52,No,enAsCas12a,H11,20_gen,50.270625981195074
SNR52,No,enAsCas12a,H11,6_gen,2.206
SNR52,No,enAsCas12a,H11,scraped,9.814
SNR52,Yes,FnCas12a,A01,11_gen,24.488
SNR52,Yes,FnCas12a,A01,20_gen,23.492
SNR52,Yes,FnCas12a,A01,6_gen,13.914000000000001
SNR52,Yes,FnCas12a,A01,scraped,3.294
SNR52,Yes,FnCas12a,A04,11_gen,70.77799999999999
SNR52,Yes,FnCas12a,A04,20_gen,79.894
SNR52,Yes,FnCas12a,A04,6_gen,56.92
SNR52,Yes,FnCas12a,A04,scraped,5.776
SNR52,Yes,FnCas12a,A09,11_gen,1.4564582638863
SNR52,Yes,FnCas12a,A09,20_gen,1.192
SNR52,Yes,FnCas12a,A09,6_gen,1.364000000000005
SNR52,Yes,FnCas12a,A09,scraped,3.0540000000000003
SNR52,Yes,FnCas12a,A12,11_gen,99.922
SNR52,Yes,FnCas12a,A12,20_gen,99.924
SNR52,Yes,FnCas12a,A12,6_gen,99.71000000000001
SNR52,Yes,FnCas12a,A12,scraped,83.25399999999999
SNR52,Yes,FnCas12a,B05,11_gen,94.74000000000001
SNR52,Yes,FnCas12a,B05,20_gen,99.028
SNR52,Yes,FnCas12a,B05,6_gen,99.024
SNR52,Yes,FnCas12a,B05,scraped,78.98
SNR52,Yes,FnCas12a,C03,11_gen,63.13999999999999
SNR52,Yes,FnCas12a,C03,20_gen,73.72200000000001
SNR52,Yes,FnCas12a,C03,6_gen,49.922000000000004
SNR52,Yes,FnCas12a,C03,scraped,5.1240000000000006
SNR52,Yes,FnCas12a,C04,11_gen,69.6839098879565
SNR52,Yes,FnCas12a,C04,20_gen,75.384
SNR52,Yes,FnCas12a,C04,6_gen,58.866
SNR52,Yes,FnCas12a,C04,scraped,6.318
SNR52,Yes,FnCas12a,C05,11_gen,8.77585368514275
SNR52,Yes,FnCas12a,C05,20_gen,7.878
SNR52,Yes,FnCas12a,C05,6_gen,5.6240000000000006
SNR52,Yes,FnCas12a,C05,scraped,4.034
SNR52,Yes,FnCas12a,E01,11_gen,98.684
SNR52,Yes,FnCas12a,E01,20_gen,99.946
SNR52,Yes,FnCas12a,E01,6_gen,99.982
SNR52,Yes,FnCas12a,E01,scraped,98.744
SNR52,Yes,FnCas12a,E02,11_gen,99.81638286662114
SNR52,Yes,FnCas12a,E02,20_gen,99.94200000000001
SNR52,Yes,FnCas12a,E02,6_gen,99.938
SNR52,Yes,FnCas12a,E02,scraped,99.31
SNR52,Yes,FnCas12a,E05,11_gen,99.84022369242291
SNR52,Yes,FnCas12a,E05,20_gen,99.892
SNR52,Yes,FnCas12a,E05,6_gen,99.91
SNR52,Yes,FnCas12a,E05,scraped,95.946
SNR52,Yes,FnCas12a,G03,11_gen,96.6575693258223
SNR52,Yes,FnCas12a,G03,20_gen,98.57
SNR52,Yes,FnCas12a,G03,6_gen,92.896
SNR52,Yes,FnCas12a,G03,scraped,31.244
SNR52,Yes,FnCas12a,H11,11_gen,92.27886209744014
SNR52,Yes,FnCas12a,H11,20_gen,97.05
SNR52,Yes,FnCas12a,H11,6_gen,87.322
SNR52,Yes,FnCas12a,H11,scraped,22.778
SNR52,Yes,enAsCas12a,A01,11_gen,96.75800000000001
SNR52,Yes,enAsCas12a,A01,20_gen,97.154
SNR52,Yes,enAsCas12a,A01,6_gen,93.98400000000001
SNR52,Yes,enAsCas12a,A01,scraped,45.827999999999996
SNR52,Yes,enAsCas12a,A04,11_gen,95.82
SNR52,Yes,enAsCas12a,A04,20_gen,95.152
SNR52,Yes,enAsCas12a,A04,6_gen,96.12
SNR52,Yes,enAsCas12a,A04,scraped,88.59
SNR52,Yes,enAsCas12a,A09,11_gen,54.80000000000041
SNR52,Yes,enAsCas12a,A09,20_gen,59.59999999999965
SNR52,Yes,enAsCas12a,A09,6_gen,2.267999999999998
SNR52,Yes,enAsCas12a,A09,scraped,10.775999999999996
SNR52,Yes,enAsCas12a,A12,11_gen,72.34800000000001
SNR52,Yes,enAsCas12a,A12,20_gen,54.983999999999995
SNR52,Yes,enAsCas12a,A12,6_gen,83.108
SNR52,Yes,enAsCas12a,A12,scraped,92.886
SNR52,Yes,enAsCas12a,B05,11_gen,4.703999999999997
SNR52,Yes,enAsCas12a,B05,20_gen,1.6100000000000003
SNR52,Yes,enAsCas12a,B05,6_gen,6.935999999999998
SNR52,Yes,enAsCas12a,B05,scraped,26.684000000000005
SNR52,Yes,enAsCas12a,C03,11_gen,94.988
SNR52,Yes,enAsCas12a,C03,20_gen,94.012
SNR52,Yes,enAsCas12a,C03,6_gen,94.548
SNR52,Yes,enAsCas12a,C03,scraped,83.352
SNR52,Yes,enAsCas12a,C04,11_gen,95.418
SNR52,Yes,enAsCas12a,C04,20_gen,93.904
SNR52,Yes,enAsCas12a,C04,6_gen,94.194
SNR52,Yes,enAsCas12a,C04,scraped,52.158
SNR52,Yes,enAsCas12a,C05,11_gen,97.92599999999999
SNR52,Yes,enAsCas12a,C05,20_gen,97.58
SNR52,Yes,enAsCas12a,C05,6_gen,97.4
SNR52,Yes,enAsCas12a,C05,scraped,89.878
SNR52,Yes,enAsCas12a,E01,11_gen,98.39
SNR52,Yes,enAsCas12a,E01,20_gen,98.106
SNR52,Yes,enAsCas12a,E01,6_gen,98.182
SNR52,Yes,enAsCas12a,E01,scraped,98.176
SNR52,Yes,enAsCas12a,E02,11_gen,5.118
SNR52,Yes,enAsCas12a,E02,20_gen,3.522000000000003
SNR52,Yes,enAsCas12a,E02,6_gen,5.698000000000003
SNR52,Yes,enAsCas12a,E02,scraped,6.378
SNR52,Yes,enAsCas12a,E05,11_gen,94.69399999999999
SNR52,Yes,enAsCas12a,E05,20_gen,93.024
SNR52,Yes,enAsCas12a,E05,6_gen,95.09800000000001
SNR52,Yes,enAsCas12a,E05,scraped,87.926
SNR52,Yes,enAsCas12a,G03,11_gen,98.828
SNR52,Yes,enAsCas12a,G03,20_gen,98.798
SNR52,Yes,enAsCas12a,G03,6_gen,98.922
SNR52,Yes,enAsCas12a,G03,scraped,98.68200000000002
SNR52,Yes,enAsCas12a,H11,11_gen,1.7920000000000047
SNR52,Yes,enAsCas12a,H11,20_gen,47.65799999999982
SNR52,Yes,enAsCas12a,H11,6_gen,1.5380000000000005
SNR52,Yes,enAsCas12a,H11,scraped,3.075999999999995
