dataset_key,well_position,promoter,donor_recruitment,cas_variant,efficiency_avg,colony_count_avg,viability
enas_rpr_no,A01,RPR1,No,enAsCas12a,5.843999999999999,11157.5,0.6872286039850944
enas_rpr_no,A04,RPR1,No,enAsCas12a,99.874,640,0.039419789966431584
enas_rpr_no,A09,RPR1,No,enAsCas12a,8.208,16235.5,1
enas_rpr_no,A12,RPR1,No,enAsCas12a,52.482,9607,0.5917280034492316
enas_rpr_no,B05,RPR1,No,enAsCas12a,20.61,10367.5,0.6385698007452804
enas_rpr_no,C03,RPR1,No,enAsCas12a,98.45,460.5,0.028363770749283975
enas_rpr_no,C04,RPR1,No,enAsCas12a,22.938,15385,0.9476147947399218
enas_rpr_no,C05,RPR1,No,enAsCas12a,82.614,9443,0.5816266822703335
enas_rpr_no,E01,RPR1,No,enAsCas12a,99.852,3221,0.19839241169043145
enas_rpr_no,E02,RPR1,No,enAsCas12a,20.076105273562348,3,1.8478026546764806e-4
enas_rpr_no,E05,RPR1,No,enAsCas12a,97.94999999999999,5542,0.3413507437405685
enas_rpr_no,G03,RPR1,No,enAsCas12a,99.888,1479,0.0910966708755505
enas_rpr_no,H11,RPR1,No,enAsCas12a,42.11438813219035,3,1.8478026546764806e-4
enas_rpr_yes,A01,RPR1,Yes,enAsCas12a,22.604,4460,0.38651529595285555
enas_rpr_yes,A04,RPR1,Yes,enAsCas12a,99.84799999999998,8229.5,0.7131900511309472
enas_rpr_yes,A09,RPR1,Yes,enAsCas12a,11.428,11539,1
enas_rpr_yes,A12,RPR1,Yes,enAsCas12a,87.80199999999999,7705.5,0.6677788369876072
enas_rpr_yes,B05,RPR1,Yes,enAsCas12a,66.612,7865.5,0.6816448565733599
enas_rpr_yes,C03,RPR1,Yes,enAsCas12a,99.79599999999999,5494.5,0.47616777883698763
enas_rpr_yes,C04,RPR1,Yes,enAsCas12a,63.876,16273,1.410260854493457
enas_rpr_yes,C05,RPR1,Yes,enAsCas12a,95.964,9459.5,0.8197850766964209
enas_rpr_yes,E01,RPR1,Yes,enAsCas12a,99.868,6036,0.5230955888725193
enas_rpr_yes,E02,RPR1,Yes,enAsCas12a,39.927414246802996,7.5,6.499696680821561e-4
enas_rpr_yes,E05,RPR1,Yes,enAsCas12a,97.386,7546,0.6539561487130601
enas_rpr_yes,G03,RPR1,Yes,enAsCas12a,99.944,8885,0.7699974001213277
enas_rpr_yes,H11,RPR1,Yes,enAsCas12a,30.253999999999998,6.5,5.63307045671202e-4
enas_snr_no,A01,SNR52,No,enAsCas12a,18.22,14660.5,0.8412038099609823
enas_snr_no,A04,SNR52,No,enAsCas12a,97.178,6106,0.3503557493688318
enas_snr_no,A09,SNR52,No,enAsCas12a,6.24,17428,1
enas_snr_no,A12,SNR52,No,enAsCas12a,98.22999999999999,2580,0.14803764057837962
enas_snr_no,B05,SNR52,No,enAsCas12a,52.856,375.5,0.021545788386504474
enas_snr_no,C03,SNR52,No,enAsCas12a,94.94200000000001,7398,0.42448932751893503
enas_snr_no,C04,SNR52,No,enAsCas12a,22.101999999999997,15440.5,0.8859593757172366
enas_snr_no,C05,SNR52,No,enAsCas12a,80.32,10629,0.60988065182465
enas_snr_no,E01,SNR52,No,enAsCas12a,99.916,2427.5,0.13928735368372733
enas_snr_no,E02,SNR52,No,enAsCas12a,94.876,2,1.1475786091347258e-4
enas_snr_no,E05,SNR52,No,enAsCas12a,96.316,6670.5,0.3827461556116594
enas_snr_no,G03,SNR52,No,enAsCas12a,90.47,1043.5,0.059874913931604316
enas_snr_no,H11,SNR52,No,enAsCas12a,9.814,4.5,2.582051870553133e-4
enas_snr_yes,A01,SNR52,Yes,enAsCas12a,45.827999999999996,13384,0.8781864112069814
enas_snr_yes,A04,SNR52,Yes,enAsCas12a,88.59,11356.5,0.7451527180866769
enas_snr_yes,A09,SNR52,Yes,enAsCas12a,10.775999999999996,15240.5,1
enas_snr_yes,A12,SNR52,Yes,enAsCas12a,92.886,9802,0.6431547521406779
enas_snr_yes,B05,SNR52,Yes,enAsCas12a,26.684000000000005,4833.5,0.3171483875200945
enas_snr_yes,C03,SNR52,Yes,enAsCas12a,83.352,13393.5,0.8788097503362751
enas_snr_yes,C04,SNR52,Yes,enAsCas12a,52.158,15029.5,0.9861553098651619
enas_snr_yes,C05,SNR52,Yes,enAsCas12a,89.878,9302,0.6103474295462747
enas_snr_yes,E01,SNR52,Yes,enAsCas12a,98.176,12496.5,0.819953413601916
enas_snr_yes,E02,SNR52,Yes,enAsCas12a,6.378,539,0.03536629375676651
enas_snr_yes,E05,SNR52,Yes,enAsCas12a,87.926,11540,0.7571930054788228
enas_snr_yes,G03,SNR52,Yes,enAsCas12a,98.68200000000002,10490.5,0.6883304353531708
enas_snr_yes,H11,SNR52,Yes,enAsCas12a,3.075999999999995,404,0.026508316656277682
fncas12a_rpr_no,A01,RPR1,No,FnCas12a,27.695957369148047,8464,0.5798848999725952
fncas12a_rpr_no,A04,RPR1,No,FnCas12a,17.80126655239695,15661.5,1.0729994519046313
fncas12a_rpr_no,A09,RPR1,No,FnCas12a,25.225776829220102,14596,1
fncas12a_rpr_no,A12,RPR1,No,FnCas12a,6.8420000000000005,14768.5,1.011818306385311
fncas12a_rpr_no,B05,RPR1,No,FnCas12a,23.11890781948895,16211.5,1.1106810084954781
fncas12a_rpr_no,C03,RPR1,No,FnCas12a,14.942241386246952,15886.5,1.0884146341463414
fncas12a_rpr_no,C04,RPR1,No,FnCas12a,23.431163716445898,15178,1.0398739380652233
fncas12a_rpr_no,C05,RPR1,No,FnCas12a,3.3099999999999996,15130.5,1.0366196218141956
fncas12a_rpr_no,E01,RPR1,No,FnCas12a,92.09859181932185,10276,0.7040285009591669
fncas12a_rpr_no,E02,RPR1,No,FnCas12a,98.8363284889726,6114,0.418881885448068
fncas12a_rpr_no,E05,RPR1,No,FnCas12a,70.69042567166974,10191.5,0.6982392436283913
fncas12a_rpr_no,G03,RPR1,No,FnCas12a,17.708,15934,1.091668950397369
fncas12a_rpr_no,H11,RPR1,No,FnCas12a,27.193785261373797,15534.5,1.0642984379281994
fncas12a_rpr_yes,A01,RPR1,Yes,FnCas12a,3.376,11981,0.7680128205128205
fncas12a_rpr_yes,A04,RPR1,Yes,FnCas12a,3.628,16486.5,1.0568269230769232
fncas12a_rpr_yes,A09,RPR1,Yes,FnCas12a,3.436,15600,1
fncas12a_rpr_yes,A12,RPR1,Yes,FnCas12a,9.872,15965,1.0233974358974358
fncas12a_rpr_yes,B05,RPR1,Yes,FnCas12a,21.66,16658.5,1.067852564102564
fncas12a_rpr_yes,C03,RPR1,Yes,FnCas12a,3.112,16035,1.0278846153846153
fncas12a_rpr_yes,C04,RPR1,Yes,FnCas12a,6.13,16655,1.067628205128205
fncas12a_rpr_yes,C05,RPR1,Yes,FnCas12a,4.586,17451.5,1.1186858974358975
fncas12a_rpr_yes,E01,RPR1,Yes,FnCas12a,97.348,14598.5,0.9358012820512821
fncas12a_rpr_yes,E02,RPR1,Yes,FnCas12a,99.552,15356.5,0.9843910256410257
fncas12a_rpr_yes,E05,RPR1,Yes,FnCas12a,96.274,14634,0.938076923076923
fncas12a_rpr_yes,G03,RPR1,Yes,FnCas12a,48.31,18171,1.1648076923076922
fncas12a_rpr_yes,H11,RPR1,Yes,FnCas12a,41.122,17088.5,1.0954166666666667
fncas12a_snr_no,A01,SNR52,No,FnCas12a,12.726,13970.5,0.9290131666445006
fncas12a_snr_no,A04,SNR52,No,FnCas12a,23.817954388013447,15393,1.0236068626147095
fncas12a_snr_no,A09,SNR52,No,FnCas12a,16.64226778721385,15038,1
fncas12a_snr_no,A12,SNR52,No,FnCas12a,74.84826375475771,11906,0.7917276233541695
fncas12a_snr_no,B05,SNR52,No,FnCas12a,62.953026852412705,12684,0.8434632264928847
fncas12a_snr_no,C03,SNR52,No,FnCas12a,22.734910870683052,15445.5,1.0270980183535046
fncas12a_snr_no,C04,SNR52,No,FnCas12a,14.60972558634465,15075.5,1.002493682670568
fncas12a_snr_no,C05,SNR52,No,FnCas12a,28.296151867818402,11782.5,0.7835150950924326
fncas12a_snr_no,E01,SNR52,No,FnCas12a,98.19194597950946,8173,0.5434898257747041
fncas12a_snr_no,E02,SNR52,No,FnCas12a,93.89275276532209,10069,0.6695704215986168
fncas12a_snr_no,E05,SNR52,No,FnCas12a,73.50353679821845,10197.5,0.6781154408830962
fncas12a_snr_no,G03,SNR52,No,FnCas12a,26.99108818978965,13147,0.8742518951988296
fncas12a_snr_no,H11,SNR52,No,FnCas12a,10.516,14402.5,0.9577403910094427
fncas12a_snr_yes,A01,SNR52,Yes,FnCas12a,3.294,14906,0.9178006280401453
fncas12a_snr_yes,A04,SNR52,Yes,FnCas12a,5.776,14624.5,0.9004679514808202
fncas12a_snr_yes,A09,SNR52,Yes,FnCas12a,3.0540000000000003,16241,1
fncas12a_snr_yes,A12,SNR52,Yes,FnCas12a,83.25399999999999,15888.5,0.9782956714488024
fncas12a_snr_yes,B05,SNR52,Yes,FnCas12a,78.98,15624.5,0.9620405147466289
fncas12a_snr_yes,C03,SNR52,Yes,FnCas12a,5.1240000000000006,17141,1.0554153069392278
fncas12a_snr_yes,C04,SNR52,Yes,FnCas12a,6.318,16901,1.0406378917554338
fncas12a_snr_yes,C05,SNR52,Yes,FnCas12a,4.034,15032,0.9255587710116372
fncas12a_snr_yes,E01,SNR52,Yes,FnCas12a,98.744,15979.5,0.983898774705991
fncas12a_snr_yes,E02,SNR52,Yes,FnCas12a,99.31,14939.5,0.9198633089095499
fncas12a_snr_yes,E05,SNR52,Yes,FnCas12a,95.946,13744.5,0.8462840958069084
fncas12a_snr_yes,G03,SNR52,Yes,FnCas12a,31.244,16794.5,1.0340804137676252
fncas12a_snr_yes,H11,SNR52,Yes,FnCas12a,22.778,18173,1.1189581922295426
