"ntttv_pattern","total_guides","successful_guides","total_assayed_colonies","edited_colonies","design_success_rate","design_success_lower","design_success_upper","colony_edit_rate","colony_edit_lower","colony_edit_upper"
"TTTTG",89,49,141,60,0.550561797752809,0.447263331523741,0.649676118957986,0.425531914893617,0.346963299640559,0.508050588157983
"TTTTC",60,41,93,54,0.683333333333333,0.557662329738232,0.786941324476335,0.580645161290323,0.479114455205652,0.675777883082778
"TTTTA",57,35,88,42,0.614035087719298,0.484297329158096,0.729372761138593,0.477272727272727,0.376066279792277,0.580380405056127
"ATTTG",54,22,80,26,0.407407407407407,0.286782120859146,0.540331506565094,0.325,0.232441618443582,0.433594726893853
"ATTTA",44,26,66,33,0.590909090909091,0.444097537410319,0.723121443724503,0.5,0.382736880250501,0.617263119749499
"CTTTG",41,16,68,21,0.390243902439024,0.256561450601235,0.542731430658762,0.308823529411765,0.21172386467552,0.426368116935095
"CTTTA",38,18,61,22,0.473684210526316,0.324790233225261,0.627410286155033,0.360655737704918,0.251741115198745,0.486080946346631
"ATTTC",36,22,56,26,0.611111111111111,0.448644590966051,0.75215126934629,0.464285714285714,0.340198529122238,0.592958180643388
"CTTTC",34,22,54,27,0.647058823529412,0.479139631197817,0.785120794051205,0.5,0.371145830402256,0.628854169597744
"GTTTA",28,15,45,19,0.535714285714286,0.358126892344679,0.704684300172046,0.422222222222222,0.289687024672703,0.566992112907969
"GTTTC",27,19,43,25,0.703703703703704,0.515193170358519,0.841469595302202,0.581395348837209,0.433285773869642,0.716154490721508
"GTTTG",22,13,38,15,0.590909090909091,0.387348184763151,0.767441838035281,0.394736842105263,0.255980757481601,0.552821320039575
