"guide_id","target_seq"
"pos_0966362_TTTG_PAM_+_strand","ATATTTGAAGGAACGGCCAATCACTGCAAGA"
"pos_0568748_TTTG_PAM_+_strand","TGTTTTGAGAGCATCAATCTAACGTTGCCTT"
"pos_0665257_TTTA_PAM_-_strand","TACTTTATAGCCGCCCATCTGTATATGTCAT"
"pos_0549486_TTTA_PAM_-_strand","GCTTTTAGTATTTAAGTCTTTAAGCTCATTA"
"pos_0418307_TTTA_PAM_-_strand","CTCTTTACATTTACCACATGTAAATCTATCG"
"pos_0235811_TTTG_PAM_-_strand","ATGTTTGTATTATTTACGCCATCACGCTCAC"
"pos_0709890_TTTC_PAM_+_strand","ATTTTTCCCTCAAGAACCCTCTCCAAAGATT"
"pos_0431529_TTTC_PAM_+_strand","TGTTTTCTCTTGAATGACTATAATATTGCCA"
"pos_0449977_TTTC_PAM_-_strand","TCTTTTCTTGACTATTCATCTACATATGCAT"
"pos_0190589_TTTC_PAM_-_strand","TTCTTTCCATTCCCATTTATAACAATACTAG"
"pos_0019572_TTTG_PAM_-_strand","ATGTTTGGTACGGGGCGACTCGTGGCATTTT"
"pos_0203126_TTTC_PAM_+_strand","GCTTTTCTCGAGAACAGCAATGCCCACAGTT"
"pos_0030378_TTTA_PAM_-_strand","ATTTTTATTAGAAGATCATATAACCGCACGT"
"pos_0896198_TTTA_PAM_-_strand","CGATTTAAAATCTGGGACGATTAATTTAGTG"
"pos_0099577_TTTA_PAM_+_strand","ATATTTACAACTTTAGTCAGTCCCGAGTTAC"
"pos_0482167_TTTA_PAM_-_strand","GTTTTTAAGACTGGATGGGTTAATAAGTCCC"
"pos_0380303_TTTC_PAM_+_strand","TGGTTTCGCCTGCCACTCTGTGAGGATGATA"
"pos_0130023_TTTA_PAM_+_strand","TTGTTTACTTGAAGTACTTGTGCTTCCAGTT"
"pos_0900385_TTTC_PAM_+_strand","CATTTTCTGTCTCTACAAACACTCAATAAAA"
"pos_0871321_TTTC_PAM_-_strand","TTATTTCCCAATATTCCCATGGATTGACTCT"
"pos_0116514_TTTG_PAM_-_strand","ATATTTGAAACTTAGATCAGATTGCCTCGAT"
"pos_0964703_TTTG_PAM_+_strand","GACTTTGCCTATCTGGAATGATGTTTCTGAT"
"pos_0182216_TTTA_PAM_-_strand","AAATTTAAAATGGAATTGGCATGCCAGCTAT"
"pos_0119733_TTTA_PAM_+_strand","GTTTTTAATAGTGAAGCAGAGCTCCCAATGA"
"pos_0366030_TTTG_PAM_-_strand","GGCTTTGGCTCTGGAGCGACCAACTCTACAG"
"pos_0618960_TTTC_PAM_-_strand","CAATTTCTCTTCCCACGGCTATTATTGGTTT"
"pos_0950110_TTTG_PAM_+_strand","TAATTTGAGCATATTTACCATTTGGACCAGG"
"pos_0505390_TTTC_PAM_-_strand","TTTTTTCTTCAATAATTACGCTAAAGAATAA"
"pos_0400824_TTTA_PAM_-_strand","CAATTTAGCTGCTGTTGATAATGCACATCCC"
"pos_0206844_TTTC_PAM_+_strand","ACTTTTCAAAAGAAGTATAATTTCATTTCAA"
"pos_0592633_TTTA_PAM_+_strand","TCGTTTAAACAACGTTGTTCTTGAGAATTTT"
"pos_0193951_TTTA_PAM_+_strand","GTTTTTAAATAACTACGTTTGTCAGCAGTTG"
"pos_0763968_TTTA_PAM_+_strand","AATTTTAAAAAAGCAGCTAAAGAAGCCGAAA"
"pos_0183983_TTTG_PAM_+_strand","GTATTTGTTGGAACATAGAGTTAACTAACCA"
"pos_0459646_TTTG_PAM_+_strand","GATTTTGATACAGAAAAAGGCGATAAAATTA"
"pos_0925361_TTTA_PAM_+_strand","ACATTTACGAAAACGTAGGGCAAAAACTATT"
"pos_0444166_TTTA_PAM_-_strand","ATCTTTAGGTCACCAATCTATTTACAATTGC"
"pos_0065349_TTTC_PAM_+_strand","CATTTTCATTCGATGATATAATTTCTTCATA"
"pos_0747717_TTTG_PAM_-_strand","CCTTTTGTAACCTTCACTGCTACAGCCGTAC"
"pos_0130636_TTTC_PAM_+_strand","AACTTTCGGGTAGGGTAATGAGGCCAGCCTT"
"pos_0107128_TTTC_PAM_-_strand","AGATTTCGTTCCAGTCCCACCCCCACAGCTT"
"pos_0018153_TTTC_PAM_+_strand","AAGTTTCTCCGCCTCATTCTTCAGGCCATCT"
"pos_0200309_TTTC_PAM_-_strand","TATTTTCAATATTTCAGAATTCAATTACATC"
"pos_0703095_TTTG_PAM_+_strand","TGTTTTGGGCAGAAAAATCGCTATATAAGAA"
"pos_0137858_TTTG_PAM_+_strand","TACTTTGCGCAATAAAACTACGAATTCAAAC"
"pos_0786825_TTTA_PAM_+_strand","TGTTTTATCAAGTTCAAGATGTAAGCACCAT"
"pos_0040593_TTTA_PAM_-_strand","GATTTTAAGAAGTGAATTTGCGCAAATGCTC"
"pos_0544665_TTTG_PAM_-_strand","TCTTTTGGTTTCTTGTTGGAATGGCCATTTT"
"pos_0989112_TTTC_PAM_-_strand","CGGTTTCTTCAATGGAGAAAAAGTTCAAGAG"
"pos_0059946_TTTG_PAM_+_strand","TTTTTTGAAATTTACAATTCACTGCCAACAT"
"pos_0130023_TTTC_PAM_-_strand","TGATTTCGTAAACCTACACAATATCCCCTTT"
"pos_0699951_TTTG_PAM_+_strand","AGATTTGGAATTTGAGCTTGAGCCGCAGGGC"
"pos_0080189_TTTG_PAM_-_strand","GTATTTGGAGACAAATGTGAGCACGTTATGG"
"pos_0129586_TTTC_PAM_+_strand","CTTTTTCCCTTTCTGACTGCAGCAGTGTGTT"
"pos_0078010_TTTG_PAM_-_strand","GTTTTTGAATCTAAAAGAATAAATGTACCAG"
"pos_0053777_TTTG_PAM_+_strand","ACGTTTGCAGTGGAGAGATGGACAGCGATGA"
"pos_0697830_TTTC_PAM_-_strand","GTGTTTCAATGCAAACGATAGCTGAGACTAT"
"pos_0256630_TTTA_PAM_+_strand","TCTTTTACGTGCATAACGACAAACCTTTAAG"
"pos_0114246_TTTA_PAM_-_strand","AACTTTAAATCATTGAAATCAGAATCTTGAT"
"pos_0018565_TTTA_PAM_-_strand","TTCTTTACAGCTACATCTAACATTCAAATTT"
"pos_0051133_TTTC_PAM_+_strand","GTTTTTCTCATTAGTTCTTGCTATGTTATAT"
"pos_0221907_TTTA_PAM_-_strand","GGCTTTAAACAATGAGTTGGAGGAACTACAG"
"pos_0252363_TTTG_PAM_+_strand","CTATTTGAGTGGCGCTATTCCCAACCAAGAA"
"pos_0111537_TTTG_PAM_+_strand","TGCTTTGGAGCATAAGGTTGTCAATGGCAAT"
"pos_1455934_TTTA_PAM_-_strand","GATTTTACTGCTTTCAAGAGTGAGAAACTCC"
"pos_0807721_TTTG_PAM_-_strand","ACTTTTGCTTCCCAAAGACGAACTGTTAACC"
"pos_1018764_TTTG_PAM_+_strand","GCTTTTGTTAATTTGATGATGCGACGCTCGA"
"pos_0579577_TTTA_PAM_+_strand","TCATTTAGGATAGAGATGGCTTGGTCCAATT"
"pos_0073689_TTTG_PAM_-_strand","AACTTTGTCCCTGTTTGGTGGTTGGAGACCC"
"pos_0150461_TTTA_PAM_+_strand","TTCTTTATATACATTCTCCCTGTATATATTC"
"pos_0075106_TTTA_PAM_-_strand","TTTTTTACAAATAAAGTAACAATCCTTCGTG"
"pos_0569792_TTTA_PAM_-_strand","TATTTTATTCGATGCAAGAAATACCAAAAGC"
"pos_0195478_TTTA_PAM_+_strand","CTCTTTAAGGGATCTTCGCTTGAAGTGTTGA"
"pos_0355256_TTTC_PAM_-_strand","CGTTTTCTTGTGGGGGGGGCGTATATCGTTT"
"pos_0817899_TTTA_PAM_-_strand","TCATTTAGATTTCGTTCTGGAATAGACACAT"
"pos_0140405_TTTC_PAM_-_strand","TTTTTTCAAATGACAGTAAATATGTAAACAT"
"pos_0469353_TTTG_PAM_+_strand","TGCTTTGAATCTTTGTGAAGCTTCGCAAGTA"
"pos_0679569_TTTC_PAM_-_strand","TCTTTTCTCAATTCCTCCAATTTAGGAATGA"
"pos_0389567_TTTA_PAM_-_strand","GACTTTATAAAAACGAGCATTGTATGCACTT"
"pos_0009827_TTTA_PAM_+_strand","TGGTTTACACCAATTTGAAAATTTCAGTCAT"
"pos_0301791_TTTG_PAM_-_strand","TACTTTGGGCAATTCACCCTACACTACACCC"
"pos_0051707_TTTA_PAM_+_strand","AAATTTAAGTTGTAGGCTAGTTGTAGTTGTT"
"pos_0705419_TTTC_PAM_+_strand","TTATTTCGGTATTCTCTCCCCTACCCAAGTT"
"pos_0070539_TTTA_PAM_+_strand","AACTTTACTTAGTACACAATAAAACGCTGAG"
"pos_0427600_TTTG_PAM_+_strand","GCATTTGCAGAATTGAACGTCTTAAACAACC"
"pos_0154379_TTTC_PAM_+_strand","CTTTTTCCAAACCAAAAGACAATGAACGAGA"
"pos_0128370_TTTA_PAM_+_strand","CCTTTTATGGTGGGAGCTTTAGAGCCCAGAG"
"pos_0049241_TTTC_PAM_-_strand","CTTTTTCACTCTACGAATGATCTGTGAGAAA"
"pos_0025186_TTTC_PAM_+_strand","CGGTTTCTTCTAGCAGTGAACAAGCTTCTTC"
"pos_0337709_TTTA_PAM_+_strand","ATTTTTAACTGCCCCGCCGGCAGGAAAGTTC"
"pos_0317267_TTTA_PAM_-_strand","AGATTTAGGGCGAGGGTGATACTCGTGGGGC"
"pos_0029218_TTTG_PAM_+_strand","GTTTTTGAAATCATACCTGCCAAGCTTGCTG"
"pos_0403175_TTTG_PAM_-_strand","CTTTTTGGAATGCAAAACGAATGACGAACTT"
"pos_0091760_TTTA_PAM_-_strand","TTGTTTAAACGACAGCCGTAAACTTAGAATA"
"pos_0343985_TTTC_PAM_+_strand","GAATTTCGCAACCCTCGCGGGTCATGCTGAT"
"pos_0537561_TTTA_PAM_-_strand","TGTTTTATGGTTTCTGTGGTAATGTTGTTAG"
"pos_0379994_TTTG_PAM_-_strand","ATATTTGCAGATCGGTATTGTCGATGAAATT"
"pos_0174880_TTTA_PAM_+_strand","TTTTTTATCTTCATATCCAGATATTCGTAGG"
"pos_0569020_TTTG_PAM_+_strand","AGATTTGTCGTTCAATTCGTGAATTGCAAAT"
"pos_0621637_TTTC_PAM_-_strand","AGTTTTCAATTCTTCAAGCTCTTTCTGTAGT"
"pos_0749153_TTTA_PAM_+_strand","GAGTTTATCCACCATCGGAAATTCAATAACT"
"pos_0198395_TTTC_PAM_+_strand","CAATTTCTGGCGAGGTTAAAATATTAAATAT"
"pos_0560945_TTTG_PAM_-_strand","GCCTTTGCCAACTTCAATATAGTTTGCGATT"
"pos_0578714_TTTC_PAM_+_strand","AAGTTTCGTACATCTACAGCAAGAACCGACT"
"pos_0418799_TTTC_PAM_+_strand","AGGTTTCGGTACTACTACCTAGACAGCTCAT"
"pos_0150336_TTTC_PAM_-_strand","CCTTTTCTATCTGGAAGATATCTCCTATTCC"
"pos_0547639_TTTG_PAM_-_strand","TGTTTTGGTCTCGGGATGTGAAATTGTAGTC"
"pos_0148574_TTTA_PAM_+_strand","CTTTTTAGATGAAGAGGGTGGGAGCTTCAAG"
"pos_0619330_TTTA_PAM_+_strand","GTATTTAAAAGCTCTTTATCGCCACTAAAAA"
"pos_0316879_TTTG_PAM_+_strand","TCGTTTGAGGTTATTTGGAAAAGGACAAAAT"
"pos_0519844_TTTG_PAM_+_strand","CCTTTTGGGCTTCAGCCTTGTCAACCTTACC"
"pos_0722374_TTTG_PAM_+_strand","CATTTTGATTAGGACTGGTACGCAGACGGTT"
"pos_1306522_TTTC_PAM_-_strand","CAGTTTCTTGTTCATCCATTATTGTTGTGCT"
"pos_0515093_TTTA_PAM_-_strand","GCGTTTAGCATTTATCTCGTTTCGTAGACTA"
"pos_0670490_TTTC_PAM_-_strand","TTGTTTCAGGTGATGTGAACAACGTGTTTCA"
"pos_0259494_TTTC_PAM_-_strand","GATTTTCTTTGATTTGGAGCCTTACTCTTAT"
"pos_0017273_TTTA_PAM_-_strand","TTATTTATCAGGCATGCTGCTGATATCGTCA"
"pos_0351334_TTTC_PAM_-_strand","ATTTTTCAGGTAGATGACGTAAGAAGCATAC"
"pos_0057185_TTTC_PAM_-_strand","GTTTTTCAAGTACAATGTCCTGTTCACTTTT"
"pos_0260265_TTTA_PAM_+_strand","CCCTTTATTATGGGCATTGATGCGACTTTAA"
"pos_0404551_TTTG_PAM_+_strand","AGTTTTGCTCGTGCGCTGCTGTGGATGGGGG"
"pos_1006024_TTTA_PAM_+_strand","TGTTTTATGGCAGCTGAGCTAATACGTCAAA"
"pos_0537768_TTTG_PAM_+_strand","AGATTTGCAAGGAATGAATGGGATAGCATGT"
"pos_0175571_TTTG_PAM_+_strand","TGCTTTGTGACTTTGGCGATTGACATTCAGT"
"pos_0432841_TTTG_PAM_-_strand","TCGTTTGGAGAAATATATATATTGACTTGTT"
"pos_0068233_TTTC_PAM_+_strand","AACTTTCCCACTAATAGCACAAAGCATTGTT"
"pos_0394550_TTTG_PAM_+_strand","AATTTTGAATGCATTCTAATGACATAACTAT"
"pos_0079754_TTTG_PAM_+_strand","TCTTTTGTCCATCACTTAACCTGTGCATTCT"
"pos_0396815_TTTC_PAM_+_strand","ATCTTTCATTCATACTCAATATTAATAAGCA"
"pos_0419133_TTTG_PAM_+_strand","AAATTTGTGCTTTGTTTGTATAGAGCAGATG"
"pos_0366482_TTTG_PAM_+_strand","CCATTTGCTGTAGTCGAGCCTGACATTCCGA"
"pos_1082799_TTTG_PAM_+_strand","TAATTTGACCGTAATATTACCGCTGGCGTCA"
"pos_0090664_TTTA_PAM_+_strand","GTGTTTATTATTGTCTATATAGAAATTTCTT"
"pos_0129149_TTTA_PAM_-_strand","CGGTTTAGAGATGCCTTTCAATTTCGAAATA"
"pos_0110199_TTTA_PAM_+_strand","TGCTTTATGTGGATTAATTAAGGTAGTGGTA"
"pos_0165860_TTTG_PAM_+_strand","ATTTTTGGTAGTATCCAAATCCTGGATAAAA"
"pos_0405593_TTTA_PAM_+_strand","GCTTTTATCTGTGCCGACGAGGAAGGGCGAT"
"pos_0807060_TTTC_PAM_+_strand","CTATTTCAAAGTTCATGATTTGATGAGAGAA"
"pos_0016808_TTTC_PAM_+_strand","CCCTTTCACCGCCTCCTTGTTTCCTCCCTCT"
"pos_0142092_TTTG_PAM_-_strand","GTTTTTGAATGCCTGGCGCGAAAGGGGTTGG"
"pos_0072022_TTTG_PAM_+_strand","ACCTTTGCTGATTGGTTTCAAGATATCGTAA"
"pos_1469764_TTTG_PAM_-_strand","TTTTTTGGTGGGTGGGGGGAAGGGAGAGGTT"
"pos_0919281_TTTG_PAM_-_strand","TCATTTGCACATGATCTCATCATATAGATCA"
"pos_0935508_TTTG_PAM_+_strand","CTCTTTGAGTAACTGCGTCAATAACAACAAT"
"pos_0231931_TTTG_PAM_+_strand","GAATTTGCTGGAATTGCCTGAGGCCAATGTG"
"pos_0019600_TTTA_PAM_+_strand","CCTTTTATTGGAATCGAGAATTCGGGCACTG"
"pos_0530729_TTTG_PAM_+_strand","TGCTTTGTATAATAGAATTTGCTATCTCGTT"
"pos_0909789_TTTC_PAM_-_strand","GAATTTCCAGACCTGTCGATTCTGGGTGTGA"
"pos_0442041_TTTC_PAM_-_strand","GTTTTTCCGATTCCTTGTGTCTTATATTCGC"
"pos_0793888_TTTG_PAM_+_strand","CGTTTTGACACAGGAAACGCTAATGTAATAT"
"pos_0768125_TTTC_PAM_-_strand","AAATTTCATGAAATAAAGCTCTGGTAAGACA"
"pos_0136011_TTTA_PAM_+_strand","GAATTTACCAATACTCGGAAAAATGCAGGAC"
"pos_0117879_TTTA_PAM_-_strand","GATTTTATAGCATTCAAAAGCTCTGTAATAG"
"pos_0925762_TTTA_PAM_-_strand","TTCTTTATGGGGATACCAGCATCGTGTACCC"
"pos_0087897_TTTA_PAM_+_strand","CTTTTTAGAGAGACTTTCATACTTCTTGAAT"
"pos_0284248_TTTG_PAM_-_strand","TAATTTGAGAAACTAAAATGTCCATGAGGTG"
"pos_0100261_TTTC_PAM_+_strand","GCATTTCGAATTCAAACAAAAACATCTTTGT"
"pos_0105333_TTTG_PAM_-_strand","TTATTTGCCCCGTATGAAGGACTCAGGTCTA"
"pos_0419741_TTTC_PAM_-_strand","ATTTTTCTCTCATGATCTCTTACCATCTTTA"
"pos_0035768_TTTG_PAM_+_strand","AATTTTGTTTGACTACTAACATGGCAGCATG"
"pos_0559598_TTTC_PAM_-_strand","AGCTTTCTCGTGTTCTACAGAGCACACGGTT"
"pos_1522435_TTTC_PAM_-_strand","TAATTTCATCTATGTGCTTGGTTCTTGCAAC"
"pos_0591441_TTTG_PAM_-_strand","TGTTTTGAAAGAGATTAAACTTTCAGAACAT"
"pos_0393407_TTTG_PAM_+_strand","ATATTTGACTTGGATGCCAGCTGTAATTTGT"
"pos_0517930_TTTA_PAM_-_strand","AATTTTACAATATGAATCTTTATTAAGTCTA"
"pos_0129448_TTTG_PAM_+_strand","AATTTTGGAATTTGTTGTCAGCAATTTGTAT"
"pos_0315832_TTTC_PAM_+_strand","AAATTTCTGGCGGAATGTATATATTAGACTT"
"pos_0138267_TTTG_PAM_+_strand","GTTTTTGACAAGAGGACATTGAAAATTCTTA"
"pos_0675935_TTTA_PAM_-_strand","GATTTTACGAAATTATTGATAGCATATTTGC"
"pos_0861431_TTTA_PAM_-_strand","AACTTTAAAAAATATATTAGTCTGCATTATG"
"pos_0770212_TTTC_PAM_+_strand","TGTTTTCTTGGAAGTATCTCGAGTAACAGTG"
"pos_0767436_TTTC_PAM_-_strand","ACATTTCTTGGGGTAATAACTTCTGTAAAAT"
"pos_0232558_TTTC_PAM_+_strand","CTCTTTCCTAAACTTAAAAAGCAGTCCTAAA"
"pos_0678285_TTTC_PAM_+_strand","CTTTTTCTCGTGCACATCTGTTGCGCCTGCA"
"pos_0753954_TTTA_PAM_-_strand","CGTTTTACAAAATGCGTCTGATAGCGAGTTA"
"pos_0579627_TTTG_PAM_+_strand","AATTTTGCCCTCTTCGGTATCTTGTCTAGAC"
"pos_0122333_TTTG_PAM_+_strand","TCTTTTGGCTTATCCTTATGGGATGATTAAT"
"pos_0171612_TTTC_PAM_-_strand","CAATTTCGATGCCAGTTCCGGTATCAGTGCC"
"pos_0528137_TTTA_PAM_+_strand","TCCTTTACGGAGATACTCTGGGGTACCGGAT"
"pos_0611710_TTTA_PAM_-_strand","CTTTTTATGTGCGGACTGTAATGTTTGTAAG"
"pos_0953351_TTTG_PAM_-_strand","GAATTTGAAAAAGGCAAGGTTATTAATTAAT"
"pos_0013460_TTTA_PAM_-_strand","TCATTTAAAATAGAAAAGTAACATTTCTTTT"
"pos_0793097_TTTA_PAM_-_strand","ATTTTTATACGGAAAAGCTAAAACGTAGAAT"
"pos_0482375_TTTC_PAM_+_strand","GTCTTTCGAATGGGCACTCTTCTTGTACGCA"
"pos_1046358_TTTG_PAM_-_strand","CCTTTTGGGCTATGGAATGATCAACAGCGGA"
"pos_0118821_TTTG_PAM_-_strand","TTGTTTGTCCTTCGTATTGTTAAGTAGCACT"
"pos_1341673_TTTA_PAM_-_strand","CTGTTTATTGTAGCACATTCACAAGGGGGGG"
"pos_0035543_TTTA_PAM_+_strand","GTTTTTACGTATCCCTAGCCCCGTTGGTAGT"
"pos_0089139_TTTG_PAM_+_strand","AGGTTTGCACTATTGGGTGAGGATATCGGCA"
"pos_0073169_TTTG_PAM_+_strand","AACTTTGTACATGGTCTTATCACTAATCGAT"
"pos_0474468_TTTA_PAM_+_strand","GTTTTTATGCAGCTAAACTGTTTCTCGTCAT"
"pos_1056127_TTTA_PAM_-_strand","GGATTTACTAGATTCTTCAAACATTCATCCA"
"pos_0160264_TTTC_PAM_+_strand","TTTTTTCATCAAGTCTAGATCGTTTGTAACG"
"pos_0586669_TTTC_PAM_-_strand","CTGTTTCAACAACCCTTTGTGTGCACCTGTA"
"pos_0470440_TTTA_PAM_+_strand","TTTTTTATTGCACACCTCCGCCAGAGAATTT"
"pos_0398285_TTTC_PAM_+_strand","ATGTTTCCTGGGCGTTTGTATGGTTTATTTT"
"pos_0777819_TTTC_PAM_-_strand","AACTTTCATAACAGATTGACAAACGAAGATG"
"pos_0629240_TTTG_PAM_+_strand","AAGTTTGTAAAATCTTTGGAAATCATCCGAG"
"pos_0582614_TTTG_PAM_-_strand","TGATTTGTTAGACTCACATAATACTATCGAC"
"pos_0591548_TTTC_PAM_+_strand","AATTTTCTAACAATATGACACATTTCACTGT"
"pos_0186648_TTTC_PAM_+_strand","TACTTTCTGTAGTAAGCGACGATAATCTATA"
"pos_0085262_TTTA_PAM_+_strand","TTGTTTAATGGCCTGTATCAACCCTGATATT"
"pos_0019578_TTTA_PAM_+_strand","ATCTTTAATTGGGCCCTTCATCTATCATTTT"
"pos_0370567_TTTG_PAM_-_strand","TCCTTTGCCGCGCGCCCCTCTCAAAACTCCG"
"pos_0427130_TTTG_PAM_-_strand","TGATTTGATCAACCTGTCTTACAGAGGTTTG"
"pos_0605266_TTTC_PAM_-_strand","TTATTTCTATCAACTGTTGTAGCTACGTTAC"
"pos_0390115_TTTC_PAM_+_strand","AATTTTCTAGGGATCCGGCTTCATCGTCGAC"
"pos_0158321_TTTG_PAM_-_strand","CCCTTTGTATACCGTATTCAAGGACGAGTCT"
"pos_0404070_TTTC_PAM_-_strand","GAGTTTCGAGGCTGGACCGGCAGGTAATATT"
"pos_0328811_TTTC_PAM_-_strand","GTTTTTCTTCTTTAAAACAACAAGATCATCA"
"pos_0234716_TTTG_PAM_-_strand","TGTTTTGTCTCGATAATTCGTTCAGTAGCTC"
"pos_0060842_TTTG_PAM_+_strand","CGTTTTGTGTCTCACAAGATGTTCTCTTCTG"
"pos_0114715_TTTA_PAM_+_strand","TTGTTTACACCAATCGCGTGGGGCAAGGGGC"
"pos_0054604_TTTG_PAM_+_strand","TACTTTGGACAGAAGCAACAGCACTTTATTA"
"pos_0425783_TTTC_PAM_-_strand","TACTTTCATACAGACAAGTGTCAGATAGAAC"
"pos_0919628_TTTG_PAM_+_strand","CGTTTTGGCTCAGAGGTGAAGCACTGTCTAA"
"pos_0014483_TTTA_PAM_-_strand","CTGTTTATATCAATATGTTGCTCAGCAGAAC"
"pos_0072586_TTTG_PAM_+_strand","GATTTTGCGTCAAATCTCTAACCTGTTTGAG"
"pos_0060782_TTTC_PAM_+_strand","TGTTTTCGAATGTTTCAGTACCCGTTCTTTT"
"pos_0314971_TTTC_PAM_+_strand","CCTTTTCCACTTTCATAACTTAGAATCATAA"
"pos_0689042_TTTG_PAM_+_strand","AGTTTTGTTAGAAAGAAGAATATTAAGCAAT"
"pos_0125150_TTTA_PAM_-_strand","GGATTTACCTTTCTTAATGTCCGTTCTAATC"
"pos_0126007_TTTC_PAM_+_strand","TTTTTTCCCCCTACTTCCTCCTCTGGTGTAT"
"pos_0109874_TTTC_PAM_-_strand","TAATTTCATCCTTAATAGCGATATCTGGCTG"
"pos_0750789_TTTG_PAM_-_strand","GGCTTTGGATACCAGGACTGGTCAATCCAAA"
"pos_0025351_TTTG_PAM_-_strand","CTCTTTGTAATGAATGCGCCAGCTTTAGAGT"
"pos_0470325_TTTC_PAM_-_strand","ACTTTTCGGTGGCCAGTTCAGATCTGTGTTA"
"pos_0178449_TTTA_PAM_-_strand","GGCTTTAAAGTCAGTCTCTCTCACAGAGAGC"
"pos_0195476_TTTC_PAM_+_strand","CTGTTTCAACTTCCTGTGCTGGAGAGGTAAT"
"pos_0130403_TTTC_PAM_+_strand","ATATTTCCACTCCTTCCCGGGTGCTCCTGAG"
"pos_0822727_TTTA_PAM_-_strand","TTCTTTAATAGATCAATATTCTCTGGTGCAA"
"pos_0077850_TTTC_PAM_+_strand","TTGTTTCAGTTTCTTCAACTCGCATAACTGA"
"pos_0947975_TTTC_PAM_+_strand","AGATTTCAAAGAGGAATGCAGGATCCTTGGC"
"pos_0423688_TTTG_PAM_-_strand","AATTTTGTTGGTTGAAAAATTGGCTTTACGG"
"pos_0603447_TTTA_PAM_+_strand","TCATTTATGGAGAGTAGATCAGTTAATTGCG"
"pos_1024026_TTTG_PAM_+_strand","ACTTTTGTAGACTTAAATTGAGAGGAAAGAA"
"pos_0203076_TTTC_PAM_-_strand","CTATTTCCGCAAGATGATGAGGGTAATGCCC"
"pos_0502273_TTTA_PAM_+_strand","CTATTTATGCGAATGGGGCGTTGATGCCGCT"
"pos_0619731_TTTA_PAM_+_strand","GCATTTAGACAACTTACTAGTCACGCCAGAT"
"pos_0588072_TTTC_PAM_+_strand","AACTTTCAAACAGCACGTCATGTCGAGGGCC"
"pos_0467593_TTTG_PAM_+_strand","TATTTTGCGCTACTATATTATTCTTTGATGG"
"pos_0492519_TTTG_PAM_+_strand","CCTTTTGGATTAGGTGACGGCATGTTAATGT"
"pos_0769434_TTTG_PAM_-_strand","CTCTTTGTCCGCCTTGATGTGTTAGGCCCAT"
"pos_0467036_TTTA_PAM_-_strand","GTCTTTATCAGTCAGTCACGCTAAAATAGTT"
"pos_0819536_TTTA_PAM_-_strand","GAATTTAGGGCAGTAGAATCGCTTGTAGAAA"
"pos_0569058_TTTC_PAM_+_strand","GGCTTTCTGATTATTCTGAACTTCCTGGCAT"
"pos_0106010_TTTC_PAM_+_strand","AATTTTCGAACAGTATTAGCTATATGCGAAA"
"pos_0261341_TTTC_PAM_+_strand","TTTTTTCATTACGTAAAAAGTAAAGTAAACC"
"pos_0047450_TTTG_PAM_-_strand","TAGTTTGTCGTTTATTGCTCCTTTAGATATG"
"pos_0525741_TTTG_PAM_-_strand","AATTTTGTGTCTGTCTGAGGACGGGAGGGGC"
"pos_0538069_TTTA_PAM_-_strand","TCATTTAAGTAGACATCATTGACGTCATCTT"
"pos_0041693_TTTG_PAM_+_strand","ATATTTGGGGTACTGTACGAACGAATAGATT"
"pos_0031401_TTTA_PAM_+_strand","CTTTTTATTTCACTTTCACATAAACAGTTAA"
"pos_1508575_TTTG_PAM_+_strand","GATTTTGGGTTGTCTTATACCAACAGTTCTG"
"pos_1030960_TTTA_PAM_-_strand","CTTTTTATACAGGTTGGTATCAATTGGTTGA"
"pos_0557812_TTTA_PAM_+_strand","TTTTTTAGAAGATCTCGAGAAGTTTCATCGA"
"pos_0561791_TTTA_PAM_-_strand","AACTTTAGGATAATCTTGCTAATCTTCTAGA"
"pos_0225516_TTTA_PAM_-_strand","ACGTTTACTCACTAAATACGAAATGCATTAC"
"pos_0127774_TTTA_PAM_-_strand","CTGTTTAAAATCTTGTCTTGTTCAGTGTCTG"
"pos_0408960_TTTG_PAM_+_strand","CATTTTGGTAGAAGCTCGTCAAATCAGTCTC"
"pos_0770322_TTTC_PAM_+_strand","CTGTTTCGTATAGGGATACCGACATGTATGT"
"pos_0804272_TTTC_PAM_+_strand","TAATTTCTGCCAAAAATGGCAACCCGCCTGC"
"pos_0929735_TTTC_PAM_-_strand","TGGTTTCTCCCGCGCTGAAACCTGGTAATGA"
"pos_0106306_TTTA_PAM_-_strand","ATCTTTAGTGAATCATTACCGAGAAAATGAA"
"pos_0714780_TTTG_PAM_-_strand","ACTTTTGCCAGTCTTACTACACCTGCCACAT"
"pos_0285506_TTTA_PAM_-_strand","GGCTTTACGTTTACGAAACTCCGAATCAGGA"
"pos_0110949_TTTA_PAM_-_strand","CAGTTTATTGCCCAAGCGAGAGTTACAAGTG"
"pos_0155044_TTTC_PAM_-_strand","ATTTTTCAAAACAGTGGTGAAAATACCGAAA"
"pos_0554833_TTTG_PAM_-_strand","CTTTTTGTGAGAGATACTTGCCCATTTAGAT"
"pos_0112744_TTTC_PAM_-_strand","ACATTTCCGCTGGGGTACGACCATGTTCAAA"
"pos_0534738_TTTG_PAM_-_strand","AGATTTGGAAAAGATTAAATTCGACGAAAGT"
"pos_0184144_TTTC_PAM_+_strand","TACTTTCATTGATCAATTACGTGACCAGCTA"
"pos_0033532_TTTC_PAM_+_strand","AACTTTCGATTGACGACAGATTAAAAACTGG"
"pos_0422187_TTTC_PAM_-_strand","GGCTTTCGATATCCGACTATCGTACCGAAAA"
"pos_0852521_TTTC_PAM_+_strand","TAATTTCTTGTTTGCTCCTTCAGTTACCTAC"
"pos_0928474_TTTC_PAM_-_strand","ATGTTTCTTGACCATATGGCTTGGTGTTGTC"
"pos_0693082_TTTC_PAM_-_strand","TGTTTTCTATAATCCCATCCAACAATTTAAT"
"pos_0768684_TTTG_PAM_-_strand","GCGTTTGTAGAATACGAAGTGTAGGGCGATT"
"pos_0956262_TTTA_PAM_+_strand","AAATTTAATGGTCTTTGTAAAAGTGCATTCA"
"pos_0195533_TTTG_PAM_-_strand","TTCTTTGTCGTTGCTGCCACTTGAAGCGTCC"
"pos_0079761_TTTG_PAM_-_strand","TTCTTTGTAGAAACAAATCCCCAAATTATTG"
"pos_0526012_TTTG_PAM_-_strand","AGGTTTGAGTAGATGTGTTATTTGTTTCGCG"
"pos_0135857_TTTA_PAM_+_strand","TTCTTTACACAAAAGAAAGATACCTGTGAAA"
"pos_0935063_TTTA_PAM_+_strand","GTCTTTAACAGAATTCTGTGAGTCATACTTC"
"pos_0055690_TTTC_PAM_+_strand","ATGTTTCCGCACATGAGGGGGGCAGACGTTT"
"pos_0585019_TTTG_PAM_+_strand","ACATTTGCTCTTTCACAACCAGTATTAGTTG"
"pos_0196785_TTTC_PAM_+_strand","TAATTTCCACAAGAAAGGTACCTCTAGTTTT"
"pos_0198102_TTTG_PAM_-_strand","GCATTTGTTATCTTTCAACACATGTTATTAT"
"pos_0044808_TTTG_PAM_-_strand","TGATTTGGTTCATGGTGATGAACTGGATGAA"
"pos_0579181_TTTG_PAM_-_strand","AAATTTGGGGGAGGTAGTCTACGCATTTCAG"
"pos_0202451_TTTA_PAM_-_strand","TCATTTATAGTTCAGCGATAATGTTCTGAAA"
"pos_0081952_TTTA_PAM_-_strand","AAATTTAGCAAATGACATAGAACAAGCCAAT"
"pos_0142623_TTTA_PAM_-_strand","GCATTTATAAATCTGATTGGATCTATTATAA"
"pos_0360398_TTTA_PAM_+_strand","CTTTTTATTATGAACATTGTGAATTATTAAT"
"pos_1059970_TTTC_PAM_+_strand","CTCTTTCATTCAGGACAGATTCTGAAGATGA"
"pos_0393364_TTTG_PAM_+_strand","GACTTTGGCTTCAGAATTAGTAGTATTAGTT"
"pos_0598996_TTTC_PAM_-_strand","CTTTTTCTGTGGCAAAGCGGCGACAGCGACG"
"pos_0630368_TTTC_PAM_+_strand","CACTTTCAATGTATGCTCCCCATCCTTGATG"
"pos_0393288_TTTG_PAM_-_strand","ACTTTTGAAGTTTATGCCACACAAGATGTCA"
"pos_0024558_TTTG_PAM_+_strand","AGCTTTGCTCTGGTTGAAATTATTATCATTA"
"pos_0026814_TTTG_PAM_-_strand","GCTTTTGAAGGGACTTACTAGCCACTCGCTA"
"pos_0520613_TTTG_PAM_-_strand","GACTTTGACAGCCCCACTAGTTAAGAGAACT"
"pos_1073142_TTTG_PAM_+_strand","TTGTTTGACTTTATACTGAAAAATAGATCAA"
"pos_0259160_TTTC_PAM_-_strand","GTGTTTCTCGTCTATAAGATAAATTTGTTGG"
"pos_0191405_TTTA_PAM_+_strand","TTCTTTAACTTTCAGTACCTTAGTAGTTATC"
"pos_0275329_TTTA_PAM_+_strand","GAGTTTAATAATCAACTCGTCACTAAACGAC"
"pos_0817021_TTTG_PAM_+_strand","TATTTTGAAGAAGAAAATGAATACGGAGTTG"
"pos_0455006_TTTG_PAM_+_strand","TTTTTTGGTCACCTCTTCTGCCTCGTAATAA"
"pos_0313412_TTTG_PAM_-_strand","GTTTTTGTGGGCCTGTAATAAGCTAATAGTG"
"pos_0594947_TTTA_PAM_+_strand","TTATTTACAAATAAAGATGCTATCTAATTCT"
"pos_0080903_TTTG_PAM_-_strand","TCTTTTGGAGAATAGAGCTAAATCTGTTATT"
"pos_0101985_TTTC_PAM_-_strand","AACTTTCATCAATGGTGTAGTTAATCTTTAA"
"pos_0612508_TTTG_PAM_+_strand","AATTTTGCATATTGGGGTGTTATGTCCTTTT"
"pos_0336512_TTTA_PAM_+_strand","CAGTTTAAAACGTATCATTTGTTGAAATAAG"
"pos_0360350_TTTA_PAM_+_strand","GAATTTACTCATTCAAGAAAGGGGGTTCATA"
"pos_0189740_TTTC_PAM_-_strand","TTGTTTCTGCTGCTGCTGTCGCCGCTGCACT"
"pos_0571429_TTTA_PAM_-_strand","CTATTTATAGCTAACAGTTTATTATTAGATT"
"pos_1073374_TTTG_PAM_-_strand","GCATTTGATATACAAAAGCGATTAGTAAAAA"
"pos_0168205_TTTA_PAM_-_strand","GGCTTTAAACACCCGTGCCTATATTTAAGTT"
"pos_0682479_TTTA_PAM_-_strand","AAATTTAAAGAGACCCTCGCCAAAAGGCCAT"
"pos_0100455_TTTA_PAM_-_strand","TCGTTTAAAAAAGTTGTTTGTTCTTCTTTGT"
"pos_0905145_TTTC_PAM_+_strand","GCCTTTCTACTTCCTCCGCACATACAGTTTT"
"pos_0732114_TTTG_PAM_+_strand","AATTTTGCAAGACGCATTTGCATTCCACCTT"
"pos_0631154_TTTG_PAM_+_strand","ATATTTGAAATTCTTGACAAGTGCCCGTGAA"
"pos_0216704_TTTG_PAM_-_strand","GATTTTGGAGAACTGATCATCAATTTCTTTT"
"pos_0370366_TTTG_PAM_+_strand","TCTTTTGAAAAATAGAGCCAATTCCTCGACA"
"pos_0373994_TTTA_PAM_-_strand","GTATTTAGTAAATGCGCCCATTGCCTTTCAA"
"pos_0668461_TTTA_PAM_+_strand","GAGTTTAGAAAATTACCTGTACAACATAGTC"
"pos_0062490_TTTA_PAM_+_strand","ACATTTACCCAATGCCACTGCGGCATCTAAT"
"pos_0663637_TTTC_PAM_+_strand","GCTTTTCCCCCATGCACTGATGGCGCTTGTA"
"pos_0442316_TTTG_PAM_-_strand","AACTTTGAATCAACAAACGAGTACCTCAATT"
"pos_0512606_TTTC_PAM_-_strand","CATTTTCCCTCTGGGTAGGGAGTTGGTAAAA"
"pos_0388124_TTTA_PAM_+_strand","AGGTTTACAGAACACCTTGAAGAATTGAGCG"
"pos_0097902_TTTA_PAM_+_strand","AAATTTAAATCACTTATTGAGATATTACGTT"
"pos_0177789_TTTA_PAM_+_strand","GAATTTAGTATTGTGTAATAAAATTGATGTT"
"pos_0628867_TTTA_PAM_-_strand","CATTTTAATGAGGTCATATTTAGAAACTTTA"
"pos_0283360_TTTG_PAM_+_strand","ATTTTTGTAACCCACCCTGACTTGAAGAGGG"
"pos_0198644_TTTC_PAM_+_strand","TTTTTTCCGCAAATTTCCATGCAACGTCGAA"
"pos_0362031_TTTG_PAM_-_strand","AATTTTGTATCAAATTCACCCGAGCCACCAG"
"pos_0076986_TTTA_PAM_-_strand","AGATTTAAAGGTGTTGCTGCAACATTAGTGA"
"pos_0391591_TTTA_PAM_-_strand","CAATTTAGAGAGCAAGGAAACGTTGTGATGT"
"pos_0118464_TTTG_PAM_+_strand","TTCTTTGGAAACACTGAGATCTTCTTGCAGA"
"pos_0126744_TTTC_PAM_-_strand","ATTTTTCCAAGTAAGGAAAAATATCTGTTTA"
"pos_0477445_TTTA_PAM_+_strand","AAGTTTAGCTAAAGATGTCCGCATTGGATGA"
"pos_0218230_TTTG_PAM_-_strand","AATTTTGCTTCAAAAGTCTGAGAAACCCTTT"
"pos_0923598_TTTA_PAM_-_strand","CCTTTTAACGTCATAGTTCATTGTACTTCTC"
"pos_0609898_TTTC_PAM_+_strand","CTTTTTCATGCTCTTTACAATTCATATAAGT"
"pos_0012341_TTTG_PAM_-_strand","AGATTTGTTTAACAAAAAGCATGACTAAGCT"
"pos_0629792_TTTG_PAM_-_strand","TCTTTTGATCACGACCTAACTCGAATTCAGA"
"pos_0307561_TTTG_PAM_+_strand","ACCTTTGAAGAGGAGATATTCACCGAGAGAT"
"pos_0426338_TTTC_PAM_+_strand","CACTTTCTATATCGTTCTCTACACAGTATAT"
"pos_0417065_TTTC_PAM_-_strand","GGATTTCAATATTATATCACTGTAGACGAAA"
"pos_0063568_TTTA_PAM_-_strand","CGTTTTATCGAATTAATATCTGATCAACTAC"
"pos_0400468_TTTG_PAM_+_strand","TTGTTTGGCTAACTCATCTTGATCGAATACC"
"pos_0500637_TTTG_PAM_-_strand","CATTTTGATTTAAAGCAATAGCCGAAGAACA"
"pos_0336601_TTTC_PAM_-_strand","CAATTTCGAATATCCTTTGACCAACTGTAGC"
"pos_0262937_TTTG_PAM_+_strand","TTTTTTGATAAACATCAGTACATTTAATAAT"
"pos_0687466_TTTA_PAM_+_strand","TAATTTATAAGCACTTCGTGCCTAGGTTAAA"
"pos_1072728_TTTC_PAM_-_strand","TCTTTTCCAAAGTTCTAGACATTTCAGCCTT"
"pos_0533676_TTTG_PAM_-_strand","TAGTTTGCGCTAGAAATATCTTGTAGTCCCT"
"pos_0804533_TTTG_PAM_+_strand","TATTTTGCGGTACCTTTGGAGCAGAGGCACC"
"pos_0419393_TTTA_PAM_+_strand","AACTTTAAAAGCTTATTAAGAGAAGTGCCAA"
"pos_0682487_TTTA_PAM_-_strand","GATTTTAAAAATTTAAAGAGACCCTCGCCAA"
"pos_0349365_TTTG_PAM_+_strand","GCATTTGCACTAATGTCGTTTGCAGTGTAAC"
"pos_0017877_TTTG_PAM_-_strand","GGGTTTGCTCTTTGAAAGTTAAAAATTAACA"
"pos_0027258_TTTC_PAM_-_strand","GTTTTTCATTGAGTGTAACTCGGACACTGAT"
"pos_0058516_TTTG_PAM_-_strand","TGGTTTGACGCTATCAAGAAGTGCGATGTAA"
"pos_0281415_TTTG_PAM_-_strand","GCTTTTGCGCATGGATGCGTCGTCGTCATCG"
"pos_0309093_TTTA_PAM_+_strand","GTATTTACCTTCCCCGAGTGTTACTGATAGG"
"pos_0405440_TTTG_PAM_+_strand","GATTTTGAGATTCAACACTTCCAACAAACAG"
"pos_0535025_TTTA_PAM_-_strand","TATTTTATATATGCATCCGTGCATTTGTGTA"
"pos_0608657_TTTG_PAM_+_strand","CTTTTTGAAGCGCCTAGCCCTATTTCTTTCG"
"pos_0747826_TTTG_PAM_+_strand","TCTTTTGCGGTGATTATAGTTGTAAACTTGT"
"pos_0283297_TTTG_PAM_+_strand","GCATTTGGCGGCGAGGGTTCAATTTCACACG"
"pos_0435875_TTTA_PAM_-_strand","TACTTTACTTTGCTCTCTAATCCCTCCATAA"
"pos_1516107_TTTA_PAM_-_strand","CGGTTTAGAGTACCCTTCTTGCGCAAGGTAC"
"pos_0521562_TTTC_PAM_+_strand","ATATTTCAGGAAGTCGTCTATAGCTAGCATT"
"pos_0511186_TTTA_PAM_+_strand","GATTTTAACGACAACAGCGCTGCTGCGCATC"
"pos_0141310_TTTA_PAM_-_strand","AAATTTAAGAAAATTGACATGCATATTATCA"
"pos_0301240_TTTC_PAM_+_strand","GGCTTTCAACAAGTACCCTTCGTCGGGTTTT"
"pos_0217461_TTTG_PAM_-_strand","ATATTTGTAGATTACTGTTTCAATTAGCTGC"
"pos_0641422_TTTG_PAM_+_strand","CAATTTGGGTTCTCATAGAAGTGGGGCCGTA"
"pos_0427728_TTTA_PAM_-_strand","AGCTTTATAGATCTACGTATCTGCGTTGATT"
"pos_0192554_TTTG_PAM_-_strand","TTTTTTGGCAGTTTAATTTAGTTTGAGTGCT"
"pos_1038999_TTTG_PAM_-_strand","AGATTTGACAAATCATCAGATGAATTGGATC"
"pos_0490802_TTTA_PAM_+_strand","CTTTTTAGGACTAATTAAGGGTAGTTCCATA"
"pos_0173747_TTTC_PAM_+_strand","CAGTTTCTCCGCTGGGACTGGATACTGATAT"
"pos_0674842_TTTC_PAM_-_strand","GCCTTTCTTATACCTCATTTGAACAATAGAA"
"pos_0681787_TTTA_PAM_-_strand","CAGTTTATTGGAAGGACGATATCAGAGGTAC"
"pos_0424450_TTTC_PAM_-_strand","AAGTTTCCATTCGATGCCTGAGCAATTCTTT"
"pos_0381502_TTTA_PAM_-_strand","AAATTTACTTCAGATTTCTGATAAAAATAAA"
"pos_0039368_TTTA_PAM_-_strand","TATTTTAGCAGGTTAACTCAAACATCTGCAA"
"pos_1063192_TTTA_PAM_+_strand","GATTTTATAAAAGCATCGGTAGGAAAACCTT"
"pos_0669889_TTTC_PAM_+_strand","GCTTTTCATCACATTCAATGACAAATCACAA"
"pos_0705882_TTTC_PAM_-_strand","CTTTTTCAGCTGTCCATTCCGCAGTTAACAT"
"pos_0424511_TTTC_PAM_-_strand","GCTTTTCAATGCTAATTCGTTGTTCAGTGCC"
"pos_0562584_TTTG_PAM_-_strand","GAATTTGGTGTGTCAAGGCCGGTATGTGAAT"
"pos_0072770_TTTA_PAM_-_strand","TGCTTTAGAACATTCCACAATTGCCATTATT"
"pos_0026270_TTTC_PAM_-_strand","AACTTTCTTCTGGACGTTCCATTTCCCCATC"
"pos_0429317_TTTA_PAM_+_strand","TCATTTATCCTTCATATCACTGGTAAAGCGA"
"pos_0747770_TTTA_PAM_+_strand","AGCTTTAAATTCCATCTTCTTCCCCTCAGAA"
"pos_0415022_TTTG_PAM_+_strand","TTGTTTGTAATTCTAAAGTATTAGCATTTGG"
"pos_0227300_TTTG_PAM_-_strand","AATTTTGAAATCTGTTGCATATATATATTAG"
"pos_0928929_TTTA_PAM_+_strand","GCTTTTAGTTCATTATACCAAATCATTTCTT"
"pos_0473640_TTTC_PAM_+_strand","AAATTTCAAGATGTTGCTAAAGTACAGACGT"
"pos_0338060_TTTA_PAM_-_strand","TTGTTTACCTCTTTCCTTCCATCGGGATTAC"
"pos_1050105_TTTA_PAM_-_strand","TTGTTTAGTGGTGTTTGCTTTGTCTGTTCCT"
"pos_0850176_TTTG_PAM_+_strand","TACTTTGGCTAAATCCAGCTTATCGATTTGA"
"pos_0769448_TTTG_PAM_-_strand","TAATTTGCTTCGGCCTCTTTGTCCGCCTTGA"
"pos_0543414_TTTG_PAM_-_strand","GCGTTTGCTCAAAAATATAAAATGTCCATCA"
"pos_0115495_TTTC_PAM_+_strand","AAATTTCATAAATTACAGAAACGAGCTGAAA"
"pos_0073394_TTTA_PAM_-_strand","TCTTTTACTCAGTGCATTTATTTATGTCGCC"
"pos_0051039_TTTG_PAM_-_strand","AAGTTTGCACAATCTAAGATAGAAGATTCAG"
"pos_0169174_TTTG_PAM_-_strand","AAATTTGTTGTAGAGTACAAACGCTTAGTAA"
"pos_0106758_TTTA_PAM_-_strand","TGTTTTAAGGATAACCATGGGAAATAAGGAT"
"pos_0137889_TTTC_PAM_-_strand","CAGTTTCTTCAACGAGTCTCAGCGCTTTGTC"
"pos_0018482_TTTG_PAM_-_strand","CATTTTGGGTGCATTGAAGTATGCACATTAT"
"pos_0549563_TTTG_PAM_-_strand","ATTTTTGAATGTATTCAGCGGCACACGCCAA"
"pos_0385946_TTTC_PAM_-_strand","AATTTTCTACGCTAACCCGTTTCTTCCATTT"
"pos_0587826_TTTC_PAM_+_strand","GGTTTTCGGTCACCATGATCTTCATTGTCAT"
"pos_0062418_TTTG_PAM_+_strand","GGTTTTGGTTGCTGCTGTAATTGAGATAACC"
"pos_0398593_TTTG_PAM_-_strand","TCATTTGGTCTAAACGTGAATATAATTGCAT"
"pos_0142196_TTTG_PAM_-_strand","ACTTTTGCAAACTCTGTTGTACTCTGATTTC"
"pos_0675279_TTTG_PAM_+_strand","TGATTTGATTTGATTGCCTCAGCTCAGTTTC"
"pos_1014216_TTTA_PAM_+_strand","GTATTTATCTGCGTGTCTCTCCCCTGTTGTA"
"pos_0311712_TTTG_PAM_+_strand","ATATTTGAACCAAACAGCGACCTCTTCTAAG"
"pos_0540321_TTTG_PAM_-_strand","TATTTTGATAAAAGATACATCCCTCTTTACT"
"pos_0891456_TTTC_PAM_-_strand","GTTTTTCGAATGAAATATATGCAGCAATCAA"
"pos_0017819_TTTG_PAM_+_strand","TTTTTTGTTTATTCAAAATGATCATGTACCT"
"pos_0213127_TTTG_PAM_-_strand","ATATTTGCAATCGTTCAAAATTGAAACACCC"
"pos_0540890_TTTG_PAM_-_strand","TATTTTGGACATGACAGCCAAGAACTATCAG"
"pos_0053034_TTTG_PAM_-_strand","TACTTTGTTAATTGACTGACATTGACATTTT"
"pos_1508638_TTTG_PAM_+_strand","GTTTTTGCTCTCTTCCTGCTTGCTTTCATGA"
"pos_0725266_TTTA_PAM_-_strand","GTCTTTAGCAAGAGCAGTTTATGCGAGAGCT"
"pos_0995175_TTTG_PAM_+_strand","TGTTTTGCAATCCAAATATGTTTGAGACCTT"
"pos_0052640_TTTC_PAM_-_strand","AGTTTTCCACTACGTCTAACTACAGCAGAAC"
"pos_0194555_TTTC_PAM_+_strand","TAATTTCAAAGAACTATCTGCTTCTATAAGT"
"pos_0570922_TTTG_PAM_+_strand","AGTTTTGGTTATCAATGAACACTTGAAGCTT"
"pos_0588575_TTTA_PAM_-_strand","TAGTTTAGTGGACCCTGAACTCCAACACTCG"
"pos_1514866_TTTG_PAM_+_strand","GGATTTGAGACATTGTGGTTATCCTGTCAGC"
"pos_0040867_TTTG_PAM_-_strand","AAATTTGCTGGGCAAATTTATGACTCGATCT"
"pos_0446213_TTTA_PAM_+_strand","TATTTTAAGTACCATCCACATACAGCATGAC"
"pos_0197808_TTTG_PAM_+_strand","TTCTTTGCTTACTGATTCACGGTGGCCAAGA"
"pos_0964415_TTTA_PAM_-_strand","TAGTTTATCTTGGAAGTTCTCAGAAACGGAA"
"pos_0524983_TTTC_PAM_-_strand","AACTTTCCACACAGACATCGAAGAAGTGTTT"
"pos_0568520_TTTA_PAM_+_strand","TGATTTATTATAATATAGACTTCATAAGTGA"
"pos_0540419_TTTA_PAM_-_strand","GTCTTTATTAGTTGTTATGAGAATTATCTCC"
"pos_0635195_TTTA_PAM_-_strand","GGTTTTATATCACGATGCACTACACCTAGTG"
"pos_0699858_TTTG_PAM_-_strand","GGTTTTGCTGCTGTGGTCAACTTATGGCAAT"
"pos_0130280_TTTC_PAM_+_strand","ATCTTTCGTTGGAACTGCAGAATACGTATCT"
"pos_0071234_TTTC_PAM_-_strand","CATTTTCCCTCCTTGATATTTCTCGTTCTAG"
"pos_0507297_TTTA_PAM_+_strand","AAATTTAGTGTCTACGTTATGATATATACAC"
"pos_0571852_TTTG_PAM_+_strand","TCGTTTGGTAGATTTGTTGTGTGTATTCTTT"
"pos_0963887_TTTA_PAM_+_strand","TCATTTACAGAGGTTACTGACTCATCACTAT"
"pos_0578748_TTTA_PAM_-_strand","GCTTTTATGGAGTCGGTTCTTGCTGTAGATG"
"pos_0826469_TTTA_PAM_-_strand","GTTTTTAGGGGTAGAATAAAACTGATTTAAC"
"pos_0586434_TTTG_PAM_+_strand","ATTTTTGCTGTGCGTGCTAGCTCATAGCACC"
"pos_0594805_TTTC_PAM_-_strand","TACTTTCATAAAGCGAAAAGCAGGACTATTT"
"pos_0562754_TTTA_PAM_-_strand","AAATTTACTGCAACCTATCTTCTCTTGAATA"
"pos_0411825_TTTG_PAM_+_strand","GAGTTTGGGGGTACTGATAAATACTTAACTA"
"pos_0057658_TTTC_PAM_+_strand","TCTTTTCATCGTACAACTGGCGAATAGTAAT"
"pos_0168200_TTTA_PAM_+_strand","GTGTTTAAAGCCGCCCACACATCACATTGAG"
"pos_0311416_TTTC_PAM_+_strand","TCTTTTCGGTGGTAATTCATCAACCCAGCCT"
"pos_0435404_TTTG_PAM_-_strand","TCATTTGTATCATATAATGGGGTATGGAGAA"
"pos_0707796_TTTA_PAM_+_strand","ACTTTTAAAAGTGATTAGAAACTGCATACTA"
"pos_0074546_TTTG_PAM_-_strand","TACTTTGTCACTGCAGCATACGAACACCAAA"
"pos_0070465_TTTC_PAM_-_strand","CGATTTCTTTACCGGAGAAGTAGTTGGCGTC"
"pos_0442581_TTTG_PAM_+_strand","GCATTTGAAAAAGTAGCTCTCATCGAACTCT"
"pos_0017586_TTTC_PAM_+_strand","CAGTTTCATTATTCTCGGAAGTAGAGTCGAA"
"pos_1521543_TTTA_PAM_+_strand","ACCTTTATGCAGCACAATAATTAAAAATGCC"
"pos_0744447_TTTG_PAM_+_strand","GATTTTGAAATAGAGAGAGCTGTCGTACTTG"
"pos_0864475_TTTG_PAM_+_strand","TATTTTGGAACTCCTTAGACTCATCTGGTTT"
"pos_0269561_TTTC_PAM_+_strand","CGTTTTCATAAATGGCGTTTGTTTGGATACC"
"pos_0862234_TTTC_PAM_-_strand","AGTTTTCAATTGCGTCATTCTTGACCACAAA"
"pos_0401045_TTTC_PAM_-_strand","GTATTTCCCATGGGTTAATTCGGTATCACAC"
"pos_0029779_TTTA_PAM_+_strand","TGGTTTATCACGTAAGTTTCTTATGACATAA"
"pos_0197577_TTTG_PAM_-_strand","TGATTTGAATAGAAAAACATGTTACCATATC"
"pos_0803979_TTTA_PAM_-_strand","AACTTTAGCACCACCGTTACCAAATACTACA"
"pos_0681251_TTTG_PAM_-_strand","TGCTTTGAGGTCTTGAGCCCGATGAATAAGA"
"pos_0388203_TTTC_PAM_+_strand","AAGTTTCTTCCGATTACTTCATGTCATCTGC"
"pos_0065975_TTTG_PAM_+_strand","AGCTTTGTCGCGTGAGCTCGCTTCTCATTTC"
"pos_0517265_TTTC_PAM_-_strand","TTGTTTCATCTATGCCTTCAATCCCATGGAC"
"pos_0460791_TTTG_PAM_+_strand","TGCTTTGCTGTTTGATCATGTTCACGCTTTT"
"pos_0137126_TTTA_PAM_+_strand","TTCTTTAGGGGCAGCTGTCAAACAACAGGGT"
"pos_0663888_TTTC_PAM_+_strand","GTATTTCCCGAAACTGTCAGAGCCGTCCCGG"
"pos_0301751_TTTC_PAM_+_strand","ACTTTTCCAGTTACCCCAATTCGATGGTAAG"
"pos_0212268_TTTG_PAM_+_strand","GTTTTTGGAGGGGACTCGCACCCCGAGTTAG"
"pos_0262249_TTTC_PAM_+_strand","CATTTTCCTGTGAGTTAGTTCCAGTTCGTAG"
"pos_0566443_TTTA_PAM_-_strand","ACTTTTAATTATGATACATTTCTTACGTCAT"
"pos_0100394_TTTC_PAM_-_strand","TTTTTTCACCTGTCACTAGGATAACTGACCT"
"pos_0234526_TTTG_PAM_+_strand","TCTTTTGATGACGCGAAAAGTAGACTTCGCG"
"pos_0027374_TTTG_PAM_-_strand","GTATTTGCTGTCGTGATATCATAAGTAGAGA"
"pos_0312681_TTTC_PAM_+_strand","AACTTTCCTACATCCAAGGGAACAAAATTCC"
"pos_0455035_TTTC_PAM_-_strand","TTCTTTCGTACTCCATCTCATCTTCGCTATC"
"pos_0111657_TTTA_PAM_-_strand","TTGTTTAACCTGTTTGTATGGTTTCAATTCT"
"pos_0186366_TTTA_PAM_-_strand","TACTTTAATATTTATAGTACTTCATTCGATC"
"pos_0720473_TTTA_PAM_+_strand","TTATTTACAAGTTAGAATATTATCTATTAAC"
"pos_0742071_TTTG_PAM_+_strand","ATTTTTGTTGCAATAACAGTTCTCGATTTGA"
"pos_0394742_TTTA_PAM_-_strand","TCATTTAAAAAATTCACCAATTTCTGCGCAT"
"pos_0034577_TTTG_PAM_-_strand","TTGTTTGGAGTCAGAATAATCTTGATTGTAG"
"pos_0415713_TTTA_PAM_-_strand","TAATTTAATCAGCTCAGAATATGAAGTTAAG"
"pos_0544674_TTTA_PAM_+_strand","CCTTTTATTTACATTGACAGCCTCAATGATC"
"pos_0453862_TTTG_PAM_-_strand","ACATTTGGCTACATTGACTACTGCAACAATT"
"pos_0747821_TTTG_PAM_-_strand","GATTTTGATAATACTACAAAAGAATAGCCAG"
"pos_0232377_TTTA_PAM_-_strand","TTGTTTATGTGTCAGTCAAAAGCTAGTTAAA"
"pos_0019193_TTTA_PAM_-_strand","CTATTTACAGTAGCGCTGATGGCATCTTGTG"
"pos_0284455_TTTC_PAM_-_strand","ACTTTTCCAAAAGTAGGGACAAAACTTCTCT"
"pos_0109155_TTTA_PAM_-_strand","TGTTTTATGTTCAGATCCAATAACCCAAACA"
"pos_0108819_TTTA_PAM_-_strand","TGGTTTAGTGGCAGATAAGGAAGATACAAGG"
"pos_0336690_TTTG_PAM_+_strand","AGATTTGCCAAATCATGGAACTCGTCAAATA"
"pos_0185055_TTTG_PAM_+_strand","ACTTTTGGCATTGCACAAACCCAAAAGACCT"
"pos_0133436_TTTG_PAM_-_strand","TTCTTTGATGTGTTCGTTTACAGTTGCTACA"
"pos_0597005_TTTC_PAM_-_strand","TTTTTTCAATTTCTACACATTAATAGCGATC"
"pos_0257204_TTTA_PAM_-_strand","TGATTTAGTTTCGCCGTTAAACTCGCAATTC"
"pos_0102684_TTTC_PAM_+_strand","CAGTTTCATTAATGCCACGGTTATTGGATCG"
"pos_1469519_TTTG_PAM_-_strand","CTTTTTGATCTTGAAGAAGATCTCTGAAGAT"
"pos_0103412_TTTA_PAM_-_strand","TGGTTTATGCACGTGAATATCACGTGAATCG"
"pos_0009486_TTTA_PAM_+_strand","AGTTTTAATGAGAAATATAACTCTGATGATC"
"pos_0308204_TTTC_PAM_+_strand","GTATTTCCGTACCTGCATCGGCATAGTTGGT"
"pos_0029711_TTTC_PAM_+_strand","CTTTTTCACCAGATTAATGGTGCATCAGAGC"
"pos_0671436_TTTG_PAM_-_strand","TACTTTGTACGTTTCTTGAATATGTTTGTCG"
"pos_0744894_TTTA_PAM_-_strand","TTGTTTATATATAATCAAATCAACCGAAAAT"
"pos_0344330_TTTA_PAM_-_strand","ATATTTATTTGTGGCCTTTGGTCGCTACAAT"
"pos_0026829_TTTA_PAM_-_strand","CAATTTAGGGTAGGGTCCCACATTGAACTTT"
"pos_0688342_TTTG_PAM_+_strand","AAATTTGACTACTGTTTCACATAGTATATTT"
"pos_0243713_TTTA_PAM_+_strand","TATTTTATCGATCCGCTTATGTGCACACAGT"
"pos_0523411_TTTG_PAM_+_strand","ATTTTTGAAAAGGTAAACAACAACGCTACAC"
"pos_0490944_TTTA_PAM_+_strand","ATTTTTAATGTCTCTTAATAATTCTTGTTCC"
"pos_0021894_TTTG_PAM_+_strand","GCATTTGTAAACGAAAAATTCTCTCCCAAAC"
"pos_0160468_TTTA_PAM_+_strand","CCCTTTATTACGACATATATGGGAAGTAATA"
"pos_0449193_TTTA_PAM_-_strand","ATTTTTATTTGGAGGGAAAGTATCCTATTAT"
"pos_0168406_TTTA_PAM_-_strand","TTTTTTAAGATACGAGTTGCCCAACATTTAC"
"pos_0122144_TTTC_PAM_+_strand","TTATTTCGTATCGTACTAACAACTAAGATAT"
"pos_0574060_TTTC_PAM_+_strand","GGGTTTCTTAGGATCATGGGTCGCGCAAAAC"
"pos_0030431_TTTC_PAM_-_strand","GCCTTTCCTTCGCCAAGAAGTCAAGAAGTAT"
"pos_0131875_TTTG_PAM_+_strand","CATTTTGGATTCAGTCTGCTTAACTGTCTTG"
"pos_0238399_TTTG_PAM_-_strand","TGTTTTGTCGATCATGATATCTTGAACCGTT"
"pos_0754200_TTTA_PAM_-_strand","ATTTTTAAGGCGTAACAAATTTATGGATATT"
"pos_0197936_TTTC_PAM_-_strand","AGCTTTCGAAAAAGATAAGTCAATCTGTTAT"
"pos_0804282_TTTG_PAM_-_strand","ATTTTTGGCAGAAATTAATGCCAGGAGGTCT"
"pos_0108932_TTTA_PAM_+_strand","TAGTTTATCTCTGTATCGGTCTGTTCTAACC"
"pos_0156870_TTTG_PAM_-_strand","TTTTTTGCTTTCTTCACTTATGCTTCTGATT"
"pos_0146224_TTTA_PAM_-_strand","ATCTTTATGGATAAATTCATTCTTGTTAAAT"
"pos_0363490_TTTG_PAM_+_strand","TGTTTTGGTTTCAAAGATCAAGAAAATAGAT"
"pos_0644141_TTTG_PAM_-_strand","AACTTTGGATCAAAGGGCTTTGTTAGTAGCA"
"pos_1381192_TTTC_PAM_+_strand","TTTTTTCGACGATAACCTACTAGTATCCTCT"
"pos_1524255_TTTG_PAM_+_strand","TTATTTGAAGTTTCGTTATAACTCTACAAAA"
"pos_0158506_TTTG_PAM_+_strand","GATTTTGTCTTTAATTTGCCCTTGATCTTCA"
"pos_0584501_TTTG_PAM_-_strand","TACTTTGTCATCATCTTCTTCTTCTTCTTCG"
"pos_0765864_TTTG_PAM_-_strand","CTCTTTGGTTAAAACAGAAGTAGAATCACCT"
"pos_0078937_TTTA_PAM_+_strand","AGTTTTATGCTCAAGAAGAAAGAGAAGCTGC"
"pos_0196036_TTTA_PAM_-_strand","AGTTTTAAAGAACTTATTAATCTTTACCAAC"
"pos_0185949_TTTA_PAM_+_strand","AAATTTAGTACTCAAATCGTGTATGCAATCG"
"pos_0206577_TTTC_PAM_-_strand","ACATTTCAGTGGAAGTCGAAGTAAAAGTACC"
"pos_0152802_TTTC_PAM_+_strand","ATCTTTCAAAAATGATGTTAGCGCAATTTGT"
"pos_0010050_TTTA_PAM_-_strand","AAGTTTATTATTTGTATATGAAGCCGCAGAG"
"pos_0018528_TTTG_PAM_-_strand","TTGTTTGAATGATTATTACTCTATTGACAAA"
"pos_0203981_TTTA_PAM_+_strand","ATATTTATTAAAAGAATAAAAGTAAAGTGCA"
"pos_0749251_TTTG_PAM_-_strand","CAATTTGGAAAACTTTACAAATTGAACCAGG"
"pos_0020701_TTTA_PAM_+_strand","TTCTTTATTACAAAAACAAAACGATAGAATT"
"pos_0232998_TTTC_PAM_+_strand","CATTTTCATTCTCATCATCCTCATAATCCTC"
"pos_0051364_TTTC_PAM_-_strand","AGCTTTCATTGCTGTCATTGTGCTTAATAAT"
"pos_0019324_TTTG_PAM_-_strand","GACTTTGCGATGCCCTCTCCCACGACAACAA"
"pos_0270939_TTTG_PAM_-_strand","AGCTTTGTGTAAAACACCACCTTCATTAATC"
"pos_0514205_TTTG_PAM_-_strand","CAATTTGAAGGGTTTGCGATGCTGAAAGAGT"
"pos_0679347_TTTC_PAM_-_strand","CGATTTCCCAGGTCTGTTTCATCAAGCTGCA"
"pos_0234159_TTTC_PAM_-_strand","ATATTTCTTGTCATATTCCTTTCTCAATTAT"
"pos_0315686_TTTG_PAM_+_strand","CCTTTTGGTGTGTCAATGGAACACCACGTAA"
"pos_0674735_TTTG_PAM_-_strand","CGGTTTGAAGAATCTGGAGAACTTAACAAAA"
"pos_0762791_TTTC_PAM_+_strand","TGTTTTCATTTCAATTTCTAGTTTGGCTAGT"
"pos_0559698_TTTG_PAM_+_strand","TAATTTGAACGCTTTCAAAAGCAAAGTGAAG"
"pos_0032806_TTTC_PAM_+_strand","TGGTTTCAACTTCTCTCTCTGATTCAGTTAA"
"pos_0415574_TTTC_PAM_-_strand","AAATTTCAAAAACCATCCAAAATTCAAGAAA"
"pos_0589096_TTTG_PAM_-_strand","CTATTTGTGGTGCAGGTTCTGCTTGTGATAG"
"pos_0162753_TTTG_PAM_+_strand","GACTTTGTTTCATGACGAGAATACTAATGAA"
"pos_0382073_TTTC_PAM_+_strand","TACTTTCGATGTCTCTCTATTGTCTATTGAA"
"pos_0484748_TTTA_PAM_+_strand","ATCTTTATCTCGTTTATCCTTTCCATCTTCA"
