ntttv_pattern,total_guides,successful_guides,total_assayed_colonies,edited_colonies,design_success_rate,design_success_lower,design_success_upper,colony_edit_rate,colony_edit_lower,colony_edit_upper
TTTTG,89,58,141,78,0.651685393258427,0.5482931796636433,0.7425251717815385,0.5531914893617021,0.470802945074666,0.6327585636406612
TTTTC,60,53,93,74,0.8833333333333333,0.7782121197582914,0.9423227935994396,0.7956989247311828,0.7028149970672777,0.8651235766569649
TTTTA,57,45,88,62,0.7894736842105263,0.6671387891680949,0.8752545169696542,0.7045454545454546,0.6022884358332854,0.7896914005310769
ATTTG,54,30,80,36,0.5555555555555556,0.4237564652677526,0.6799753582777035,0.45,0.3457768918471123,0.5588049211064405
ATTTA,44,35,66,46,0.7954545454545454,0.6549942193889834,0.8884674692991871,0.696969696969697,0.5778119305445574,0.7944597894198052
CTTTG,41,17,68,25,0.4146341463414634,0.27756549454252144,0.5663289686596987,0.36764705882352944,0.26300465135235673,0.4864436436088384
CTTTA,38,23,61,31,0.6052631578947368,0.4471786799604255,0.744019242518399,0.5081967213114754,0.38602618491091173,0.6293960467628898
ATTTC,36,27,56,38,0.75,0.5892954623327166,0.8624952233700517,0.6785714285714286,0.5482263990973855,0.7859900520744849
CTTTC,34,27,54,40,0.7941176470588235,0.632016119488364,0.8965047310096808,0.7407407407407407,0.6106910949571832,0.8388134737397926
GTTTA,28,18,45,30,0.6428571428571429,0.4583030651442781,0.7929417049226233,0.6666666666666666,0.5207048830990042,0.7864112506566996
GTTTC,27,24,43,36,0.8888888888888888,0.7194219918172018,0.9614796517169015,0.8372093023255814,0.7002759410625284,0.9188337265293799
GTTTG,22,15,38,20,0.6818181818181818,0.47318597741042756,0.8363940681864376,0.5263157894736842,0.37258971384496675,0.6752097667747392
