pam,pam_dist_bin,total_guides,successful_guides,total_assayed_colonies,edited_colonies,design_success_rate,design_success_lower,design_success_upper,colony_edit_rate,colony_edit_lower,colony_edit_upper
TTTA,1-6,52,43,88,66,0.8269230769230769,0.702691358755192,0.9061752560868979,0.75,0.6503697004398789,0.828716766227675
TTTA,7-11,34,25,50,33,0.7352941176470589,0.5688285871705535,0.8539880932278826,0.66,0.5215382605023261,0.7756305077749991
TTTA,12-17,37,28,54,37,0.7567567567567568,0.5988270787855736,0.866386470108836,0.6851851851851852,0.5525655517520491,0.7932071933994709
TTTA,18-23,21,10,33,15,0.47619047619047616,0.2834400610153418,0.6763046541715556,0.45454545454545453,0.2984293851387611,0.6201406146378252
TTTA,PAM,23,15,35,18,0.6521739130434783,0.44890335377263,0.8118872406120227,0.5142857142857142,0.3556880459586857,0.6700576399749025
TTTC,1-6,50,46,77,64,0.92,0.8116175308165717,0.968450485911407,0.8311688311688312,0.7322711067008882,0.8985933129172399
TTTC,7-11,25,21,43,36,0.84,0.6534637839282115,0.9359654854332357,0.8372093023255814,0.7002759410625284,0.9188337265293799
TTTC,12-17,48,41,78,59,0.8541666666666666,0.7283282347525372,0.9275175067339628,0.7564102564102564,0.6506022263099065,0.8381476148633271
TTTC,18-23,13,7,18,10,0.5384615384615384,0.29143795714506004,0.7679393219046169,0.5555555555555556,0.33716415642042785,0.7544048187299436
TTTC,PAM,21,16,30,19,0.7619047619047619,0.5490882631704925,0.8937198697736353,0.6333333333333333,0.45513563654794875,0.7812607919389928
TTTG,1-6,60,36,94,45,0.6,0.47366053492040755,0.7143050946511744,0.4787234042553192,0.3805716814684006,0.5785458536929418
TTTG,7-11,40,28,63,38,0.7,0.5456998118185507,0.8192515477025347,0.6031746031746031,0.4798091851165745,0.7146808848095354
TTTG,12-17,55,35,90,50,0.6363636363636364,0.5042276149984126,0.7506946846969274,0.5555555555555556,0.4527192645595967,0.6538434437110336
TTTG,18-23,33,12,52,16,0.36363636363636365,0.2218717823524236,0.5338382169773361,0.3076923076923077,0.19914727949289035,0.44269588824705663
TTTG,PAM,18,9,28,10,0.5,0.2903102150516998,0.7096897849483002,0.35714285714285715,0.20705829507737686,0.541696934855722
