sample,source_batch,source_file,cas_variant,direct_repeat,experiment,guide_promoter,donor_recruitment,strain,crRNA_id,timepoint,replicate,generations
4971_001_VB2_VB_Fn_G03_E1_T01_D1,20250328,var_file_20250328.csv,FnCas12a,As_DR,E1,SNR52,No,ys81,G03,T1,D1,0.0
4971_002_VB2_VB_Fn_G03_E1_T01_D2,20250328,var_file_20250328.csv,FnCas12a,As_DR,E1,SNR52,No,ys81,G03,T1,D2,0.0
4971_003_VB2_VB_Fn_G05_E1_T01_D1,20250328,var_file_20250328.csv,FnCas12a,As_DR,E1,SNR52,No,ys81,G05,T1,D1,0.0
4971_004_VB2_VB_Fn_G05_E1_T01_D2,20250328,var_file_20250328.csv,FnCas12a,As_DR,E1,SNR52,No,ys81,G05,T1,D2,0.0
4971_005_VB2_VB_Fn_G10_E1_T01_D1,20250328,var_file_20250328.csv,FnCas12a,As_DR,E1,SNR52,No,ys81,G10,T1,D1,0.0
4971_006_VB2_VB_Fn_G10_E1_T01_D2,20250328,var_file_20250328.csv,FnCas12a,As_DR,E1,SNR52,No,ys81,G10,T1,D2,0.0
4971_007_VB2_VB_Fn_G11_E1_T01_D1,20250328,var_file_20250328.csv,FnCas12a,As_DR,E1,SNR52,No,ys81,G11,T1,D1,0.0
4971_008_VB2_VB_Fn_G11_E1_T01_D2,20250328,var_file_20250328.csv,FnCas12a,As_DR,E1,SNR52,No,ys81,G11,T1,D2,0.0
4971_009_VB2_VB_Fn_G03_E1_T04_D1,20250328,var_file_20250328.csv,FnCas12a,As_DR,E1,SNR52,No,ys81,G03,T4,D1,19.05267323
4971_010_VB2_VB_Fn_G03_E1_T04_D2,20250328,var_file_20250328.csv,FnCas12a,As_DR,E1,SNR52,No,ys81,G03,T4,D2,17.63554658
4971_011_VB2_VB_Fn_G05_E1_T04_D1,20250328,var_file_20250328.csv,FnCas12a,As_DR,E1,SNR52,No,ys81,G05,T4,D1,18.7339964
4971_012_VB2_VB_Fn_G05_E1_T04_D2,20250328,var_file_20250328.csv,FnCas12a,As_DR,E1,SNR52,No,ys81,G05,T4,D2,18.55355355
4971_013_VB2_VB_Fn_G10_E1_T04_D1,20250328,var_file_20250328.csv,FnCas12a,As_DR,E1,SNR52,No,ys81,G10,T4,D1,19.10965253
4971_014_VB2_VB_Fn_G10_E1_T04_D2,20250328,var_file_20250328.csv,FnCas12a,As_DR,E1,SNR52,No,ys81,G10,T4,D2,19.45331132
4971_015_VB2_VB_Fn_G11_E1_T04_D1,20250328,var_file_20250328.csv,FnCas12a,As_DR,E1,SNR52,No,ys81,G11,T4,D1,19.12421067
4971_016_VB2_VB_Fn_G11_E1_T04_D2,20250328,var_file_20250328.csv,FnCas12a,As_DR,E1,SNR52,No,ys81,G11,T4,D2,17.99348325
4971_019_VB2_VB_Fn_G03_E2_T01_D1,20250328,var_file_20250328.csv,FnCas12a,As_DR,E2,SNR52,LexA-FHA,ys357,G03,T1,D1,0.0
4971_020_VB2_VB_Fn_G03_E2_T01_D2,20250328,var_file_20250328.csv,FnCas12a,As_DR,E2,SNR52,LexA-FHA,ys357,G03,T1,D2,0.0
4971_021_VB2_VB_Fn_G05_E2_T01_D1,20250328,var_file_20250328.csv,FnCas12a,As_DR,E2,SNR52,LexA-FHA,ys357,G05,T1,D1,0.0
4971_022_VB2_VB_Fn_G05_E2_T01_D2,20250328,var_file_20250328.csv,FnCas12a,As_DR,E2,SNR52,LexA-FHA,ys357,G05,T1,D2,0.0
4971_023_VB2_VB_Fn_G10_E2_T01_D1,20250328,var_file_20250328.csv,FnCas12a,As_DR,E2,SNR52,LexA-FHA,ys357,G10,T1,D1,0.0
4971_024_VB2_VB_Fn_G10_E2_T01_D2,20250328,var_file_20250328.csv,FnCas12a,As_DR,E2,SNR52,LexA-FHA,ys357,G10,T1,D2,0.0
4971_025_VB2_VB_Fn_G11_E2_T01_D1,20250328,var_file_20250328.csv,FnCas12a,As_DR,E2,SNR52,LexA-FHA,ys357,G11,T1,D1,0.0
4971_026_VB2_VB_Fn_G11_E2_T01_D2,20250328,var_file_20250328.csv,FnCas12a,As_DR,E2,SNR52,LexA-FHA,ys357,G11,T1,D2,0.0
4971_027_VB2_VB_Fn_G03_E2_T04_D1,20250328,var_file_20250328.csv,FnCas12a,As_DR,E2,SNR52,LexA-FHA,ys357,G03,T4,D1,18.69368893
4971_028_VB2_VB_Fn_G03_E2_T04_D2,20250328,var_file_20250328.csv,FnCas12a,As_DR,E2,SNR52,LexA-FHA,ys357,G03,T4,D2,18.52544903
4971_029_VB2_VB_Fn_G05_E2_T04_D1,20250328,var_file_20250328.csv,FnCas12a,As_DR,E2,SNR52,LexA-FHA,ys357,G05,T4,D1,17.35601016
4971_030_VB2_VB_Fn_G05_E2_T04_D2,20250328,var_file_20250328.csv,FnCas12a,As_DR,E2,SNR52,LexA-FHA,ys357,G05,T4,D2,17.52965595
4971_031_VB2_VB_Fn_G10_E2_T04_D1,20250328,var_file_20250328.csv,FnCas12a,As_DR,E2,SNR52,LexA-FHA,ys357,G10,T4,D1,18.86844088
4971_032_VB2_VB_Fn_G10_E2_T04_D2,20250328,var_file_20250328.csv,FnCas12a,As_DR,E2,SNR52,LexA-FHA,ys357,G10,T4,D2,18.87610771
4971_033_VB2_VB_Fn_G11_E2_T04_D1,20250328,var_file_20250328.csv,FnCas12a,As_DR,E2,SNR52,LexA-FHA,ys357,G11,T4,D1,17.43695933
4971_034_VB2_VB_Fn_G11_E2_T04_D2,20250328,var_file_20250328.csv,FnCas12a,As_DR,E2,SNR52,LexA-FHA,ys357,G11,T4,D2,18.91303698
4971_039_VB2_VB_Fn_G05_E3_T01_D1,20250328,var_file_20250328.csv,FnCas12a,As_DR,E3,RPR1,LexA-FHA,ys357,G05,T1,D1,0.0
4971_040_VB2_VB_Fn_G05_E3_T01_D2,20250328,var_file_20250328.csv,FnCas12a,As_DR,E3,RPR1,LexA-FHA,ys357,G05,T1,D2,0.0
4971_041_VB2_VB_Fn_G10_E3_T01_D1,20250328,var_file_20250328.csv,FnCas12a,As_DR,E3,RPR1,LexA-FHA,ys357,G10,T1,D1,0.0
4971_042_VB2_VB_Fn_G10_E3_T01_D2,20250328,var_file_20250328.csv,FnCas12a,As_DR,E3,RPR1,LexA-FHA,ys357,G10,T1,D2,0.0
4971_043_VB2_VB_Fn_G11_E3_T01_D1,20250328,var_file_20250328.csv,FnCas12a,As_DR,E3,RPR1,LexA-FHA,ys357,G11,T1,D1,0.0
4971_044_VB2_VB_Fn_G11_E3_T01_D2,20250328,var_file_20250328.csv,FnCas12a,As_DR,E3,RPR1,LexA-FHA,ys357,G11,T1,D2,0.0
4971_047_VB2_VB_Fn_G05_E3_T04_D1,20250328,var_file_20250328.csv,FnCas12a,As_DR,E3,RPR1,LexA-FHA,ys357,G05,T4,D1,19.09305704
4971_048_VB2_VB_Fn_G05_E3_T04_D2,20250328,var_file_20250328.csv,FnCas12a,As_DR,E3,RPR1,LexA-FHA,ys357,G05,T4,D2,19.29868932
4971_049_VB2_VB_Fn_G10_E3_T04_D1,20250328,var_file_20250328.csv,FnCas12a,As_DR,E3,RPR1,LexA-FHA,ys357,G10,T4,D1,17.80203899
4971_050_VB2_VB_Fn_G10_E3_T04_D2,20250328,var_file_20250328.csv,FnCas12a,As_DR,E3,RPR1,LexA-FHA,ys357,G10,T4,D2,18.36565668
4971_051_VB2_VB_Fn_G11_E3_T04_D1,20250328,var_file_20250328.csv,FnCas12a,As_DR,E3,RPR1,LexA-FHA,ys357,G11,T4,D1,18.60971157
4971_052_VB2_VB_Fn_G11_E3_T04_D2,20250328,var_file_20250328.csv,FnCas12a,As_DR,E3,RPR1,LexA-FHA,ys357,G11,T4,D2,19.202214
4971_057_VB2_VB_Fn_G05_E4_T01_D1,20250328_dummy,,FnCas12a,As_DR,E4,RPR1,No,ys81,G05,T1,D1,0.0
4971_058_VB2_VB_Fn_G05_E4_T01_D2,20250328_dummy,,FnCas12a,As_DR,E4,RPR1,No,ys81,G05,T1,D2,0.0
4971_059_VB2_VB_Fn_G10_E4_T01_D1,20250328,var_file_20250328.csv,FnCas12a,As_DR,E4,RPR1,No,ys81,G10,T1,D1,0.0
4971_060_VB2_VB_Fn_G10_E4_T01_D2,20250328,var_file_20250328.csv,FnCas12a,As_DR,E4,RPR1,No,ys81,G10,T1,D2,0.0
4971_061_VB2_VB_Fn_G11_E4_T01_D1,20250328,var_file_20250328.csv,FnCas12a,As_DR,E4,RPR1,No,ys81,G11,T1,D1,0.0
4971_062_VB2_VB_Fn_G11_E4_T01_D2,20250328,var_file_20250328.csv,FnCas12a,As_DR,E4,RPR1,No,ys81,G11,T1,D2,0.0
4971_065_VB2_VB_Fn_G05_E4_T04_D1,20250328,var_file_20250328.csv,FnCas12a,As_DR,E4,RPR1,No,ys81,G05,T4,D1,19.28145531
4971_066_VB2_VB_Fn_G05_E4_T04_D2,20250328,var_file_20250328.csv,FnCas12a,As_DR,E4,RPR1,No,ys81,G05,T4,D2,19.01683657
4971_067_VB2_VB_Fn_G10_E4_T04_D1,20250328,var_file_20250328.csv,FnCas12a,As_DR,E4,RPR1,No,ys81,G10,T4,D1,17.81202007
4971_068_VB2_VB_Fn_G10_E4_T04_D2,20250328,var_file_20250328.csv,FnCas12a,As_DR,E4,RPR1,No,ys81,G10,T4,D2,17.65624847
4971_069_VB2_VB_Fn_G11_E4_T04_D1,20250328,var_file_20250328.csv,FnCas12a,As_DR,E4,RPR1,No,ys81,G11,T4,D1,18.72523111
4971_070_VB2_VB_Fn_G11_E4_T04_D2,20250328,var_file_20250328.csv,FnCas12a,As_DR,E4,RPR1,No,ys81,G11,T4,D2,18.74278562
4971_073_VB2_VB_Fn_G03_E1_T02_D1,20250328,var_file_20250328.csv,FnCas12a,As_DR,E1,SNR52,No,ys81,G03,T2,D1,5.692971119
4971_074_VB2_VB_Fn_G03_E1_T02_D2,20250328,var_file_20250328.csv,FnCas12a,As_DR,E1,SNR52,No,ys81,G03,T2,D2,5.300890639
4971_075_VB2_VB_Fn_G05_E1_T02_D1,20250328,var_file_20250328.csv,FnCas12a,As_DR,E1,SNR52,No,ys81,G05,T2,D1,5.672633245
4971_076_VB2_VB_Fn_G05_E1_T02_D2,20250328,var_file_20250328.csv,FnCas12a,As_DR,E1,SNR52,No,ys81,G05,T2,D2,5.672633245
4971_077_VB2_VB_Fn_G10_E1_T02_D1,20250328,var_file_20250328.csv,FnCas12a,As_DR,E1,SNR52,No,ys81,G10,T2,D1,5.392564721
4971_078_VB2_VB_Fn_G10_E1_T02_D2,20250328,var_file_20250328.csv,FnCas12a,As_DR,E1,SNR52,No,ys81,G10,T2,D2,5.488765634
4971_079_VB2_VB_Fn_G11_E1_T02_D1,20250328,var_file_20250328.csv,FnCas12a,As_DR,E1,SNR52,No,ys81,G11,T2,D1,5.80665788
4971_080_VB2_VB_Fn_G11_E1_T02_D2,20250328,var_file_20250328.csv,FnCas12a,As_DR,E1,SNR52,No,ys81,G11,T2,D2,5.235049202
4971_089_VB2_VB_Fn_G03_E2_T02_D1,20250328,var_file_20250328.csv,FnCas12a,As_DR,E2,SNR52,LexA-FHA,ys357,G03,T2,D1,5.57582511
4971_090_VB2_VB_Fn_G03_E2_T02_D2,20250328,var_file_20250328.csv,FnCas12a,As_DR,E2,SNR52,LexA-FHA,ys357,G03,T2,D2,5.738408469
4971_091_VB2_VB_Fn_G05_E2_T02_D1,20250328,var_file_20250328.csv,FnCas12a,As_DR,E2,SNR52,LexA-FHA,ys357,G05,T2,D1,5.235049202
4971_092_VB2_VB_Fn_G05_E2_T02_D2,20250328,var_file_20250328.csv,FnCas12a,As_DR,E2,SNR52,LexA-FHA,ys357,G05,T2,D2,5.08042956
4971_093_VB2_VB_Fn_G10_E2_T02_D1,20250328,var_file_20250328.csv,FnCas12a,As_DR,E2,SNR52,LexA-FHA,ys357,G10,T2,D1,5.312204094
4971_094_VB2_VB_Fn_G10_E2_T02_D2,20250328,var_file_20250328.csv,FnCas12a,As_DR,E2,SNR52,LexA-FHA,ys357,G10,T2,D2,5.738408469
4971_095_VB2_VB_Fn_G11_E2_T02_D1,20250328,var_file_20250328.csv,FnCas12a,As_DR,E2,SNR52,LexA-FHA,ys357,G11,T2,D1,5.297099686
4971_096_VB2_VB_Fn_G11_E2_T02_D2,20250328,var_file_20250328.csv,FnCas12a,As_DR,E2,SNR52,LexA-FHA,ys357,G11,T2,D2,5.768836699
4971_108_VB2_VB_Fn_G05_E3_T02_D1,20250328,var_file_20250328.csv,FnCas12a,As_DR,E3,RPR1,LexA-FHA,ys357,G05,T2,D1,5.643072594
4971_109_VB2_VB_Fn_G05_E3_T02_D2,20250328,var_file_20250328.csv,FnCas12a,As_DR,E3,RPR1,LexA-FHA,ys357,G05,T2,D2,5.889555069
4971_110_VB2_VB_Fn_G10_E3_T02_D1,20250328,var_file_20250328.csv,FnCas12a,As_DR,E3,RPR1,LexA-FHA,ys357,G10,T2,D1,4.749721967
4971_111_VB2_VB_Fn_G10_E3_T02_D2,20250328,var_file_20250328.csv,FnCas12a,As_DR,E3,RPR1,LexA-FHA,ys357,G10,T2,D2,5.315955616
4971_112_VB2_VB_Fn_G11_E3_T02_D1,20250328,var_file_20250328.csv,FnCas12a,As_DR,E3,RPR1,LexA-FHA,ys357,G11,T2,D1,5.444897273
4971_113_VB2_VB_Fn_G11_E3_T02_D2,20250328,var_file_20250328.csv,FnCas12a,As_DR,E3,RPR1,LexA-FHA,ys357,G11,T2,D2,5.838305131
4971_125_VB2_VB_Fn_G05_E4_T02_D1,20250328,var_file_20250328.csv,FnCas12a,As_DR,E4,RPR1,No,ys81,G05,T2,D1,6.117309594
4971_126_VB2_VB_Fn_G05_E4_T02_D2,20250328,var_file_20250328.csv,FnCas12a,As_DR,E4,RPR1,No,ys81,G05,T2,D2,5.779744303
4971_127_VB2_VB_Fn_G10_E4_T02_D1,20250328,var_file_20250328.csv,FnCas12a,As_DR,E4,RPR1,No,ys81,G10,T2,D1,4.227352167
4971_128_VB2_VB_Fn_G10_E4_T02_D2,20250328,var_file_20250328.csv,FnCas12a,As_DR,E4,RPR1,No,ys81,G10,T2,D2,4.203248149
4971_129_VB2_VB_Fn_G11_E4_T02_D1,20250328,var_file_20250328.csv,FnCas12a,As_DR,E4,RPR1,No,ys81,G11,T2,D1,5.182591003
4971_130_VB2_VB_Fn_G11_E4_T02_D2,20250328,var_file_20250328.csv,FnCas12a,As_DR,E4,RPR1,No,ys81,G11,T2,D2,5.115293401
4971_140_VB2_VB_Fn_G03_E1_T03_D1,20250328,var_file_20250328.csv,FnCas12a,As_DR,E1,SNR52,No,ys81,G03,T3,D1,11.87748649
4971_141_VB2_VB_Fn_G03_E1_T03_D2,20250328,var_file_20250328.csv,FnCas12a,As_DR,E1,SNR52,No,ys81,G03,T3,D2,10.72855379
4971_142_VB2_VB_Fn_G05_E1_T03_D1,20250328,var_file_20250328.csv,FnCas12a,As_DR,E1,SNR52,No,ys81,G05,T3,D1,11.5495455
4971_143_VB2_VB_Fn_G05_E1_T03_D2,20250328,var_file_20250328.csv,FnCas12a,As_DR,E1,SNR52,No,ys81,G05,T3,D2,11.32166662
4971_144_VB2_VB_Fn_G10_E1_T03_D1,20250328,var_file_20250328.csv,FnCas12a,As_DR,E1,SNR52,No,ys81,G10,T3,D1,11.79387349
4971_145_VB2_VB_Fn_G10_E1_T03_D2,20250328,var_file_20250328.csv,FnCas12a,As_DR,E1,SNR52,No,ys81,G10,T3,D2,12.20170251
4971_146_VB2_VB_Fn_G11_E1_T03_D1,20250328,var_file_20250328.csv,FnCas12a,As_DR,E1,SNR52,No,ys81,G11,T3,D1,11.85798539
4971_147_VB2_VB_Fn_G11_E1_T03_D2,20250328,var_file_20250328.csv,FnCas12a,As_DR,E1,SNR52,No,ys81,G11,T3,D2,10.7204873
4971_149_VB2_VB_Fn_G03_E2_T03_D1,20250328,var_file_20250328.csv,FnCas12a,As_DR,E2,SNR52,LexA-FHA,ys357,G03,T3,D1,12.07936705
4971_150_VB2_VB_Fn_G03_E2_T03_D2,20250328,var_file_20250328.csv,FnCas12a,As_DR,E2,SNR52,LexA-FHA,ys357,G03,T3,D2,11.82968622
4971_151_VB2_VB_Fn_G05_E2_T03_D1,20250328,var_file_20250328.csv,FnCas12a,As_DR,E2,SNR52,LexA-FHA,ys357,G05,T3,D1,10.64877528
4971_152_VB2_VB_Fn_G05_E2_T03_D2,20250328,var_file_20250328.csv,FnCas12a,As_DR,E2,SNR52,LexA-FHA,ys357,G05,T3,D2,10.42971698
4971_153_VB2_VB_Fn_G10_E2_T03_D1,20250328,var_file_20250328.csv,FnCas12a,As_DR,E2,SNR52,LexA-FHA,ys357,G10,T3,D1,11.75012425
4971_154_VB2_VB_Fn_G10_E2_T03_D2,20250328,var_file_20250328.csv,FnCas12a,As_DR,E2,SNR52,LexA-FHA,ys357,G10,T3,D2,12.08023948
4971_155_VB2_VB_Fn_G11_E2_T03_D1,20250328,var_file_20250328.csv,FnCas12a,As_DR,E2,SNR52,LexA-FHA,ys357,G11,T3,D1,10.24841005
4971_156_VB2_VB_Fn_G11_E2_T03_D2,20250328,var_file_20250328.csv,FnCas12a,As_DR,E2,SNR52,LexA-FHA,ys357,G11,T3,D2,11.7296125
4971_160_VB2_VB_Fn_G05_E3_T03_D1,20250328,var_file_20250328.csv,FnCas12a,As_DR,E3,RPR1,LexA-FHA,ys357,G05,T3,D1,12.19354543
4971_161_VB2_VB_Fn_G05_E3_T03_D2,20250328,var_file_20250328.csv,FnCas12a,As_DR,E3,RPR1,LexA-FHA,ys357,G05,T3,D2,12.4029329
4971_162_VB2_VB_Fn_G10_E3_T03_D1,20250328,var_file_20250328.csv,FnCas12a,As_DR,E3,RPR1,LexA-FHA,ys357,G10,T3,D1,11.04290114
4971_163_VB2_VB_Fn_G10_E3_T03_D2,20250328,var_file_20250328.csv,FnCas12a,As_DR,E3,RPR1,LexA-FHA,ys357,G10,T3,D2,11.68873276
4971_164_VB2_VB_Fn_G11_E3_T03_D1,20250328,var_file_20250328.csv,FnCas12a,As_DR,E3,RPR1,LexA-FHA,ys357,G11,T3,D1,11.66588399
4971_165_VB2_VB_Fn_G11_E3_T03_D2,20250328,var_file_20250328.csv,FnCas12a,As_DR,E3,RPR1,LexA-FHA,ys357,G11,T3,D2,12.05728967
4971_169_VB2_VB_Fn_G05_E4_T03_D1,20250328,var_file_20250328.csv,FnCas12a,As_DR,E4,RPR1,No,ys81,G05,T3,D1,12.04659286
4971_170_VB2_VB_Fn_G05_E4_T03_D2,20250328,var_file_20250328.csv,FnCas12a,As_DR,E4,RPR1,No,ys81,G05,T3,D2,11.7969135
4971_171_VB2_VB_Fn_G10_E4_T03_D1,20250328,var_file_20250328.csv,FnCas12a,As_DR,E4,RPR1,No,ys81,G10,T3,D1,10.59109621
4971_172_VB2_VB_Fn_G10_E4_T03_D2,20250328,var_file_20250328.csv,FnCas12a,As_DR,E4,RPR1,No,ys81,G10,T3,D2,10.39390646
4971_173_VB2_VB_Fn_G11_E4_T03_D1,20250328,var_file_20250328.csv,FnCas12a,As_DR,E4,RPR1,No,ys81,G11,T3,D1,11.51333941
4971_174_VB2_VB_Fn_G11_E4_T03_D2,20250328,var_file_20250328.csv,FnCas12a,As_DR,E4,RPR1,No,ys81,G11,T3,D2,11.55321355
5038_VB3_017_AD_G11_357_1_S_S21,20250614,var_file_20250614.csv,FnCas12a,cognate,E2,SNR52,LexA-FHA,ys357,G11,T1,D1,0.0
5038_VB3_018_AD_G11_81_2_S_S22,20250614,var_file_20250614.csv,FnCas12a,cognate,E1,SNR52,No,ys81,G11,T1,D2,0.0
5038_VB3_036_AD_G11_357_1_T1_S40,20250614,var_file_20250614.csv,FnCas12a,cognate,E2,SNR52,LexA-FHA,ys357,G11,T2,D1,7.7
5038_VB3_037_AD_G11_81_2_T1_S41,20250614,var_file_20250614.csv,FnCas12a,cognate,E1,SNR52,No,ys81,G11,T2,D2,8.3
5038_VB3_055_AD_G11_357_1_T2_S59,20250614,var_file_20250614.csv,FnCas12a,cognate,E2,SNR52,LexA-FHA,ys357,G11,T3,D1,14.0
5038_VB3_056_AD_G11_81_2_T2_S60,20250614,var_file_20250614.csv,FnCas12a,cognate,E1,SNR52,No,ys81,G11,T3,D2,14.8
5038_VB3_074_AD_G11_357_1_T3_S78,20250614,var_file_20250614.csv,FnCas12a,cognate,E2,SNR52,LexA-FHA,ys357,G11,T4,D1,21.5
5038_VB3_075_AD_G11_81_2_T3_S79,20250614,var_file_20250614.csv,FnCas12a,cognate,E1,SNR52,No,ys81,G11,T4,D2,22.8
5038_VB3_093_AD_G11_81_1_S_S97,20250614,var_file_20250614.csv,FnCas12a,cognate,E1,SNR52,No,ys81,G11,T1,D1,0.0
5038_VB3_111_AD_G11_81_1_T1_S115,20250614,var_file_20250614.csv,FnCas12a,cognate,E1,SNR52,No,ys81,G11,T2,D1,8.5
5038_VB3_129_AD_G11_81_1_T2_S133,20250614,var_file_20250614.csv,FnCas12a,cognate,E1,SNR52,No,ys81,G11,T3,D1,15.1
5038_VB3_147_AD_G11_81_1_T3_S151,20250614,var_file_20250614.csv,FnCas12a,cognate,E1,SNR52,No,ys81,G11,T4,D1,23.1
5038_VB3_165_AD_G11_357_2_S_S169,20250614,var_file_20250614.csv,FnCas12a,cognate,E2,SNR52,LexA-FHA,ys357,G11,T1,D2,0.0
5038_VB3_183_AD_G11_357_2_T1_S187,20250614,var_file_20250614.csv,FnCas12a,cognate,E2,SNR52,LexA-FHA,ys357,G11,T2,D2,7.8
5038_VB3_201_AD_G11_357_2_T2_S205,20250614,var_file_20250614.csv,FnCas12a,cognate,E2,SNR52,LexA-FHA,ys357,G11,T3,D2,14.1
5038_VB3_219_AD_G11_357_2_T3_S223,20250614,var_file_20250614.csv,FnCas12a,cognate,E2,SNR52,LexA-FHA,ys357,G11,T4,D2,21.9
5038_VB3_231_AD_G03_RPR_81_1_S_S235,20250614,var_file_20250614.csv,FnCas12a,As_DR,E4,RPR1,No,ys81,G03,T1,D1,0.0
5038_VB3_232_AD_G03_357_1_S_S236,20250614,var_file_20250614.csv,FnCas12a,cognate,E2,SNR52,LexA-FHA,ys357,G03,T1,D1,0.0
5038_VB3_233_AD_G03_81_2_S_S237,20250614,var_file_20250614.csv,FnCas12a,cognate,E1,SNR52,No,ys81,G03,T1,D2,0.0
5038_VB3_234_AD_G05_357_2_S_S238,20250614,var_file_20250614.csv,FnCas12a,cognate,E2,SNR52,LexA-FHA,ys357,G05,T1,D2,0.0
5038_VB3_235_AD_G10_81_1_S_S239,20250614,var_file_20250614.csv,FnCas12a,cognate,E1,SNR52,No,ys81,G10,T1,D1,0.0
5038_VB3_248_AD_G03_RPR_81_1_T1_S252,20250614,var_file_20250614.csv,FnCas12a,As_DR,E4,RPR1,No,ys81,G03,T2,D1,5.161895742
5038_VB3_249_AD_G03_357_1_T1_S253,20250614,var_file_20250614.csv,FnCas12a,cognate,E2,SNR52,LexA-FHA,ys357,G03,T2,D1,7.3
5038_VB3_250_AD_G03_81_2_T1_S254,20250614,var_file_20250614.csv,FnCas12a,cognate,E1,SNR52,No,ys81,G03,T2,D2,7.1
5038_VB3_251_AD_G05_357_2_T1_S255,20250614,var_file_20250614.csv,FnCas12a,cognate,E2,SNR52,LexA-FHA,ys357,G05,T2,D2,7.4
5038_VB3_252_AD_G10_81_1_T1_S256,20250614,var_file_20250614.csv,FnCas12a,cognate,E1,SNR52,No,ys81,G10,T2,D1,8.5
5038_VB3_265_AD_G03_RPR_81_1_T2_S269,20250614,var_file_20250614.csv,FnCas12a,As_DR,E4,RPR1,No,ys81,G03,T3,D1,10.96321092
5038_VB3_266_AD_G03_357_1_T2_S270,20250614,var_file_20250614.csv,FnCas12a,cognate,E2,SNR52,LexA-FHA,ys357,G03,T3,D1,13.8
5038_VB3_267_AD_G03_81_2_T2_S271,20250614,var_file_20250614.csv,FnCas12a,cognate,E1,SNR52,No,ys81,G03,T3,D2,14.0
5038_VB3_268_AD_G05_357_2_T2_S272,20250614,var_file_20250614.csv,FnCas12a,cognate,E2,SNR52,LexA-FHA,ys357,G05,T3,D2,13.7
5038_VB3_269_AD_G10_81_1_T2_S273,20250614,var_file_20250614.csv,FnCas12a,cognate,E1,SNR52,No,ys81,G10,T3,D1,14.9
5038_VB3_282_AD_G03_RPR_81_1_T3_S286,20250614,var_file_20250614.csv,FnCas12a,As_DR,E4,RPR1,No,ys81,G03,T4,D1,17.72784967
5038_VB3_283_AD_G03_357_1_T3_S287,20250614,var_file_20250614.csv,FnCas12a,cognate,E2,SNR52,LexA-FHA,ys357,G03,T4,D1,21.4
5038_VB3_284_AD_G03_81_2_T3_S288,20250614,var_file_20250614.csv,FnCas12a,cognate,E1,SNR52,No,ys81,G03,T4,D2,22.0
5038_VB3_285_AD_G05_357_2_T3_S289,20250614,var_file_20250614.csv,FnCas12a,cognate,E2,SNR52,LexA-FHA,ys357,G05,T4,D2,21.3
5038_VB3_286_AD_G10_81_1_T3_S290,20250614,var_file_20250614.csv,FnCas12a,cognate,E1,SNR52,No,ys81,G10,T4,D1,23.0
5038_VB3_298_AD_G03_RPR_357_2_S_S302,20250614,var_file_20250614.csv,FnCas12a,As_DR,E3,RPR1,LexA-FHA,ys357,G03,T1,D2,0.0
5038_VB3_299_AD_G03_81_1_S_S303,20250614,var_file_20250614.csv,FnCas12a,cognate,E1,SNR52,No,ys81,G03,T1,D1,0.0
5038_VB3_300_AD_G05_357_1_S_S304,20250614,var_file_20250614.csv,FnCas12a,cognate,E2,SNR52,LexA-FHA,ys357,G05,T1,D1,0.0
5038_VB3_301_AD_G05_81_2_S_S305,20250614,var_file_20250614.csv,FnCas12a,cognate,E1,SNR52,No,ys81,G05,T1,D2,0.0
5038_VB3_302_AD_G10_357_2_S_S306,20250614,var_file_20250614.csv,FnCas12a,cognate,E2,SNR52,LexA-FHA,ys357,G10,T1,D2,0.0
5038_VB3_314_AD_G03_RPR_357_2_T1_S318,20250614,var_file_20250614.csv,FnCas12a,As_DR,E3,RPR1,LexA-FHA,ys357,G03,T2,D2,5.606781245
5038_VB3_315_AD_G03_81_1_T1_S319,20250614,var_file_20250614.csv,FnCas12a,cognate,E1,SNR52,No,ys81,G03,T2,D1,7.0
5038_VB3_316_AD_G05_357_1_T1_S320,20250614,var_file_20250614.csv,FnCas12a,cognate,E2,SNR52,LexA-FHA,ys357,G05,T2,D1,7.5
5038_VB3_317_AD_G05_81_2_T1_S321,20250614,var_file_20250614.csv,FnCas12a,cognate,E1,SNR52,No,ys81,G05,T2,D2,7.8
5038_VB3_318_AD_G10_357_2_T1_S322,20250614,var_file_20250614.csv,FnCas12a,cognate,E2,SNR52,LexA-FHA,ys357,G10,T2,D2,7.7
5038_VB3_330_AD_G03_RPR_357_2_T2_S334,20250614,var_file_20250614.csv,FnCas12a,As_DR,E3,RPR1,LexA-FHA,ys357,G03,T3,D2,12.13317015
5038_VB3_331_AD_G03_81_1_T2_S335,20250614,var_file_20250614.csv,FnCas12a,cognate,E1,SNR52,No,ys81,G03,T3,D1,14.3
5038_VB3_332_AD_G05_357_1_T2_S336,20250614,var_file_20250614.csv,FnCas12a,cognate,E2,SNR52,LexA-FHA,ys357,G05,T3,D1,13.9
5038_VB3_333_AD_G05_81_2_T2_S337,20250614,var_file_20250614.csv,FnCas12a,cognate,E1,SNR52,No,ys81,G05,T3,D2,14.4
5038_VB3_334_AD_G10_357_2_T2_S338,20250614,var_file_20250614.csv,FnCas12a,cognate,E2,SNR52,LexA-FHA,ys357,G10,T3,D2,14.0
5038_VB3_346_AD_G03_RPR_357_2_T3_S350,20250614,var_file_20250614.csv,FnCas12a,As_DR,E3,RPR1,LexA-FHA,ys357,G03,T4,D2,18.90465566
5038_VB3_347_AD_G03_81_1_T3_S351,20250614,var_file_20250614.csv,FnCas12a,cognate,E1,SNR52,No,ys81,G03,T4,D1,22.2
5038_VB3_348_AD_G05_357_1_T3_S352,20250614,var_file_20250614.csv,FnCas12a,cognate,E2,SNR52,LexA-FHA,ys357,G05,T4,D1,21.4
5038_VB3_349_AD_G05_81_2_T3_S353,20250614,var_file_20250614.csv,FnCas12a,cognate,E1,SNR52,No,ys81,G05,T4,D2,22.5
5038_VB3_350_AD_G10_357_2_T3_S354,20250614,var_file_20250614.csv,FnCas12a,cognate,E2,SNR52,LexA-FHA,ys357,G10,T4,D2,21.5
5038_VB3_361_AD_G03_RPR_357_1_S_S365,20250614,var_file_20250614.csv,FnCas12a,As_DR,E3,RPR1,LexA-FHA,ys357,G03,T1,D1,0.0
5038_VB3_362_AD_G03_RPR_81_2_S_S366,20250614,var_file_20250614.csv,FnCas12a,As_DR,E4,RPR1,No,ys81,G03,T1,D2,0.0
5038_VB3_363_AD_G03_357_2_S_S367,20250614,var_file_20250614.csv,FnCas12a,cognate,E2,SNR52,LexA-FHA,ys357,G03,T1,D2,0.0
5038_VB3_364_AD_G05_81_1_S_S368,20250614,var_file_20250614.csv,FnCas12a,cognate,E1,SNR52,No,ys81,G05,T1,D1,0.0
5038_VB3_365_AD_G10_357_1_S_S369,20250614,var_file_20250614.csv,FnCas12a,cognate,E2,SNR52,LexA-FHA,ys357,G10,T1,D1,0.0
5038_VB3_366_AD_G10_81_2_S_S370,20250614,var_file_20250614.csv,FnCas12a,cognate,E1,SNR52,No,ys81,G10,T1,D2,0.0
5038_VB3_377_AD_G03_RPR_357_1_T1_S381,20250614,var_file_20250614.csv,FnCas12a,As_DR,E3,RPR1,LexA-FHA,ys357,G03,T2,D1,5.856450429
5038_VB3_378_AD_G03_RPR_81_2_T1_S382,20250614,var_file_20250614.csv,FnCas12a,As_DR,E4,RPR1,No,ys81,G03,T2,D2,5.227101824
5038_VB3_379_AD_G03_357_2_T1_S383,20250614,var_file_20250614.csv,FnCas12a,cognate,E2,SNR52,LexA-FHA,ys357,G03,T2,D2,7.2
5038_VB3_380_AD_G05_81_1_T1_S384,20250614,var_file_20250614.csv,FnCas12a,cognate,E1,SNR52,No,ys81,G05,T2,D1,7.4
5038_VB3_381_AD_G10_357_1_T1_S385,20250614,var_file_20250614.csv,FnCas12a,cognate,E2,SNR52,LexA-FHA,ys357,G10,T2,D1,7.6
5038_VB3_382_AD_G10_81_2_T1_S386,20250614,var_file_20250614.csv,FnCas12a,cognate,E1,SNR52,No,ys81,G10,T2,D2,8.5
5038_VB3_393_AD_G03_RPR_357_1_T2_S397,20250614,var_file_20250614.csv,FnCas12a,As_DR,E3,RPR1,LexA-FHA,ys357,G03,T3,D1,12.03066907
5038_VB3_394_AD_G03_RPR_81_2_T2_S398,20250614,var_file_20250614.csv,FnCas12a,As_DR,E4,RPR1,No,ys81,G03,T3,D2,10.99867316
5038_VB3_395_AD_G03_357_2_T2_S399,20250614,var_file_20250614.csv,FnCas12a,cognate,E2,SNR52,LexA-FHA,ys357,G03,T3,D2,13.8
5038_VB3_396_AD_G05_81_1_T2_S400,20250614,var_file_20250614.csv,FnCas12a,cognate,E1,SNR52,No,ys81,G05,T3,D1,14.2
5038_VB3_397_AD_G10_357_1_T2_S401,20250614,var_file_20250614.csv,FnCas12a,cognate,E2,SNR52,LexA-FHA,ys357,G10,T3,D1,13.9
5038_VB3_398_AD_G10_81_2_T2_S402,20250614,var_file_20250614.csv,FnCas12a,cognate,E1,SNR52,No,ys81,G10,T3,D2,15.0
5038_VB3_409_AD_G03_RPR_357_1_T3_S413,20250614,var_file_20250614.csv,FnCas12a,As_DR,E3,RPR1,LexA-FHA,ys357,G03,T4,D1,18.79393456
5038_VB3_410_AD_G03_RPR_81_2_T3_S414,20250614,var_file_20250614.csv,FnCas12a,As_DR,E4,RPR1,No,ys81,G03,T4,D2,18.09969968
5038_VB3_411_AD_G03_357_2_T3_S415,20250614,var_file_20250614.csv,FnCas12a,cognate,E2,SNR52,LexA-FHA,ys357,G03,T4,D2,22.3
5038_VB3_412_AD_G05_81_1_T3_S416,20250614,var_file_20250614.csv,FnCas12a,cognate,E1,SNR52,No,ys81,G05,T4,D1,22.3
5038_VB3_413_AD_G10_357_1_T3_S417,20250614,var_file_20250614.csv,FnCas12a,cognate,E2,SNR52,LexA-FHA,ys357,G10,T4,D1,21.4
5038_VB3_414_AD_G10_81_2_T3_S418,20250614,var_file_20250614.csv,FnCas12a,cognate,E1,SNR52,No,ys81,G10,T4,D2,23.2
E1_T1_G01_D1,genomic_ampli_enas_20260313,genomic_ampli_enas_20260313.csv,enAsCas12a,,E1,SNR52,No,ys78,G01,T1,D1,0.0
E1_T1_G01_D2,genomic_ampli_enas_20260313,genomic_ampli_enas_20260313.csv,enAsCas12a,,E1,SNR52,No,ys78,G01,T1,D2,0.0
E1_T1_G02_D1,genomic_ampli_enas_20260313,genomic_ampli_enas_20260313.csv,enAsCas12a,,E1,SNR52,No,ys78,G02,T1,D1,0.0
E1_T1_G02_D2,genomic_ampli_enas_20260313,genomic_ampli_enas_20260313.csv,enAsCas12a,,E1,SNR52,No,ys78,G02,T1,D2,0.0
E1_T1_G03_D1,genomic_ampli_enas_20260313,genomic_ampli_enas_20260313.csv,enAsCas12a,,E1,SNR52,No,ys78,G03,T1,D1,0.0
E1_T1_G03_D2,genomic_ampli_enas_20260313,genomic_ampli_enas_20260313.csv,enAsCas12a,,E1,SNR52,No,ys78,G03,T1,D2,0.0
E1_T1_G04_D1,genomic_ampli_enas_20260313,genomic_ampli_enas_20260313.csv,enAsCas12a,,E1,SNR52,No,ys78,G04,T1,D1,0.0
E1_T1_G04_D2,genomic_ampli_enas_20260313,genomic_ampli_enas_20260313.csv,enAsCas12a,,E1,SNR52,No,ys78,G04,T1,D2,0.0
E1_T1_G05_D1,genomic_ampli_enas_20260313,genomic_ampli_enas_20260313.csv,enAsCas12a,,E1,SNR52,No,ys78,G05,T1,D1,0.0
E1_T1_G05_D2,genomic_ampli_enas_20260313,genomic_ampli_enas_20260313.csv,enAsCas12a,,E1,SNR52,No,ys78,G05,T1,D2,0.0
E1_T1_G06_D1,genomic_ampli_enas_20260313,genomic_ampli_enas_20260313.csv,enAsCas12a,,E1,SNR52,No,ys78,G06,T1,D1,0.0
E1_T1_G06_D2,genomic_ampli_enas_20260313,genomic_ampli_enas_20260313.csv,enAsCas12a,,E1,SNR52,No,ys78,G06,T1,D2,0.0
E1_T1_G07_D1,genomic_ampli_enas_20260313,genomic_ampli_enas_20260313.csv,enAsCas12a,,E1,SNR52,No,ys78,G07,T1,D1,0.0
E1_T1_G07_D2,genomic_ampli_enas_20260313,genomic_ampli_enas_20260313.csv,enAsCas12a,,E1,SNR52,No,ys78,G07,T1,D2,0.0
E1_T1_G08_D1,genomic_ampli_enas_20260313,genomic_ampli_enas_20260313.csv,enAsCas12a,,E1,SNR52,No,ys78,G08,T1,D1,0.0
E1_T1_G08_D2,genomic_ampli_enas_20260313,genomic_ampli_enas_20260313.csv,enAsCas12a,,E1,SNR52,No,ys78,G08,T1,D2,0.0
E1_T1_G09_D1,genomic_ampli_enas_20260313,genomic_ampli_enas_20260313.csv,enAsCas12a,,E1,SNR52,No,ys78,G09,T1,D1,0.0
E1_T1_G09_D2,genomic_ampli_enas_20260313,genomic_ampli_enas_20260313.csv,enAsCas12a,,E1,SNR52,No,ys78,G09,T1,D2,0.0
E1_T1_G10_D1,genomic_ampli_enas_20260313,genomic_ampli_enas_20260313.csv,enAsCas12a,,E1,SNR52,No,ys78,G10,T1,D1,0.0
E1_T1_G10_D2,genomic_ampli_enas_20260313,genomic_ampli_enas_20260313.csv,enAsCas12a,,E1,SNR52,No,ys78,G10,T1,D2,0.0
E1_T1_G11_D1,genomic_ampli_enas_20260313,genomic_ampli_enas_20260313.csv,enAsCas12a,,E1,SNR52,No,ys78,G11,T1,D1,0.0
E1_T1_G11_D2,genomic_ampli_enas_20260313,genomic_ampli_enas_20260313.csv,enAsCas12a,,E1,SNR52,No,ys78,G11,T1,D2,0.0
E1_T1_G12_D1,genomic_ampli_enas_20260313,genomic_ampli_enas_20260313.csv,enAsCas12a,,E1,SNR52,No,ys78,G12,T1,D1,0.0
E1_T1_G12_D2,genomic_ampli_enas_20260313,genomic_ampli_enas_20260313.csv,enAsCas12a,,E1,SNR52,No,ys78,G12,T1,D2,0.0
E1_T2_G01_D1,genomic_ampli_enas_20260313,genomic_ampli_enas_20260313.csv,enAsCas12a,,E1,SNR52,No,ys78,G01,T2,D1,6.269580788
E1_T2_G01_D2,genomic_ampli_enas_20260313,genomic_ampli_enas_20260313.csv,enAsCas12a,,E1,SNR52,No,ys78,G01,T2,D2,5.861759883
E1_T2_G02_D1,genomic_ampli_enas_20260313,genomic_ampli_enas_20260313.csv,enAsCas12a,,E1,SNR52,No,ys78,G02,T2,D1,6.433099662
E1_T2_G02_D2,genomic_ampli_enas_20260313,genomic_ampli_enas_20260313.csv,enAsCas12a,,E1,SNR52,No,ys78,G02,T2,D2,6.721990513
E1_T2_G03_D1,genomic_ampli_enas_20260313,genomic_ampli_enas_20260313.csv,enAsCas12a,,E1,SNR52,No,ys78,G03,T2,D1,5.821601039
E1_T2_G03_D2,genomic_ampli_enas_20260313,genomic_ampli_enas_20260313.csv,enAsCas12a,,E1,SNR52,No,ys78,G03,T2,D2,5.771886635
E1_T2_G04_D1,genomic_ampli_enas_20260313,genomic_ampli_enas_20260313.csv,enAsCas12a,,E1,SNR52,No,ys78,G04,T2,D1,6.08513058
E1_T2_G04_D2,genomic_ampli_enas_20260313,genomic_ampli_enas_20260313.csv,enAsCas12a,,E1,SNR52,No,ys78,G04,T2,D2,5.784476762
E1_T2_G05_D1,genomic_ampli_enas_20260313,genomic_ampli_enas_20260313.csv,enAsCas12a,,E1,SNR52,No,ys78,G05,T2,D1,5.881427739
E1_T2_G05_D2,genomic_ampli_enas_20260313,genomic_ampli_enas_20260313.csv,enAsCas12a,,E1,SNR52,No,ys78,G05,T2,D2,5.788649173
E1_T2_G06_D1,genomic_ampli_enas_20260313,genomic_ampli_enas_20260313.csv,enAsCas12a,,E1,SNR52,No,ys78,G06,T2,D1,5.942621472
E1_T2_G06_D2,genomic_ampli_enas_20260313,genomic_ampli_enas_20260313.csv,enAsCas12a,,E1,SNR52,No,ys78,G06,T2,D2,5.788649173
E1_T2_G07_D1,genomic_ampli_enas_20260313,genomic_ampli_enas_20260313.csv,enAsCas12a,,E1,SNR52,No,ys78,G07,T2,D1,5.771886635
E1_T2_G07_D2,genomic_ampli_enas_20260313,genomic_ampli_enas_20260313.csv,enAsCas12a,,E1,SNR52,No,ys78,G07,T2,D2,6.057732718
E1_T2_G08_D1,genomic_ampli_enas_20260313,genomic_ampli_enas_20260313.csv,enAsCas12a,,E1,SNR52,No,ys78,G08,T2,D1,5.889220416
E1_T2_G08_D2,genomic_ampli_enas_20260313,genomic_ampli_enas_20260313.csv,enAsCas12a,,E1,SNR52,No,ys78,G08,T2,D2,5.900831072
E1_T2_G09_D1,genomic_ampli_enas_20260313,genomic_ampli_enas_20260313.csv,enAsCas12a,,E1,SNR52,No,ys78,G09,T2,D1,5.931343615
E1_T2_G09_D2,genomic_ampli_enas_20260313,genomic_ampli_enas_20260313.csv,enAsCas12a,,E1,SNR52,No,ys78,G09,T2,D2,5.841820189
E1_T2_G10_D1,genomic_ampli_enas_20260313,genomic_ampli_enas_20260313.csv,enAsCas12a,,E1,SNR52,No,ys78,G10,T2,D1,5.849829168
E1_T2_G10_D2,genomic_ampli_enas_20260313,genomic_ampli_enas_20260313.csv,enAsCas12a,,E1,SNR52,No,ys78,G10,T2,D2,5.904680619
E1_T2_G11_D1,genomic_ampli_enas_20260313,genomic_ampli_enas_20260313.csv,enAsCas12a,,E1,SNR52,No,ys78,G11,T2,D1,5.99411625
E1_T2_G11_D2,genomic_ampli_enas_20260313,genomic_ampli_enas_20260313.csv,enAsCas12a,,E1,SNR52,No,ys78,G11,T2,D2,6.071496686
E1_T2_G12_D1,genomic_ampli_enas_20260313,genomic_ampli_enas_20260313.csv,enAsCas12a,,E1,SNR52,No,ys78,G12,T2,D1,5.983235334
E1_T2_G12_D2,genomic_ampli_enas_20260313,genomic_ampli_enas_20260313.csv,enAsCas12a,,E1,SNR52,No,ys78,G12,T2,D2,5.796957968
E1_T3_G01_D1,genomic_ampli_enas_20260313,genomic_ampli_enas_20260313.csv,enAsCas12a,,E1,SNR52,No,ys78,G01,T3,D1,11.25380008
E1_T3_G01_D2,genomic_ampli_enas_20260313,genomic_ampli_enas_20260313.csv,enAsCas12a,,E1,SNR52,No,ys78,G01,T3,D2,12.25705306
E1_T3_G02_D1,genomic_ampli_enas_20260313,genomic_ampli_enas_20260313.csv,enAsCas12a,,E1,SNR52,No,ys78,G02,T3,D1,11.92692758
E1_T3_G02_D2,genomic_ampli_enas_20260313,genomic_ampli_enas_20260313.csv,enAsCas12a,,E1,SNR52,No,ys78,G02,T3,D2,12.27588302
E1_T3_G03_D1,genomic_ampli_enas_20260313,genomic_ampli_enas_20260313.csv,enAsCas12a,,E1,SNR52,No,ys78,G03,T3,D1,11.9402631
E1_T3_G03_D2,genomic_ampli_enas_20260313,genomic_ampli_enas_20260313.csv,enAsCas12a,,E1,SNR52,No,ys78,G03,T3,D2,12.30038107
E1_T3_G04_D1,genomic_ampli_enas_20260313,genomic_ampli_enas_20260313.csv,enAsCas12a,,E1,SNR52,No,ys78,G04,T3,D1,10.93204305
E1_T3_G04_D2,genomic_ampli_enas_20260313,genomic_ampli_enas_20260313.csv,enAsCas12a,,E1,SNR52,No,ys78,G04,T3,D2,11.83527794
E1_T3_G05_D1,genomic_ampli_enas_20260313,genomic_ampli_enas_20260313.csv,enAsCas12a,,E1,SNR52,No,ys78,G05,T3,D1,12.036096
E1_T3_G05_D2,genomic_ampli_enas_20260313,genomic_ampli_enas_20260313.csv,enAsCas12a,,E1,SNR52,No,ys78,G05,T3,D2,11.86697891
E1_T3_G06_D1,genomic_ampli_enas_20260313,genomic_ampli_enas_20260313.csv,enAsCas12a,,E1,SNR52,No,ys78,G06,T3,D1,12.0843003
E1_T3_G06_D2,genomic_ampli_enas_20260313,genomic_ampli_enas_20260313.csv,enAsCas12a,,E1,SNR52,No,ys78,G06,T3,D2,11.80071988
E1_T3_G07_D1,genomic_ampli_enas_20260313,genomic_ampli_enas_20260313.csv,enAsCas12a,,E1,SNR52,No,ys78,G07,T3,D1,11.91356547
E1_T3_G07_D2,genomic_ampli_enas_20260313,genomic_ampli_enas_20260313.csv,enAsCas12a,,E1,SNR52,No,ys78,G07,T3,D2,12.06264843
E1_T3_G08_D1,genomic_ampli_enas_20260313,genomic_ampli_enas_20260313.csv,enAsCas12a,,E1,SNR52,No,ys78,G08,T3,D1,11.86149215
E1_T3_G08_D2,genomic_ampli_enas_20260313,genomic_ampli_enas_20260313.csv,enAsCas12a,,E1,SNR52,No,ys78,G08,T3,D2,11.86205524
E1_T3_G09_D1,genomic_ampli_enas_20260313,genomic_ampli_enas_20260313.csv,enAsCas12a,,E1,SNR52,No,ys78,G09,T3,D1,11.37842287
E1_T3_G09_D2,genomic_ampli_enas_20260313,genomic_ampli_enas_20260313.csv,enAsCas12a,,E1,SNR52,No,ys78,G09,T3,D2,11.12113101
E1_T3_G10_D1,genomic_ampli_enas_20260313,genomic_ampli_enas_20260313.csv,enAsCas12a,,E1,SNR52,No,ys78,G10,T3,D1,11.89366534
E1_T3_G10_D2,genomic_ampli_enas_20260313,genomic_ampli_enas_20260313.csv,enAsCas12a,,E1,SNR52,No,ys78,G10,T3,D2,11.62944002
E1_T3_G11_D1,genomic_ampli_enas_20260313,genomic_ampli_enas_20260313.csv,enAsCas12a,,E1,SNR52,No,ys78,G11,T3,D1,11.99184131
E1_T3_G11_D2,genomic_ampli_enas_20260313,genomic_ampli_enas_20260313.csv,enAsCas12a,,E1,SNR52,No,ys78,G11,T3,D2,11.88082881
E1_T3_G12_D1,genomic_ampli_enas_20260313,genomic_ampli_enas_20260313.csv,enAsCas12a,,E1,SNR52,No,ys78,G12,T3,D1,12.16035743
E1_T3_G12_D2,genomic_ampli_enas_20260313,genomic_ampli_enas_20260313.csv,enAsCas12a,,E1,SNR52,No,ys78,G12,T3,D2,11.98675565
E2_T1_G01_D1,genomic_ampli_enas_20260313,genomic_ampli_enas_20260313.csv,enAsCas12a,,E2,SNR52,LexA-FHA,ys227,G01,T1,D1,0.0
E2_T1_G01_D2,genomic_ampli_enas_20260313,genomic_ampli_enas_20260313.csv,enAsCas12a,,E2,SNR52,LexA-FHA,ys227,G01,T1,D2,0.0
E2_T1_G02_D1,genomic_ampli_enas_20260313,genomic_ampli_enas_20260313.csv,enAsCas12a,,E2,SNR52,LexA-FHA,ys227,G02,T1,D1,0.0
E2_T1_G02_D2,genomic_ampli_enas_20260313,genomic_ampli_enas_20260313.csv,enAsCas12a,,E2,SNR52,LexA-FHA,ys227,G02,T1,D2,0.0
E2_T1_G03_D1,genomic_ampli_enas_20260313,genomic_ampli_enas_20260313.csv,enAsCas12a,,E2,SNR52,LexA-FHA,ys227,G03,T1,D1,0.0
E2_T1_G03_D2,genomic_ampli_enas_20260313,genomic_ampli_enas_20260313.csv,enAsCas12a,,E2,SNR52,LexA-FHA,ys227,G03,T1,D2,0.0
E2_T1_G04_D1,genomic_ampli_enas_20260313,genomic_ampli_enas_20260313.csv,enAsCas12a,,E2,SNR52,LexA-FHA,ys227,G04,T1,D1,0.0
E2_T1_G04_D2,genomic_ampli_enas_20260313,genomic_ampli_enas_20260313.csv,enAsCas12a,,E2,SNR52,LexA-FHA,ys227,G04,T1,D2,0.0
E2_T1_G05_D1,genomic_ampli_enas_20260313,genomic_ampli_enas_20260313.csv,enAsCas12a,,E2,SNR52,LexA-FHA,ys227,G05,T1,D1,0.0
E2_T1_G05_D2,genomic_ampli_enas_20260313,genomic_ampli_enas_20260313.csv,enAsCas12a,,E2,SNR52,LexA-FHA,ys227,G05,T1,D2,0.0
E2_T1_G06_D1,genomic_ampli_enas_20260313,genomic_ampli_enas_20260313.csv,enAsCas12a,,E2,SNR52,LexA-FHA,ys227,G06,T1,D1,0.0
E2_T1_G06_D2,genomic_ampli_enas_20260313,genomic_ampli_enas_20260313.csv,enAsCas12a,,E2,SNR52,LexA-FHA,ys227,G06,T1,D2,0.0
E2_T1_G07_D1,genomic_ampli_enas_20260313,genomic_ampli_enas_20260313.csv,enAsCas12a,,E2,SNR52,LexA-FHA,ys227,G07,T1,D1,0.0
E2_T1_G07_D2,genomic_ampli_enas_20260313,genomic_ampli_enas_20260313.csv,enAsCas12a,,E2,SNR52,LexA-FHA,ys227,G07,T1,D2,0.0
E2_T1_G08_D1,genomic_ampli_enas_20260313,genomic_ampli_enas_20260313.csv,enAsCas12a,,E2,SNR52,LexA-FHA,ys227,G08,T1,D1,0.0
E2_T1_G08_D2,genomic_ampli_enas_20260313,genomic_ampli_enas_20260313.csv,enAsCas12a,,E2,SNR52,LexA-FHA,ys227,G08,T1,D2,0.0
E2_T1_G09_D1,genomic_ampli_enas_20260313,genomic_ampli_enas_20260313.csv,enAsCas12a,,E2,SNR52,LexA-FHA,ys227,G09,T1,D1,0.0
E2_T1_G09_D2,genomic_ampli_enas_20260313,genomic_ampli_enas_20260313.csv,enAsCas12a,,E2,SNR52,LexA-FHA,ys227,G09,T1,D2,0.0
E2_T1_G10_D1,genomic_ampli_enas_20260313,genomic_ampli_enas_20260313.csv,enAsCas12a,,E2,SNR52,LexA-FHA,ys227,G10,T1,D1,0.0
E2_T1_G10_D2,genomic_ampli_enas_20260313,genomic_ampli_enas_20260313.csv,enAsCas12a,,E2,SNR52,LexA-FHA,ys227,G10,T1,D2,0.0
E2_T1_G11_D1,genomic_ampli_enas_20260313,genomic_ampli_enas_20260313.csv,enAsCas12a,,E2,SNR52,LexA-FHA,ys227,G11,T1,D1,0.0
E2_T1_G11_D2,genomic_ampli_enas_20260313,genomic_ampli_enas_20260313.csv,enAsCas12a,,E2,SNR52,LexA-FHA,ys227,G11,T1,D2,0.0
E2_T1_G12_D1,genomic_ampli_enas_20260313,genomic_ampli_enas_20260313.csv,enAsCas12a,,E2,SNR52,LexA-FHA,ys227,G12,T1,D1,0.0
E2_T1_G12_D2,genomic_ampli_enas_20260313,genomic_ampli_enas_20260313.csv,enAsCas12a,,E2,SNR52,LexA-FHA,ys227,G12,T1,D2,0.0
E2_T2_G01_D1,genomic_ampli_enas_20260313,genomic_ampli_enas_20260313.csv,enAsCas12a,,E2,SNR52,LexA-FHA,ys227,G01,T2,D1,5.839733897
E2_T2_G01_D2,genomic_ampli_enas_20260313,genomic_ampli_enas_20260313.csv,enAsCas12a,,E2,SNR52,LexA-FHA,ys227,G01,T2,D2,6.023720205
E2_T2_G02_D1,genomic_ampli_enas_20260313,genomic_ampli_enas_20260313.csv,enAsCas12a,,E2,SNR52,LexA-FHA,ys227,G02,T2,D1,6.307876565
E2_T2_G02_D2,genomic_ampli_enas_20260313,genomic_ampli_enas_20260313.csv,enAsCas12a,,E2,SNR52,LexA-FHA,ys227,G02,T2,D2,5.97227173
E2_T2_G03_D1,genomic_ampli_enas_20260313,genomic_ampli_enas_20260313.csv,enAsCas12a,,E2,SNR52,LexA-FHA,ys227,G03,T2,D1,5.94229351
E2_T2_G03_D2,genomic_ampli_enas_20260313,genomic_ampli_enas_20260313.csv,enAsCas12a,,E2,SNR52,LexA-FHA,ys227,G03,T2,D2,6.100795618
E2_T2_G04_D1,genomic_ampli_enas_20260313,genomic_ampli_enas_20260313.csv,enAsCas12a,,E2,SNR52,LexA-FHA,ys227,G04,T2,D1,5.768504859
E2_T2_G04_D2,genomic_ampli_enas_20260313,genomic_ampli_enas_20260313.csv,enAsCas12a,,E2,SNR52,LexA-FHA,ys227,G04,T2,D2,6.023720205
E2_T2_G05_D1,genomic_ampli_enas_20260313,genomic_ampli_enas_20260313.csv,enAsCas12a,,E2,SNR52,LexA-FHA,ys227,G05,T2,D1,5.968703882
E2_T2_G05_D2,genomic_ampli_enas_20260313,genomic_ampli_enas_20260313.csv,enAsCas12a,,E2,SNR52,LexA-FHA,ys227,G05,T2,D2,5.831534256
E2_T2_G06_D1,genomic_ampli_enas_20260313,genomic_ampli_enas_20260313.csv,enAsCas12a,,E2,SNR52,LexA-FHA,ys227,G06,T2,D1,6.023720205
E2_T2_G06_D2,genomic_ampli_enas_20260313,genomic_ampli_enas_20260313.csv,enAsCas12a,,E2,SNR52,LexA-FHA,ys227,G06,T2,D2,6.127832586
E2_T2_G07_D1,genomic_ampli_enas_20260313,genomic_ampli_enas_20260313.csv,enAsCas12a,,E2,SNR52,LexA-FHA,ys227,G07,T2,D1,6.212359222
E2_T2_G07_D2,genomic_ampli_enas_20260313,genomic_ampli_enas_20260313.csv,enAsCas12a,,E2,SNR52,LexA-FHA,ys227,G07,T2,D2,6.1510813
E2_T2_G08_D1,genomic_ampli_enas_20260313,genomic_ampli_enas_20260313.csv,enAsCas12a,,E2,SNR52,LexA-FHA,ys227,G08,T2,D1,6.076715353
E2_T2_G08_D2,genomic_ampli_enas_20260313,genomic_ampli_enas_20260313.csv,enAsCas12a,,E2,SNR52,LexA-FHA,ys227,G08,T2,D2,5.94229351
E2_T2_G09_D1,genomic_ampli_enas_20260313,genomic_ampli_enas_20260313.csv,enAsCas12a,,E2,SNR52,LexA-FHA,ys227,G09,T2,D1,5.89586243
E2_T2_G09_D2,genomic_ampli_enas_20260313,genomic_ampli_enas_20260313.csv,enAsCas12a,,E2,SNR52,LexA-FHA,ys227,G09,T2,D2,5.851946633
E2_T2_G10_D1,genomic_ampli_enas_20260313,genomic_ampli_enas_20260313.csv,enAsCas12a,,E2,SNR52,LexA-FHA,ys227,G10,T2,D1,6.127832586
E2_T2_G10_D2,genomic_ampli_enas_20260313,genomic_ampli_enas_20260313.csv,enAsCas12a,,E2,SNR52,LexA-FHA,ys227,G10,T2,D2,6.001964784
E2_T2_G11_D1,genomic_ampli_enas_20260313,genomic_ampli_enas_20260313.csv,enAsCas12a,,E2,SNR52,LexA-FHA,ys227,G11,T2,D1,6.134513393
E2_T2_G11_D2,genomic_ampli_enas_20260313,genomic_ampli_enas_20260313.csv,enAsCas12a,,E2,SNR52,LexA-FHA,ys227,G11,T2,D2,5.891924868
E2_T2_G12_D1,genomic_ampli_enas_20260313,genomic_ampli_enas_20260313.csv,enAsCas12a,,E2,SNR52,LexA-FHA,ys227,G12,T2,D1,5.88797653
E2_T2_G12_D2,genomic_ampli_enas_20260313,genomic_ampli_enas_20260313.csv,enAsCas12a,,E2,SNR52,LexA-FHA,ys227,G12,T2,D2,5.785583768
E2_T3_G01_D1,genomic_ampli_enas_20260313,genomic_ampli_enas_20260313.csv,enAsCas12a,,E2,SNR52,LexA-FHA,ys227,G01,T3,D1,11.0549108
E2_T3_G01_D2,genomic_ampli_enas_20260313,genomic_ampli_enas_20260313.csv,enAsCas12a,,E2,SNR52,LexA-FHA,ys227,G01,T3,D2,11.26389102
E2_T3_G02_D1,genomic_ampli_enas_20260313,genomic_ampli_enas_20260313.csv,enAsCas12a,,E2,SNR52,LexA-FHA,ys227,G02,T3,D1,12.51648122
E2_T3_G02_D2,genomic_ampli_enas_20260313,genomic_ampli_enas_20260313.csv,enAsCas12a,,E2,SNR52,LexA-FHA,ys227,G02,T3,D2,12.15574554
E2_T3_G03_D1,genomic_ampli_enas_20260313,genomic_ampli_enas_20260313.csv,enAsCas12a,,E2,SNR52,LexA-FHA,ys227,G03,T3,D1,12.16722824
E2_T3_G03_D2,genomic_ampli_enas_20260313,genomic_ampli_enas_20260313.csv,enAsCas12a,,E2,SNR52,LexA-FHA,ys227,G03,T3,D2,12.18443216
E2_T3_G04_D1,genomic_ampli_enas_20260313,genomic_ampli_enas_20260313.csv,enAsCas12a,,E2,SNR52,LexA-FHA,ys227,G04,T3,D1,11.81719857
E2_T3_G04_D2,genomic_ampli_enas_20260313,genomic_ampli_enas_20260313.csv,enAsCas12a,,E2,SNR52,LexA-FHA,ys227,G04,T3,D2,12.18792019
E2_T3_G05_D1,genomic_ampli_enas_20260313,genomic_ampli_enas_20260313.csv,enAsCas12a,,E2,SNR52,LexA-FHA,ys227,G05,T3,D1,11.86062875
E2_T3_G05_D2,genomic_ampli_enas_20260313,genomic_ampli_enas_20260313.csv,enAsCas12a,,E2,SNR52,LexA-FHA,ys227,G05,T3,D2,12.09659847
E2_T3_G06_D1,genomic_ampli_enas_20260313,genomic_ampli_enas_20260313.csv,enAsCas12a,,E2,SNR52,LexA-FHA,ys227,G06,T3,D1,11.80930397
E2_T3_G06_D2,genomic_ampli_enas_20260313,genomic_ampli_enas_20260313.csv,enAsCas12a,,E2,SNR52,LexA-FHA,ys227,G06,T3,D2,11.95524948
E2_T3_G07_D1,genomic_ampli_enas_20260313,genomic_ampli_enas_20260313.csv,enAsCas12a,,E2,SNR52,LexA-FHA,ys227,G07,T3,D1,11.96358056
E2_T3_G07_D2,genomic_ampli_enas_20260313,genomic_ampli_enas_20260313.csv,enAsCas12a,,E2,SNR52,LexA-FHA,ys227,G07,T3,D2,12.05478676
E2_T3_G08_D1,genomic_ampli_enas_20260313,genomic_ampli_enas_20260313.csv,enAsCas12a,,E2,SNR52,LexA-FHA,ys227,G08,T3,D1,11.8148368
E2_T3_G08_D2,genomic_ampli_enas_20260313,genomic_ampli_enas_20260313.csv,enAsCas12a,,E2,SNR52,LexA-FHA,ys227,G08,T3,D2,11.75312243
E2_T3_G09_D1,genomic_ampli_enas_20260313,genomic_ampli_enas_20260313.csv,enAsCas12a,,E2,SNR52,LexA-FHA,ys227,G09,T3,D1,11.29428361
E2_T3_G09_D2,genomic_ampli_enas_20260313,genomic_ampli_enas_20260313.csv,enAsCas12a,,E2,SNR52,LexA-FHA,ys227,G09,T3,D2,11.19376057
E2_T3_G10_D1,genomic_ampli_enas_20260313,genomic_ampli_enas_20260313.csv,enAsCas12a,,E2,SNR52,LexA-FHA,ys227,G10,T3,D1,11.68385636
E2_T3_G10_D2,genomic_ampli_enas_20260313,genomic_ampli_enas_20260313.csv,enAsCas12a,,E2,SNR52,LexA-FHA,ys227,G10,T3,D2,11.46019125
E2_T3_G11_D1,genomic_ampli_enas_20260313,genomic_ampli_enas_20260313.csv,enAsCas12a,,E2,SNR52,LexA-FHA,ys227,G11,T3,D1,11.84607272
E2_T3_G11_D2,genomic_ampli_enas_20260313,genomic_ampli_enas_20260313.csv,enAsCas12a,,E2,SNR52,LexA-FHA,ys227,G11,T3,D2,11.3607636
E2_T3_G12_D1,genomic_ampli_enas_20260313,genomic_ampli_enas_20260313.csv,enAsCas12a,,E2,SNR52,LexA-FHA,ys227,G12,T3,D1,12.14999318
E2_T3_G12_D2,genomic_ampli_enas_20260313,genomic_ampli_enas_20260313.csv,enAsCas12a,,E2,SNR52,LexA-FHA,ys227,G12,T3,D2,11.85185468
E3_T1_G01_D1,genomic_ampli_enas_20260313,genomic_ampli_enas_20260313.csv,enAsCas12a,,E3,RPR1,LexA-FHA,ys227,G01,T1,D1,0.0
E3_T1_G01_D2,genomic_ampli_enas_20260313,genomic_ampli_enas_20260313.csv,enAsCas12a,,E3,RPR1,LexA-FHA,ys227,G01,T1,D2,0.0
E3_T1_G02_D1,genomic_ampli_enas_20260313,genomic_ampli_enas_20260313.csv,enAsCas12a,,E3,RPR1,LexA-FHA,ys227,G02,T1,D1,0.0
E3_T1_G02_D2,genomic_ampli_enas_20260313,genomic_ampli_enas_20260313.csv,enAsCas12a,,E3,RPR1,LexA-FHA,ys227,G02,T1,D2,0.0
E3_T1_G03_D1,genomic_ampli_enas_20260313,genomic_ampli_enas_20260313.csv,enAsCas12a,,E3,RPR1,LexA-FHA,ys227,G03,T1,D1,0.0
E3_T1_G03_D2,genomic_ampli_enas_20260313,genomic_ampli_enas_20260313.csv,enAsCas12a,,E3,RPR1,LexA-FHA,ys227,G03,T1,D2,0.0
E3_T1_G04_D1,genomic_ampli_enas_20260313,genomic_ampli_enas_20260313.csv,enAsCas12a,,E3,RPR1,LexA-FHA,ys227,G04,T1,D1,0.0
E3_T1_G04_D2,genomic_ampli_enas_20260313,genomic_ampli_enas_20260313.csv,enAsCas12a,,E3,RPR1,LexA-FHA,ys227,G04,T1,D2,0.0
E3_T1_G05_D1,genomic_ampli_enas_20260313,genomic_ampli_enas_20260313.csv,enAsCas12a,,E3,RPR1,LexA-FHA,ys227,G05,T1,D1,0.0
E3_T1_G05_D2,genomic_ampli_enas_20260313,genomic_ampli_enas_20260313.csv,enAsCas12a,,E3,RPR1,LexA-FHA,ys227,G05,T1,D2,0.0
E3_T1_G06_D1,editing_window_all_variants_20260122,editing_window_all_variants_20260122.csv,enAsCas12a,,E3,RPR1,LexA-FHA,ys227,G06,T1,D1,0.0
E3_T1_G06_D1,genomic_ampli_enas_20260313,genomic_ampli_enas_20260313.csv,enAsCas12a,,E3,RPR1,LexA-FHA,ys227,G06,T1,D1,0.0
E3_T1_G06_D2,editing_window_all_variants_20260122,editing_window_all_variants_20260122.csv,enAsCas12a,,E3,RPR1,LexA-FHA,ys227,G06,T1,D2,0.0
E3_T1_G06_D2,genomic_ampli_enas_20260313,genomic_ampli_enas_20260313.csv,enAsCas12a,,E3,RPR1,LexA-FHA,ys227,G06,T1,D2,0.0
E3_T1_G07_D1,genomic_ampli_enas_20260313,genomic_ampli_enas_20260313.csv,enAsCas12a,,E3,RPR1,LexA-FHA,ys227,G07,T1,D1,0.0
E3_T1_G07_D2,genomic_ampli_enas_20260313,genomic_ampli_enas_20260313.csv,enAsCas12a,,E3,RPR1,LexA-FHA,ys227,G07,T1,D2,0.0
E3_T1_G08_D1,genomic_ampli_enas_20260313,genomic_ampli_enas_20260313.csv,enAsCas12a,,E3,RPR1,LexA-FHA,ys227,G08,T1,D1,0.0
E3_T1_G08_D2,genomic_ampli_enas_20260313,genomic_ampli_enas_20260313.csv,enAsCas12a,,E3,RPR1,LexA-FHA,ys227,G08,T1,D2,0.0
E3_T1_G09_D1,genomic_ampli_enas_20260313,genomic_ampli_enas_20260313.csv,enAsCas12a,,E3,RPR1,LexA-FHA,ys227,G09,T1,D1,0.0
E3_T1_G09_D2,genomic_ampli_enas_20260313,genomic_ampli_enas_20260313.csv,enAsCas12a,,E3,RPR1,LexA-FHA,ys227,G09,T1,D2,0.0
E3_T1_G10_D1,genomic_ampli_enas_20260313,genomic_ampli_enas_20260313.csv,enAsCas12a,,E3,RPR1,LexA-FHA,ys227,G10,T1,D1,0.0
E3_T1_G10_D2,genomic_ampli_enas_20260313,genomic_ampli_enas_20260313.csv,enAsCas12a,,E3,RPR1,LexA-FHA,ys227,G10,T1,D2,0.0
E3_T1_G11_D1,genomic_ampli_enas_20260313,genomic_ampli_enas_20260313.csv,enAsCas12a,,E3,RPR1,LexA-FHA,ys227,G11,T1,D1,0.0
E3_T1_G11_D2,genomic_ampli_enas_20260313,genomic_ampli_enas_20260313.csv,enAsCas12a,,E3,RPR1,LexA-FHA,ys227,G11,T1,D2,0.0
E3_T1_G12_D1,genomic_ampli_enas_20260313,genomic_ampli_enas_20260313.csv,enAsCas12a,,E3,RPR1,LexA-FHA,ys227,G12,T1,D1,0.0
E3_T1_G12_D2,genomic_ampli_enas_20260313,genomic_ampli_enas_20260313.csv,enAsCas12a,,E3,RPR1,LexA-FHA,ys227,G12,T1,D2,0.0
E3_T2_G01_D1,genomic_ampli_enas_20260313,genomic_ampli_enas_20260313.csv,enAsCas12a,,E3,RPR1,LexA-FHA,ys227,G01,T2,D1,6.10534284
E3_T2_G01_D2,genomic_ampli_enas_20260313,genomic_ampli_enas_20260313.csv,enAsCas12a,,E3,RPR1,LexA-FHA,ys227,G01,T2,D2,5.942621472
E3_T2_G02_D1,genomic_ampli_enas_20260313,genomic_ampli_enas_20260313.csv,enAsCas12a,,E3,RPR1,LexA-FHA,ys227,G02,T2,D1,4.649997062
E3_T2_G02_D2,genomic_ampli_enas_20260313,genomic_ampli_enas_20260313.csv,enAsCas12a,,E3,RPR1,LexA-FHA,ys227,G02,T2,D2,4.947370669
E3_T2_G03_D1,genomic_ampli_enas_20260313,genomic_ampli_enas_20260313.csv,enAsCas12a,,E3,RPR1,LexA-FHA,ys227,G03,T2,D1,5.457599545
E3_T2_G03_D2,genomic_ampli_enas_20260313,genomic_ampli_enas_20260313.csv,enAsCas12a,,E3,RPR1,LexA-FHA,ys227,G03,T2,D2,5.634918477
E3_T2_G04_D1,genomic_ampli_enas_20260313,genomic_ampli_enas_20260313.csv,enAsCas12a,,E3,RPR1,LexA-FHA,ys227,G04,T2,D1,5.990498388
E3_T2_G04_D2,genomic_ampli_enas_20260313,genomic_ampli_enas_20260313.csv,enAsCas12a,,E3,RPR1,LexA-FHA,ys227,G04,T2,D2,6.376011793
E3_T2_G05_D1,genomic_ampli_enas_20260313,genomic_ampli_enas_20260313.csv,enAsCas12a,,E3,RPR1,LexA-FHA,ys227,G05,T2,D1,5.573370891
E3_T2_G05_D2,genomic_ampli_enas_20260313,genomic_ampli_enas_20260313.csv,enAsCas12a,,E3,RPR1,LexA-FHA,ys227,G05,T2,D2,6.128571387
E3_T2_G06_D1,editing_window_all_variants_20260122,editing_window_all_variants_20260122.csv,enAsCas12a,,E3,RPR1,LexA-FHA,ys227,G06,T2,D1,6.543386378
E3_T2_G06_D1,genomic_ampli_enas_20260313,genomic_ampli_enas_20260313.csv,enAsCas12a,,E3,RPR1,LexA-FHA,ys227,G06,T2,D1,6.543386378
E3_T2_G06_D2,editing_window_all_variants_20260122,editing_window_all_variants_20260122.csv,enAsCas12a,,E3,RPR1,LexA-FHA,ys227,G06,T2,D2,6.091899513
E3_T2_G06_D2,genomic_ampli_enas_20260313,genomic_ampli_enas_20260313.csv,enAsCas12a,,E3,RPR1,LexA-FHA,ys227,G06,T2,D2,6.091899513
E3_T2_G07_D1,genomic_ampli_enas_20260313,genomic_ampli_enas_20260313.csv,enAsCas12a,,E3,RPR1,LexA-FHA,ys227,G07,T2,D1,6.004915714
E3_T2_G07_D2,genomic_ampli_enas_20260313,genomic_ampli_enas_20260313.csv,enAsCas12a,,E3,RPR1,LexA-FHA,ys227,G07,T2,D2,6.118662056
E3_T2_G08_D1,genomic_ampli_enas_20260313,genomic_ampli_enas_20260313.csv,enAsCas12a,,E3,RPR1,LexA-FHA,ys227,G08,T2,D1,6.613273501
E3_T2_G08_D2,genomic_ampli_enas_20260313,genomic_ampli_enas_20260313.csv,enAsCas12a,,E3,RPR1,LexA-FHA,ys227,G08,T2,D2,6.861224405
E3_T2_G09_D1,genomic_ampli_enas_20260313,genomic_ampli_enas_20260313.csv,enAsCas12a,,E3,RPR1,LexA-FHA,ys227,G09,T2,D1,6.425081259
E3_T2_G09_D2,genomic_ampli_enas_20260313,genomic_ampli_enas_20260313.csv,enAsCas12a,,E3,RPR1,LexA-FHA,ys227,G09,T2,D2,6.302050669
E3_T2_G10_D1,genomic_ampli_enas_20260313,genomic_ampli_enas_20260313.csv,enAsCas12a,,E3,RPR1,LexA-FHA,ys227,G10,T2,D1,6.750077455
E3_T2_G10_D2,genomic_ampli_enas_20260313,genomic_ampli_enas_20260313.csv,enAsCas12a,,E3,RPR1,LexA-FHA,ys227,G10,T2,D2,6.613273501
E3_T2_G11_D1,genomic_ampli_enas_20260313,genomic_ampli_enas_20260313.csv,enAsCas12a,,E3,RPR1,LexA-FHA,ys227,G11,T2,D1,7.006223508
E3_T2_G11_D2,genomic_ampli_enas_20260313,genomic_ampli_enas_20260313.csv,enAsCas12a,,E3,RPR1,LexA-FHA,ys227,G11,T2,D2,6.520990414
E3_T2_G12_D1,genomic_ampli_enas_20260313,genomic_ampli_enas_20260313.csv,enAsCas12a,,E3,RPR1,LexA-FHA,ys227,G12,T2,D1,5.441790206
E3_T2_G12_D2,genomic_ampli_enas_20260313,genomic_ampli_enas_20260313.csv,enAsCas12a,,E3,RPR1,LexA-FHA,ys227,G12,T2,D2,4.830817119
E3_T3_G01_D1,genomic_ampli_enas_20260313,genomic_ampli_enas_20260313.csv,enAsCas12a,,E3,RPR1,LexA-FHA,ys227,G01,T3,D1,13.471239
E3_T3_G01_D2,genomic_ampli_enas_20260313,genomic_ampli_enas_20260313.csv,enAsCas12a,,E3,RPR1,LexA-FHA,ys227,G01,T3,D2,13.2831638
E3_T3_G02_D1,genomic_ampli_enas_20260313,genomic_ampli_enas_20260313.csv,enAsCas12a,,E3,RPR1,LexA-FHA,ys227,G02,T3,D1,11.8488051
E3_T3_G02_D2,genomic_ampli_enas_20260313,genomic_ampli_enas_20260313.csv,enAsCas12a,,E3,RPR1,LexA-FHA,ys227,G02,T3,D2,12.08206764
E3_T3_G03_D1,genomic_ampli_enas_20260313,genomic_ampli_enas_20260313.csv,enAsCas12a,,E3,RPR1,LexA-FHA,ys227,G03,T3,D1,12.9336714
E3_T3_G03_D2,genomic_ampli_enas_20260313,genomic_ampli_enas_20260313.csv,enAsCas12a,,E3,RPR1,LexA-FHA,ys227,G03,T3,D2,13.08488388
E3_T3_G04_D1,genomic_ampli_enas_20260313,genomic_ampli_enas_20260313.csv,enAsCas12a,,E3,RPR1,LexA-FHA,ys227,G04,T3,D1,13.64291002
E3_T3_G04_D2,genomic_ampli_enas_20260313,genomic_ampli_enas_20260313.csv,enAsCas12a,,E3,RPR1,LexA-FHA,ys227,G04,T3,D2,13.89791683
E3_T3_G05_D1,genomic_ampli_enas_20260313,genomic_ampli_enas_20260313.csv,enAsCas12a,,E3,RPR1,LexA-FHA,ys227,G05,T3,D1,13.30701862
E3_T3_G05_D2,genomic_ampli_enas_20260313,genomic_ampli_enas_20260313.csv,enAsCas12a,,E3,RPR1,LexA-FHA,ys227,G05,T3,D2,13.66419546
E3_T3_G06_D1,editing_window_all_variants_20260122,editing_window_all_variants_20260122.csv,enAsCas12a,,E3,RPR1,LexA-FHA,ys227,G06,T3,D1,14.13142155
E3_T3_G06_D1,genomic_ampli_enas_20260313,genomic_ampli_enas_20260313.csv,enAsCas12a,,E3,RPR1,LexA-FHA,ys227,G06,T3,D1,14.13142155
E3_T3_G06_D2,editing_window_all_variants_20260122,editing_window_all_variants_20260122.csv,enAsCas12a,,E3,RPR1,LexA-FHA,ys227,G06,T3,D2,13.68590725
E3_T3_G06_D2,genomic_ampli_enas_20260313,genomic_ampli_enas_20260313.csv,enAsCas12a,,E3,RPR1,LexA-FHA,ys227,G06,T3,D2,13.68590725
E3_T3_G07_D1,genomic_ampli_enas_20260313,genomic_ampli_enas_20260313.csv,enAsCas12a,,E3,RPR1,LexA-FHA,ys227,G07,T3,D1,13.50281257
E3_T3_G07_D2,genomic_ampli_enas_20260313,genomic_ampli_enas_20260313.csv,enAsCas12a,,E3,RPR1,LexA-FHA,ys227,G07,T3,D2,13.61910498
E3_T3_G08_D1,genomic_ampli_enas_20260313,genomic_ampli_enas_20260313.csv,enAsCas12a,,E3,RPR1,LexA-FHA,ys227,G08,T3,D1,14.22740497
E3_T3_G08_D2,genomic_ampli_enas_20260313,genomic_ampli_enas_20260313.csv,enAsCas12a,,E3,RPR1,LexA-FHA,ys227,G08,T3,D2,14.54645761
E3_T3_G09_D1,genomic_ampli_enas_20260313,genomic_ampli_enas_20260313.csv,enAsCas12a,,E3,RPR1,LexA-FHA,ys227,G09,T3,D1,14.01191895
E3_T3_G09_D2,genomic_ampli_enas_20260313,genomic_ampli_enas_20260313.csv,enAsCas12a,,E3,RPR1,LexA-FHA,ys227,G09,T3,D2,13.85494873
E3_T3_G10_D1,genomic_ampli_enas_20260313,genomic_ampli_enas_20260313.csv,enAsCas12a,,E3,RPR1,LexA-FHA,ys227,G10,T3,D1,14.37591661
E3_T3_G10_D2,genomic_ampli_enas_20260313,genomic_ampli_enas_20260313.csv,enAsCas12a,,E3,RPR1,LexA-FHA,ys227,G10,T3,D2,14.23209945
E3_T3_G11_D1,genomic_ampli_enas_20260313,genomic_ampli_enas_20260313.csv,enAsCas12a,,E3,RPR1,LexA-FHA,ys227,G11,T3,D1,14.57619119
E3_T3_G11_D2,genomic_ampli_enas_20260313,genomic_ampli_enas_20260313.csv,enAsCas12a,,E3,RPR1,LexA-FHA,ys227,G11,T3,D2,14.09458974
E3_T3_G12_D1,genomic_ampli_enas_20260313,genomic_ampli_enas_20260313.csv,enAsCas12a,,E3,RPR1,LexA-FHA,ys227,G12,T3,D1,12.9113796
E3_T3_G12_D2,genomic_ampli_enas_20260313,genomic_ampli_enas_20260313.csv,enAsCas12a,,E3,RPR1,LexA-FHA,ys227,G12,T3,D2,12.33887142
E4_T1_G01_D1,genomic_ampli_enas_20260313,genomic_ampli_enas_20260313.csv,enAsCas12a,,E4,RPR1,No,ys78,G01,T1,D1,0.0
E4_T1_G01_D2,genomic_ampli_enas_20260313,genomic_ampli_enas_20260313.csv,enAsCas12a,,E4,RPR1,No,ys78,G01,T1,D2,0.0
E4_T1_G02_D1,genomic_ampli_enas_20260313,genomic_ampli_enas_20260313.csv,enAsCas12a,,E4,RPR1,No,ys78,G02,T1,D1,0.0
E4_T1_G02_D2,genomic_ampli_enas_20260313,genomic_ampli_enas_20260313.csv,enAsCas12a,,E4,RPR1,No,ys78,G02,T1,D2,0.0
E4_T1_G03_D1,genomic_ampli_enas_20260313,genomic_ampli_enas_20260313.csv,enAsCas12a,,E4,RPR1,No,ys78,G03,T1,D1,0.0
E4_T1_G03_D2,genomic_ampli_enas_20260313,genomic_ampli_enas_20260313.csv,enAsCas12a,,E4,RPR1,No,ys78,G03,T1,D2,0.0
E4_T1_G04_D1,genomic_ampli_enas_20260313,genomic_ampli_enas_20260313.csv,enAsCas12a,,E4,RPR1,No,ys78,G04,T1,D1,0.0
E4_T1_G04_D2,genomic_ampli_enas_20260313,genomic_ampli_enas_20260313.csv,enAsCas12a,,E4,RPR1,No,ys78,G04,T1,D2,0.0
E4_T1_G05_D1,genomic_ampli_enas_20260313,genomic_ampli_enas_20260313.csv,enAsCas12a,,E4,RPR1,No,ys78,G05,T1,D1,0.0
E4_T1_G05_D2,genomic_ampli_enas_20260313,genomic_ampli_enas_20260313.csv,enAsCas12a,,E4,RPR1,No,ys78,G05,T1,D2,0.0
E4_T1_G06_D1,editing_window_all_variants_20260122,editing_window_all_variants_20260122.csv,enAsCas12a,,E4,RPR1,No,ys78,G06,T1,D1,0.0
E4_T1_G06_D1,genomic_ampli_enas_20260313,genomic_ampli_enas_20260313.csv,enAsCas12a,,E4,RPR1,No,ys78,G06,T1,D1,0.0
E4_T1_G06_D2,editing_window_all_variants_20260122,editing_window_all_variants_20260122.csv,enAsCas12a,,E4,RPR1,No,ys78,G06,T1,D2,0.0
E4_T1_G06_D2,genomic_ampli_enas_20260313,genomic_ampli_enas_20260313.csv,enAsCas12a,,E4,RPR1,No,ys78,G06,T1,D2,0.0
E4_T1_G07_D1,genomic_ampli_enas_20260313,genomic_ampli_enas_20260313.csv,enAsCas12a,,E4,RPR1,No,ys78,G07,T1,D1,0.0
E4_T1_G07_D2,genomic_ampli_enas_20260313,genomic_ampli_enas_20260313.csv,enAsCas12a,,E4,RPR1,No,ys78,G07,T1,D2,0.0
E4_T1_G08_D1,genomic_ampli_enas_20260313,genomic_ampli_enas_20260313.csv,enAsCas12a,,E4,RPR1,No,ys78,G08,T1,D1,0.0
E4_T1_G08_D2,genomic_ampli_enas_20260313,genomic_ampli_enas_20260313.csv,enAsCas12a,,E4,RPR1,No,ys78,G08,T1,D2,0.0
E4_T1_G09_D1,genomic_ampli_enas_20260313,genomic_ampli_enas_20260313.csv,enAsCas12a,,E4,RPR1,No,ys78,G09,T1,D1,0.0
E4_T1_G09_D2,genomic_ampli_enas_20260313,genomic_ampli_enas_20260313.csv,enAsCas12a,,E4,RPR1,No,ys78,G09,T1,D2,0.0
E4_T1_G10_D1,genomic_ampli_enas_20260313,genomic_ampli_enas_20260313.csv,enAsCas12a,,E4,RPR1,No,ys78,G10,T1,D1,0.0
E4_T1_G10_D2,genomic_ampli_enas_20260313,genomic_ampli_enas_20260313.csv,enAsCas12a,,E4,RPR1,No,ys78,G10,T1,D2,0.0
E4_T1_G11_D1,genomic_ampli_enas_20260313,genomic_ampli_enas_20260313.csv,enAsCas12a,,E4,RPR1,No,ys78,G11,T1,D1,0.0
E4_T1_G11_D2,genomic_ampli_enas_20260313,genomic_ampli_enas_20260313.csv,enAsCas12a,,E4,RPR1,No,ys78,G11,T1,D2,0.0
E4_T1_G12_D1,genomic_ampli_enas_20260313,genomic_ampli_enas_20260313.csv,enAsCas12a,,E4,RPR1,No,ys78,G12,T1,D1,0.0
E4_T1_G12_D2,genomic_ampli_enas_20260313,genomic_ampli_enas_20260313.csv,enAsCas12a,,E4,RPR1,No,ys78,G12,T1,D2,0.0
E4_T2_G01_D1,genomic_ampli_enas_20260313,genomic_ampli_enas_20260313.csv,enAsCas12a,,E4,RPR1,No,ys78,G01,T2,D1,5.325990769
E4_T2_G01_D2,genomic_ampli_enas_20260313,genomic_ampli_enas_20260313.csv,enAsCas12a,,E4,RPR1,No,ys78,G01,T2,D2,4.909556156
E4_T2_G02_D1,genomic_ampli_enas_20260313,genomic_ampli_enas_20260313.csv,enAsCas12a,,E4,RPR1,No,ys78,G02,T2,D1,5.404213755
E4_T2_G02_D2,genomic_ampli_enas_20260313,genomic_ampli_enas_20260313.csv,enAsCas12a,,E4,RPR1,No,ys78,G02,T2,D2,5.680538157
E4_T2_G03_D1,genomic_ampli_enas_20260313,genomic_ampli_enas_20260313.csv,enAsCas12a,,E4,RPR1,No,ys78,G03,T2,D1,5.082653204
E4_T2_G03_D2,genomic_ampli_enas_20260313,genomic_ampli_enas_20260313.csv,enAsCas12a,,E4,RPR1,No,ys78,G03,T2,D2,5.320237709
E4_T2_G04_D1,genomic_ampli_enas_20260313,genomic_ampli_enas_20260313.csv,enAsCas12a,,E4,RPR1,No,ys78,G04,T2,D1,5.724323828
E4_T2_G04_D2,genomic_ampli_enas_20260313,genomic_ampli_enas_20260313.csv,enAsCas12a,,E4,RPR1,No,ys78,G04,T2,D2,5.514128574
E4_T2_G05_D1,genomic_ampli_enas_20260313,genomic_ampli_enas_20260313.csv,enAsCas12a,,E4,RPR1,No,ys78,G05,T2,D1,5.801094489
E4_T2_G05_D2,genomic_ampli_enas_20260313,genomic_ampli_enas_20260313.csv,enAsCas12a,,E4,RPR1,No,ys78,G05,T2,D2,5.519159416
E4_T2_G06_D1,editing_window_all_variants_20260122,editing_window_all_variants_20260122.csv,enAsCas12a,,E4,RPR1,No,ys78,G06,T2,D1,5.181159812
E4_T2_G06_D1,genomic_ampli_enas_20260313,genomic_ampli_enas_20260313.csv,enAsCas12a,,E4,RPR1,No,ys78,G06,T2,D1,5.181159812
E4_T2_G06_D2,editing_window_all_variants_20260122,editing_window_all_variants_20260122.csv,enAsCas12a,,E4,RPR1,No,ys78,G06,T2,D2,6.39802674
E4_T2_G06_D2,genomic_ampli_enas_20260313,genomic_ampli_enas_20260313.csv,enAsCas12a,,E4,RPR1,No,ys78,G06,T2,D2,6.39802674
E4_T2_G07_D1,genomic_ampli_enas_20260313,genomic_ampli_enas_20260313.csv,enAsCas12a,,E4,RPR1,No,ys78,G07,T2,D1,6.728520817
E4_T2_G07_D2,genomic_ampli_enas_20260313,genomic_ampli_enas_20260313.csv,enAsCas12a,,E4,RPR1,No,ys78,G07,T2,D2,6.35927728
E4_T2_G08_D1,genomic_ampli_enas_20260313,genomic_ampli_enas_20260313.csv,enAsCas12a,,E4,RPR1,No,ys78,G08,T2,D1,6.708840551
E4_T2_G08_D2,genomic_ampli_enas_20260313,genomic_ampli_enas_20260313.csv,enAsCas12a,,E4,RPR1,No,ys78,G08,T2,D2,6.750077455
E4_T2_G09_D1,genomic_ampli_enas_20260313,genomic_ampli_enas_20260313.csv,enAsCas12a,,E4,RPR1,No,ys78,G09,T2,D1,6.333805826
E4_T2_G09_D2,genomic_ampli_enas_20260313,genomic_ampli_enas_20260313.csv,enAsCas12a,,E4,RPR1,No,ys78,G09,T2,D2,6.553229623
E4_T2_G10_D1,genomic_ampli_enas_20260313,genomic_ampli_enas_20260313.csv,enAsCas12a,,E4,RPR1,No,ys78,G10,T2,D1,5.553892507
E4_T2_G10_D2,genomic_ampli_enas_20260313,genomic_ampli_enas_20260313.csv,enAsCas12a,,E4,RPR1,No,ys78,G10,T2,D2,6.719807159
E4_T2_G11_D1,genomic_ampli_enas_20260313,genomic_ampli_enas_20260313.csv,enAsCas12a,,E4,RPR1,No,ys78,G11,T2,D1,6.001324868
E4_T2_G11_D2,genomic_ampli_enas_20260313,genomic_ampli_enas_20260313.csv,enAsCas12a,,E4,RPR1,No,ys78,G11,T2,D2,6.523496092
E4_T2_G12_D1,genomic_ampli_enas_20260313,genomic_ampli_enas_20260313.csv,enAsCas12a,,E4,RPR1,No,ys78,G12,T2,D1,3.956822416
E4_T2_G12_D2,genomic_ampli_enas_20260313,genomic_ampli_enas_20260313.csv,enAsCas12a,,E4,RPR1,No,ys78,G12,T2,D2,4.286824976
E4_T3_G01_D1,genomic_ampli_enas_20260313,genomic_ampli_enas_20260313.csv,enAsCas12a,,E4,RPR1,No,ys78,G01,T3,D1,12.8226129
E4_T3_G01_D2,genomic_ampli_enas_20260313,genomic_ampli_enas_20260313.csv,enAsCas12a,,E4,RPR1,No,ys78,G01,T3,D2,12.46612904
E4_T3_G02_D1,genomic_ampli_enas_20260313,genomic_ampli_enas_20260313.csv,enAsCas12a,,E4,RPR1,No,ys78,G02,T3,D1,11.60030771
E4_T3_G02_D2,genomic_ampli_enas_20260313,genomic_ampli_enas_20260313.csv,enAsCas12a,,E4,RPR1,No,ys78,G02,T3,D2,12.18640242
E4_T3_G03_D1,genomic_ampli_enas_20260313,genomic_ampli_enas_20260313.csv,enAsCas12a,,E4,RPR1,No,ys78,G03,T3,D1,12.40172157
E4_T3_G03_D2,genomic_ampli_enas_20260313,genomic_ampli_enas_20260313.csv,enAsCas12a,,E4,RPR1,No,ys78,G03,T3,D2,12.77020311
E4_T3_G04_D1,genomic_ampli_enas_20260313,genomic_ampli_enas_20260313.csv,enAsCas12a,,E4,RPR1,No,ys78,G04,T3,D1,13.42624515
E4_T3_G04_D2,genomic_ampli_enas_20260313,genomic_ampli_enas_20260313.csv,enAsCas12a,,E4,RPR1,No,ys78,G04,T3,D2,13.2914728
E4_T3_G05_D1,genomic_ampli_enas_20260313,genomic_ampli_enas_20260313.csv,enAsCas12a,,E4,RPR1,No,ys78,G05,T3,D1,13.32174585
E4_T3_G05_D2,genomic_ampli_enas_20260313,genomic_ampli_enas_20260313.csv,enAsCas12a,,E4,RPR1,No,ys78,G05,T3,D2,13.10839108
E4_T3_G06_D1,editing_window_all_variants_20260122,editing_window_all_variants_20260122.csv,enAsCas12a,,E4,RPR1,No,ys78,G06,T3,D1,12.63112522
E4_T3_G06_D1,genomic_ampli_enas_20260313,genomic_ampli_enas_20260313.csv,enAsCas12a,,E4,RPR1,No,ys78,G06,T3,D1,12.63112522
E4_T3_G06_D2,editing_window_all_variants_20260122,editing_window_all_variants_20260122.csv,enAsCas12a,,E4,RPR1,No,ys78,G06,T3,D2,13.98964842
E4_T3_G06_D2,genomic_ampli_enas_20260313,genomic_ampli_enas_20260313.csv,enAsCas12a,,E4,RPR1,No,ys78,G06,T3,D2,13.98964842
E4_T3_G07_D1,genomic_ampli_enas_20260313,genomic_ampli_enas_20260313.csv,enAsCas12a,,E4,RPR1,No,ys78,G07,T3,D1,14.39913317
E4_T3_G07_D2,genomic_ampli_enas_20260313,genomic_ampli_enas_20260313.csv,enAsCas12a,,E4,RPR1,No,ys78,G07,T3,D2,14.00019575
E4_T3_G08_D1,genomic_ampli_enas_20260313,genomic_ampli_enas_20260313.csv,enAsCas12a,,E4,RPR1,No,ys78,G08,T3,D1,14.29926772
E4_T3_G08_D2,genomic_ampli_enas_20260313,genomic_ampli_enas_20260313.csv,enAsCas12a,,E4,RPR1,No,ys78,G08,T3,D2,14.38753005
E4_T3_G09_D1,genomic_ampli_enas_20260313,genomic_ampli_enas_20260313.csv,enAsCas12a,,E4,RPR1,No,ys78,G09,T3,D1,14.02907505
E4_T3_G09_D2,genomic_ampli_enas_20260313,genomic_ampli_enas_20260313.csv,enAsCas12a,,E4,RPR1,No,ys78,G09,T3,D2,14.17790228
E4_T3_G10_D1,genomic_ampli_enas_20260313,genomic_ampli_enas_20260313.csv,enAsCas12a,,E4,RPR1,No,ys78,G10,T3,D1,13.200569
E4_T3_G10_D2,genomic_ampli_enas_20260313,genomic_ampli_enas_20260313.csv,enAsCas12a,,E4,RPR1,No,ys78,G10,T3,D2,14.32213516
E4_T3_G11_D1,genomic_ampli_enas_20260313,genomic_ampli_enas_20260313.csv,enAsCas12a,,E4,RPR1,No,ys78,G11,T3,D1,13.7543196
E4_T3_G11_D2,genomic_ampli_enas_20260313,genomic_ampli_enas_20260313.csv,enAsCas12a,,E4,RPR1,No,ys78,G11,T3,D2,14.22541742
E4_T3_G12_D1,genomic_ampli_enas_20260313,genomic_ampli_enas_20260313.csv,enAsCas12a,,E4,RPR1,No,ys78,G12,T3,D1,11.08480037
E4_T3_G12_D2,genomic_ampli_enas_20260313,genomic_ampli_enas_20260313.csv,enAsCas12a,,E4,RPR1,No,ys78,G12,T3,D2,11.95177423
