guide,promoter,recruit,timepoint,avg_value,condition_label,well_position
G01,RPR1,LexA-FHA,scraped,1.114929121530625,RPR1 + LexA-FHA,G01
G01,RPR1,LexA-FHA,6_gen,3.1307598403372348,RPR1 + LexA-FHA,G01
G01,RPR1,LexA-FHA,12_gen,4.32443931951676,RPR1 + LexA-FHA,G01
G01,RPR1,No,scraped,0.8496074474957265,RPR1 + No,G01
G01,RPR1,No,6_gen,3.1070111939334453,RPR1 + No,G01
G01,RPR1,No,12_gen,4.79918551408343,RPR1 + No,G01
G01,SNR52,LexA-FHA,scraped,1.5322860034576649,SNR52 + LexA-FHA,G01
G01,SNR52,LexA-FHA,6_gen,5.3370783749951745,SNR52 + LexA-FHA,G01
G01,SNR52,LexA-FHA,12_gen,10.6352629559109,SNR52 + LexA-FHA,G01
G01,SNR52,No,scraped,0.592850130998836,SNR52 + No,G01
G01,SNR52,No,6_gen,2.633530091670075,SNR52 + No,G01
G01,SNR52,No,12_gen,6.766354224410225,SNR52 + No,G01
G02,RPR1,LexA-FHA,scraped,6.638049758648955,RPR1 + LexA-FHA,G02
G02,RPR1,LexA-FHA,6_gen,20.55201481400075,RPR1 + LexA-FHA,G02
G02,RPR1,LexA-FHA,12_gen,25.99015881594955,RPR1 + LexA-FHA,G02
G02,RPR1,No,scraped,1.3819703579374298,RPR1 + No,G02
G02,RPR1,No,6_gen,11.17777609383155,RPR1 + No,G02
G02,RPR1,No,12_gen,14.88620263526525,RPR1 + No,G02
G02,SNR52,LexA-FHA,scraped,9.18669339236003,SNR52 + LexA-FHA,G02
G02,SNR52,LexA-FHA,6_gen,30.734214814352548,SNR52 + LexA-FHA,G02
G02,SNR52,LexA-FHA,12_gen,41.3186391027122,SNR52 + LexA-FHA,G02
G02,SNR52,No,scraped,1.89791561379121,SNR52 + No,G02
G02,SNR52,No,6_gen,17.37129337592755,SNR52 + No,G02
G02,SNR52,No,12_gen,23.0030417771999,SNR52 + No,G02
G03,RPR1,LexA-FHA,scraped,38.1812102849265,RPR1 + LexA-FHA,G03
G03,RPR1,LexA-FHA,6_gen,75.5000485811437,RPR1 + LexA-FHA,G03
G03,RPR1,LexA-FHA,12_gen,86.09765167988745,RPR1 + LexA-FHA,G03
G03,RPR1,No,scraped,14.29295025107595,RPR1 + No,G03
G03,RPR1,No,6_gen,64.5006138841807,RPR1 + No,G03
G03,RPR1,No,12_gen,82.7729320005621,RPR1 + No,G03
G03,SNR52,LexA-FHA,scraped,49.891559454191295,SNR52 + LexA-FHA,G03
G03,SNR52,LexA-FHA,6_gen,88.66396504204135,SNR52 + LexA-FHA,G03
G03,SNR52,LexA-FHA,12_gen,97.08292586698965,SNR52 + LexA-FHA,G03
G03,SNR52,No,scraped,19.80213562379825,SNR52 + No,G03
G03,SNR52,No,6_gen,81.75909107830685,SNR52 + No,G03
G03,SNR52,No,12_gen,96.16006520696925,SNR52 + No,G03
G04,RPR1,LexA-FHA,scraped,0.0538331173362575,RPR1 + LexA-FHA,G04
G04,RPR1,LexA-FHA,6_gen,0.256232510434695,RPR1 + LexA-FHA,G04
G04,RPR1,LexA-FHA,12_gen,0.30405245214278354,RPR1 + LexA-FHA,G04
G04,RPR1,No,scraped,0.2371611931614015,RPR1 + No,G04
G04,RPR1,No,6_gen,0.6481313672399245,RPR1 + No,G04
G04,RPR1,No,12_gen,0.8143026512853275,RPR1 + No,G04
G04,SNR52,LexA-FHA,scraped,6.399494646993075,SNR52 + LexA-FHA,G04
G04,SNR52,LexA-FHA,6_gen,21.540896258444448,SNR52 + LexA-FHA,G04
G04,SNR52,LexA-FHA,12_gen,36.07608398121235,SNR52 + LexA-FHA,G04
G04,SNR52,No,scraped,1.6240810641639252,SNR52 + No,G04
G04,SNR52,No,6_gen,7.4954080148329805,SNR52 + No,G04
G04,SNR52,No,12_gen,12.554143149017465,SNR52 + No,G04
G05,RPR1,LexA-FHA,scraped,7.761203640646265,RPR1 + LexA-FHA,G05
G05,RPR1,LexA-FHA,6_gen,24.128348110487202,RPR1 + LexA-FHA,G05
G05,RPR1,LexA-FHA,12_gen,29.6476638904671,RPR1 + LexA-FHA,G05
G05,RPR1,No,scraped,4.082519498567455,RPR1 + No,G05
G05,RPR1,No,6_gen,18.061303866287247,RPR1 + No,G05
G05,RPR1,No,12_gen,25.430863981350647,RPR1 + No,G05
G05,SNR52,LexA-FHA,scraped,11.3275019960297,SNR52 + LexA-FHA,G05
G05,SNR52,LexA-FHA,6_gen,40.86678130452245,SNR52 + LexA-FHA,G05
G05,SNR52,LexA-FHA,12_gen,59.32922576224335,SNR52 + LexA-FHA,G05
G05,SNR52,No,scraped,3.18712586871142,SNR52 + No,G05
G05,SNR52,No,6_gen,15.5694884338563,SNR52 + No,G05
G05,SNR52,No,12_gen,34.12798443735895,SNR52 + No,G05
G06,RPR1,LexA-FHA,scraped,41.240107818576,RPR1 + LexA-FHA,G06
G06,RPR1,LexA-FHA,6_gen,64.1968951839961,RPR1 + LexA-FHA,G06
G06,RPR1,LexA-FHA,12_gen,69.40991425795475,RPR1 + LexA-FHA,G06
G06,RPR1,No,scraped,13.274615556642,RPR1 + No,G06
G06,RPR1,No,6_gen,70.2906422373252,RPR1 + No,G06
G06,RPR1,No,12_gen,72.5130162322942,RPR1 + No,G06
G06,SNR52,LexA-FHA,scraped,41.1548841817476,SNR52 + LexA-FHA,G06
G06,SNR52,LexA-FHA,6_gen,88.5493272851009,SNR52 + LexA-FHA,G06
G06,SNR52,LexA-FHA,12_gen,98.34605924872776,SNR52 + LexA-FHA,G06
G06,SNR52,No,scraped,9.001021285515925,SNR52 + No,G06
G06,SNR52,No,6_gen,89.70238440989274,SNR52 + No,G06
G06,SNR52,No,12_gen,98.1459898993302,SNR52 + No,G06
G07,RPR1,LexA-FHA,scraped,99.47787032981151,RPR1 + LexA-FHA,G07
G07,RPR1,LexA-FHA,6_gen,99.6883667997315,RPR1 + LexA-FHA,G07
G07,RPR1,LexA-FHA,12_gen,99.68184834743414,RPR1 + LexA-FHA,G07
G07,RPR1,No,scraped,95.8454210885638,RPR1 + No,G07
G07,RPR1,No,6_gen,96.91206589887804,RPR1 + No,G07
G07,RPR1,No,12_gen,97.46344676652146,RPR1 + No,G07
G07,SNR52,LexA-FHA,scraped,99.5751450720298,SNR52 + LexA-FHA,G07
G07,SNR52,LexA-FHA,6_gen,99.66031822158081,SNR52 + LexA-FHA,G07
G07,SNR52,LexA-FHA,12_gen,99.7156781400618,SNR52 + LexA-FHA,G07
G07,SNR52,No,scraped,99.1997146846457,SNR52 + No,G07
G07,SNR52,No,6_gen,99.52164271330079,SNR52 + No,G07
G07,SNR52,No,12_gen,99.52399690068626,SNR52 + No,G07
G08,RPR1,LexA-FHA,scraped,99.76282270881731,RPR1 + LexA-FHA,G08
G08,RPR1,LexA-FHA,6_gen,99.84224787761386,RPR1 + LexA-FHA,G08
G08,RPR1,LexA-FHA,12_gen,99.83228267951799,RPR1 + LexA-FHA,G08
G08,RPR1,No,scraped,98.80230564650509,RPR1 + No,G08
G08,RPR1,No,6_gen,98.90135582745995,RPR1 + No,G08
G08,RPR1,No,12_gen,98.9555796542958,RPR1 + No,G08
G08,SNR52,LexA-FHA,scraped,99.7461047533241,SNR52 + LexA-FHA,G08
G08,SNR52,LexA-FHA,6_gen,99.7207856363101,SNR52 + LexA-FHA,G08
G08,SNR52,LexA-FHA,12_gen,99.77399624260485,SNR52 + LexA-FHA,G08
G08,SNR52,No,scraped,99.2706171026621,SNR52 + No,G08
G08,SNR52,No,6_gen,99.4000340017329,SNR52 + No,G08
G08,SNR52,No,12_gen,99.43861072428834,SNR52 + No,G08
G09,RPR1,LexA-FHA,scraped,97.4862577461488,RPR1 + LexA-FHA,G09
G09,RPR1,LexA-FHA,6_gen,98.9222686811329,RPR1 + LexA-FHA,G09
G09,RPR1,LexA-FHA,12_gen,98.51639477987786,RPR1 + LexA-FHA,G09
G09,RPR1,No,scraped,96.5390514936633,RPR1 + No,G09
G09,RPR1,No,6_gen,96.93871426339581,RPR1 + No,G09
G09,RPR1,No,12_gen,96.82262810639975,RPR1 + No,G09
G09,SNR52,LexA-FHA,scraped,78.67834680251676,SNR52 + LexA-FHA,G09
G09,SNR52,LexA-FHA,6_gen,97.12910120776705,SNR52 + LexA-FHA,G09
G09,SNR52,LexA-FHA,12_gen,98.66724278671614,SNR52 + LexA-FHA,G09
G09,SNR52,No,scraped,68.68979857936259,SNR52 + No,G09
G09,SNR52,No,6_gen,97.8807908279379,SNR52 + No,G09
G09,SNR52,No,12_gen,98.4487034708392,SNR52 + No,G09
G10,RPR1,LexA-FHA,scraped,91.03772983074751,RPR1 + LexA-FHA,G10
G10,RPR1,LexA-FHA,6_gen,91.7648311112831,RPR1 + LexA-FHA,G10
G10,RPR1,LexA-FHA,12_gen,92.27969182179456,RPR1 + LexA-FHA,G10
G10,RPR1,No,scraped,80.11205443416925,RPR1 + No,G10
G10,RPR1,No,6_gen,79.38139311813686,RPR1 + No,G10
G10,RPR1,No,12_gen,78.04176474002361,RPR1 + No,G10
G10,SNR52,LexA-FHA,scraped,91.20603174706474,SNR52 + LexA-FHA,G10
G10,SNR52,LexA-FHA,6_gen,92.04533232109625,SNR52 + LexA-FHA,G10
G10,SNR52,LexA-FHA,12_gen,92.70712724694431,SNR52 + LexA-FHA,G10
G10,SNR52,No,scraped,88.97498024434415,SNR52 + No,G10
G10,SNR52,No,6_gen,89.73780750816846,SNR52 + No,G10
G10,SNR52,No,12_gen,90.639305642859,SNR52 + No,G10
G11,RPR1,LexA-FHA,scraped,99.2656586305653,RPR1 + LexA-FHA,G11
G11,RPR1,LexA-FHA,6_gen,99.5123547531393,RPR1 + LexA-FHA,G11
G11,RPR1,LexA-FHA,12_gen,99.57760183383596,RPR1 + LexA-FHA,G11
G11,RPR1,No,scraped,98.70379541076765,RPR1 + No,G11
G11,RPR1,No,6_gen,99.3734727876184,RPR1 + No,G11
G11,RPR1,No,12_gen,99.35406389370524,RPR1 + No,G11
G11,SNR52,LexA-FHA,scraped,99.2062710385996,SNR52 + LexA-FHA,G11
G11,SNR52,LexA-FHA,6_gen,99.503552025602,SNR52 + LexA-FHA,G11
G11,SNR52,LexA-FHA,12_gen,99.48259828744145,SNR52 + LexA-FHA,G11
G11,SNR52,No,scraped,98.4729202505313,SNR52 + No,G11
G11,SNR52,No,6_gen,98.9455983442898,SNR52 + No,G11
G11,SNR52,No,12_gen,98.7664575151208,SNR52 + No,G11
G12,RPR1,LexA-FHA,scraped,75.52182864968955,RPR1 + LexA-FHA,G12
G12,RPR1,LexA-FHA,6_gen,98.03890986356325,RPR1 + LexA-FHA,G12
G12,RPR1,LexA-FHA,12_gen,98.67114575353429,RPR1 + LexA-FHA,G12
G12,RPR1,No,scraped,25.3513083536792,RPR1 + No,G12
G12,RPR1,No,6_gen,71.7106285219927,RPR1 + No,G12
G12,RPR1,No,12_gen,61.02317159382475,RPR1 + No,G12
G12,SNR52,LexA-FHA,scraped,97.22479483659609,SNR52 + LexA-FHA,G12
G12,SNR52,LexA-FHA,6_gen,99.13100897990925,SNR52 + LexA-FHA,G12
G12,SNR52,LexA-FHA,12_gen,99.2108518892247,SNR52 + LexA-FHA,G12
G12,SNR52,No,scraped,91.78976023748456,SNR52 + No,G12
G12,SNR52,No,6_gen,98.3945097560466,SNR52 + No,G12
G12,SNR52,No,12_gen,98.11650031632365,SNR52 + No,G12
