"full_pam_5mer","total_guides","successful_guides","total_assayed_colonies","edited_colonies","design_success_rate","design_success_lower","design_success_upper","colony_edit_rate","colony_edit_lower","colony_edit_upper"
"ATTTA",44,35,66,46,0.795454545454545,0.654994219388983,0.888467469299187,0.696969696969697,0.577811930544557,0.794459789419805
"ATTTC",36,27,56,38,0.75,0.589295462332717,0.862495223370052,0.678571428571429,0.548226399097385,0.785990052074485
"ATTTG",54,30,80,36,0.555555555555556,0.423756465267753,0.679975358277704,0.45,0.345776891847112,0.558804921106441
"CTTTA",38,23,61,31,0.605263157894737,0.447178679960425,0.744019242518399,0.508196721311475,0.386026184910912,0.62939604676289
"CTTTC",34,27,54,40,0.794117647058823,0.632016119488364,0.896504731009681,0.740740740740741,0.610691094957183,0.838813473739793
"CTTTG",41,17,68,25,0.414634146341463,0.277565494542521,0.566328968659699,0.367647058823529,0.263004651352357,0.486443643608838
"GTTTA",28,18,45,30,0.642857142857143,0.458303065144278,0.792941704922623,0.666666666666667,0.520704883099004,0.7864112506567
"GTTTC",27,24,43,36,0.888888888888889,0.719421991817202,0.961479651716902,0.837209302325581,0.700275941062528,0.91883372652938
"GTTTG",22,15,38,20,0.681818181818182,0.473185977410428,0.836394068186438,0.526315789473684,0.372589713844967,0.675209766774739
"TTTTA",57,45,88,62,0.789473684210526,0.667138789168095,0.875254516969654,0.704545454545455,0.602288435833285,0.789691400531077
"TTTTC",60,53,93,74,0.883333333333333,0.778212119758291,0.94232279359944,0.795698924731183,0.702814997067278,0.865123576656965
"TTTTG",89,58,141,78,0.651685393258427,0.548293179663643,0.742525171781539,0.553191489361702,0.470802945074666,0.632758563640661
