"pam","pam_dist_bin","total_guides","successful_guides","total_assayed_colonies","edited_colonies","design_success_rate","design_success_lower","design_success_upper","colony_edit_rate","colony_edit_lower","colony_edit_upper"
"TTTA","1-6",52,43,88,66,0.826923076923077,0.702691358755192,0.906175256086898,0.75,0.650369700439879,0.828716766227675
"TTTA","7-11",34,25,50,33,0.735294117647059,0.568828587170554,0.853988093227883,0.66,0.521538260502326,0.775630507774999
"TTTA","12-17",37,28,54,37,0.756756756756757,0.598827078785574,0.866386470108836,0.685185185185185,0.552565551752049,0.793207193399471
"TTTA","18-23",21,10,33,15,0.476190476190476,0.283440061015342,0.676304654171556,0.454545454545455,0.298429385138761,0.620140614637825
"TTTA","PAM",23,15,35,18,0.652173913043478,0.44890335377263,0.811887240612023,0.514285714285714,0.355688045958686,0.670057639974903
"TTTC","1-6",50,46,77,64,0.92,0.811617530816572,0.968450485911407,0.831168831168831,0.732271106700888,0.89859331291724
"TTTC","7-11",25,21,43,36,0.84,0.653463783928211,0.935965485433236,0.837209302325581,0.700275941062528,0.91883372652938
"TTTC","12-17",48,41,78,59,0.854166666666667,0.728328234752537,0.927517506733963,0.756410256410256,0.650602226309906,0.838147614863327
"TTTC","18-23",13,7,18,10,0.538461538461538,0.29143795714506,0.767939321904617,0.555555555555556,0.337164156420428,0.754404818729944
"TTTC","PAM",21,16,30,19,0.761904761904762,0.549088263170493,0.893719869773635,0.633333333333333,0.455135636547949,0.781260791938993
"TTTG","1-6",60,36,94,45,0.6,0.473660534920408,0.714305094651174,0.478723404255319,0.380571681468401,0.578545853692942
"TTTG","7-11",40,28,63,38,0.7,0.545699811818551,0.819251547702535,0.603174603174603,0.479809185116574,0.714680884809535
"TTTG","12-17",55,35,90,50,0.636363636363636,0.504227614998413,0.750694684696927,0.555555555555556,0.452719264559597,0.653843443711034
"TTTG","18-23",33,12,52,16,0.363636363636364,0.221871782352424,0.533838216977336,0.307692307692308,0.19914727949289,0.442695888247057
"TTTG","PAM",18,9,28,10,0.5,0.2903102150517,0.7096897849483,0.357142857142857,0.207058295077377,0.541696934855722
